scope,branch,method,seed,status,run_dir,result_path,prediction_path,status_paths,status_values,reported_rmse,reported_nll,reported_coverage90,recomputed_rmse,recomputed_nll,recomputed_coverage90,rmse_absolute_difference,nll_absolute_difference,coverage90_absolute_difference,issues
long,batch,export_official_stvgp_protocol,0,missing,official_protocol/task1_10/seed0,,,,,,,,,,,,,,missing_manifest_job_artifacts:shared_batch_short.jsonl
long,batch,export_official_stvgp_protocol,1,missing,official_protocol/task1_10/seed1,,,,,,,,,,,,,,missing_manifest_job_artifacts:shared_batch_short.jsonl
long,batch,export_official_stvgp_protocol,2,missing,official_protocol/task1_10/seed2,,,,,,,,,,,,,,missing_manifest_job_artifacts:shared_batch_short.jsonl
long,batch,export_official_stvgp_protocol,3,missing,official_protocol/task1_10/seed3,,,,,,,,,,,,,,missing_manifest_job_artifacts:shared_batch_short.jsonl
long,batch,export_official_stvgp_protocol,4,missing,official_protocol/task1_10/seed4,,,,,,,,,,,,,,missing_manifest_job_artifacts:shared_batch_short.jsonl
long,batch,official_st_svgp_ms128,0,missing,runs/task1_10/batch/official_st_svgp_ms128/seed0,,,,,,,,,,,,,,missing_manifest_job_artifacts:official_long_full.jsonl
long,batch,official_st_svgp_ms128,1,missing,runs/task1_10/batch/official_st_svgp_ms128/seed1,,,,,,,,,,,,,,missing_manifest_job_artifacts:official_long_full.jsonl
long,batch,official_st_svgp_ms128,2,missing,runs/task1_10/batch/official_st_svgp_ms128/seed2,,,,,,,,,,,,,,missing_manifest_job_artifacts:official_long_full.jsonl
long,batch,official_st_svgp_ms128,3,missing,runs/task1_10/batch/official_st_svgp_ms128/seed3,,,,,,,,,,,,,,missing_manifest_job_artifacts:official_long_full.jsonl
long,batch,official_st_svgp_ms128,4,missing,runs/task1_10/batch/official_st_svgp_ms128/seed4,,,,,,,,,,,,,,missing_manifest_job_artifacts:official_long_full.jsonl
long,batch,official_st_svgp_ms64,0,missing,runs/task1_10/batch/official_st_svgp_ms64/seed0,,,,,,,,,,,,,,missing_manifest_job_artifacts:official_long_full.jsonl
long,batch,official_st_svgp_ms64,1,missing,runs/task1_10/batch/official_st_svgp_ms64/seed1,,,,,,,,,,,,,,missing_manifest_job_artifacts:official_long_full.jsonl
long,batch,official_st_svgp_ms64,2,missing,runs/task1_10/batch/official_st_svgp_ms64/seed2,,,,,,,,,,,,,,missing_manifest_job_artifacts:official_long_full.jsonl
long,batch,official_st_svgp_ms64,3,missing,runs/task1_10/batch/official_st_svgp_ms64/seed3,,,,,,,,,,,,,,missing_manifest_job_artifacts:official_long_full.jsonl
long,batch,official_st_svgp_ms64,4,missing,runs/task1_10/batch/official_st_svgp_ms64/seed4,,,,,,,,,,,,,,missing_manifest_job_artifacts:official_long_full.jsonl
long,batch,official_st_vgp_full,0,missing,runs/task1_10/batch/official_st_vgp_full/seed0,,,,,,,,,,,,,,missing_manifest_job_artifacts:official_long_full.jsonl
long,batch,official_st_vgp_full,1,missing,runs/task1_10/batch/official_st_vgp_full/seed1,,,,,,,,,,,,,,missing_manifest_job_artifacts:official_long_full.jsonl
long,batch,official_st_vgp_full,2,missing,runs/task1_10/batch/official_st_vgp_full/seed2,,,,,,,,,,,,,,missing_manifest_job_artifacts:official_long_full.jsonl
long,batch,official_st_vgp_full,3,missing,runs/task1_10/batch/official_st_vgp_full/seed3,,,,,,,,,,,,,,missing_manifest_job_artifacts:official_long_full.jsonl
long,batch,official_st_vgp_full,4,missing,runs/task1_10/batch/official_st_vgp_full/seed4,,,,,,,,,,,,,,missing_manifest_job_artifacts:official_long_full.jsonl
long,online,bui_osgpr_mt2_ms64,0,complete,runs/task1_10/online/bui_osgpr_mt2_ms64/seed0,runs/task1_10/online/bui_osgpr_mt2_ms64/seed0/result.json,runs/task1_10/online/bui_osgpr_mt2_ms64/seed0/predictions.npz,runs/task1_10/online/bui_osgpr_mt2_ms64/seed0/status.json,complete,1.0864387673607665,1.7718746576190536,0.7017204301075268,1.0864387673607665,1.7718746576190536,0.7017204301075268,0.0,0.0,0.0,
long,online,bui_osgpr_mt2_ms64,1,complete,runs/task1_10/online/bui_osgpr_mt2_ms64/seed1,runs/task1_10/online/bui_osgpr_mt2_ms64/seed1/result.json,runs/task1_10/online/bui_osgpr_mt2_ms64/seed1/predictions.npz,runs/task1_10/online/bui_osgpr_mt2_ms64/seed1/status.json,complete,1.0486367276884043,1.6395298449156641,0.7437126642771804,1.0486367276884043,1.6395298449156641,0.7437126642771804,0.0,0.0,0.0,
long,online,bui_osgpr_mt2_ms64,2,complete,runs/task1_10/online/bui_osgpr_mt2_ms64/seed2,runs/task1_10/online/bui_osgpr_mt2_ms64/seed2/result.json,runs/task1_10/online/bui_osgpr_mt2_ms64/seed2/predictions.npz,runs/task1_10/online/bui_osgpr_mt2_ms64/seed2/status.json,complete,1.058815667375059,1.6985312072011216,0.7212455197132617,1.058815667375059,1.6985312072011216,0.7212455197132617,0.0,0.0,0.0,
long,online,bui_osgpr_mt2_ms64,3,complete,runs/task1_10/online/bui_osgpr_mt2_ms64/seed3,runs/task1_10/online/bui_osgpr_mt2_ms64/seed3/result.json,runs/task1_10/online/bui_osgpr_mt2_ms64/seed3/predictions.npz,runs/task1_10/online/bui_osgpr_mt2_ms64/seed3/status.json,complete,1.0726381854236329,1.855977787208403,0.6709856630824372,1.0726381854236329,1.855977787208403,0.6709856630824372,0.0,0.0,0.0,
long,online,bui_osgpr_mt2_ms64,4,complete,runs/task1_10/online/bui_osgpr_mt2_ms64/seed4,runs/task1_10/online/bui_osgpr_mt2_ms64/seed4/result.json,runs/task1_10/online/bui_osgpr_mt2_ms64/seed4/predictions.npz,runs/task1_10/online/bui_osgpr_mt2_ms64/seed4/status.json,complete,1.0691453460844964,1.7447098199165276,0.7037664277180407,1.0691453460844964,1.7447098199165276,0.7037664277180407,0.0,0.0,0.0,
long,online,maddox_streaming_sgpr_mt2_ms64,0,complete,runs/task1_10/online/maddox_streaming_sgpr_mt2_ms64/seed0,runs/task1_10/online/maddox_streaming_sgpr_mt2_ms64/seed0/result.json,runs/task1_10/online/maddox_streaming_sgpr_mt2_ms64/seed0/predictions.npz,runs/task1_10/online/maddox_streaming_sgpr_mt2_ms64/seed0/status.json,complete,0.3166363540417514,0.37345795294636086,0.949226403823178,0.3166363540417514,0.37345795294636086,0.949226403823178,0.0,0.0,0.0,
long,online,maddox_streaming_sgpr_mt2_ms64,1,complete,runs/task1_10/online/maddox_streaming_sgpr_mt2_ms64/seed1,runs/task1_10/online/maddox_streaming_sgpr_mt2_ms64/seed1/result.json,runs/task1_10/online/maddox_streaming_sgpr_mt2_ms64/seed1/predictions.npz,runs/task1_10/online/maddox_streaming_sgpr_mt2_ms64/seed1/status.json,complete,0.29697197951245796,0.3505216355296392,0.9579151732377539,0.29697197951245796,0.3505216355296392,0.9579151732377539,0.0,0.0,0.0,
long,online,maddox_streaming_sgpr_mt2_ms64,2,complete,runs/task1_10/online/maddox_streaming_sgpr_mt2_ms64/seed2,runs/task1_10/online/maddox_streaming_sgpr_mt2_ms64/seed2/result.json,runs/task1_10/online/maddox_streaming_sgpr_mt2_ms64/seed2/predictions.npz,runs/task1_10/online/maddox_streaming_sgpr_mt2_ms64/seed2/status.json,complete,0.31001955767645484,0.36056345240942367,0.9510244922341696,0.31001955767645484,0.36056345240942367,0.9510244922341696,0.0,0.0,0.0,
long,online,maddox_streaming_sgpr_mt2_ms64,3,complete,runs/task1_10/online/maddox_streaming_sgpr_mt2_ms64/seed3,runs/task1_10/online/maddox_streaming_sgpr_mt2_ms64/seed3/result.json,runs/task1_10/online/maddox_streaming_sgpr_mt2_ms64/seed3/predictions.npz,runs/task1_10/online/maddox_streaming_sgpr_mt2_ms64/seed3/status.json,complete,0.309768538707155,0.3403558994775824,0.9493697729988052,0.309768538707155,0.3403558994775824,0.9493697729988052,0.0,0.0,0.0,
long,online,maddox_streaming_sgpr_mt2_ms64,4,complete,runs/task1_10/online/maddox_streaming_sgpr_mt2_ms64/seed4,runs/task1_10/online/maddox_streaming_sgpr_mt2_ms64/seed4/result.json,runs/task1_10/online/maddox_streaming_sgpr_mt2_ms64/seed4/predictions.npz,runs/task1_10/online/maddox_streaming_sgpr_mt2_ms64/seed4/status.json,complete,0.31071146181678855,0.3554050889936272,0.9517353643966547,0.31071146181678855,0.3554050889936272,0.9517353643966547,0.0,0.0,0.0,
long,online,official_ohsvgp_m32_rff128,0,complete,runs/task1_10/online/official_ohsvgp_m32_rff128/seed0,runs/task1_10/online/official_ohsvgp_m32_rff128/seed0/result.json,runs/task1_10/online/official_ohsvgp_m32_rff128/seed0/predictions.npz,runs/task1_10/online/official_ohsvgp_m32_rff128/seed0/status.json,complete,0.7535687012144919,1.1826302271838858,0.8199581839904421,0.7535687012144919,1.1826302271838858,0.8199581839904421,0.0,0.0,0.0,
long,online,official_ohsvgp_m32_rff128,1,complete,runs/task1_10/online/official_ohsvgp_m32_rff128/seed1,runs/task1_10/online/official_ohsvgp_m32_rff128/seed1/result.json,runs/task1_10/online/official_ohsvgp_m32_rff128/seed1/predictions.npz,runs/task1_10/online/official_ohsvgp_m32_rff128/seed1/status.json,complete,0.7227408429627192,1.117608488137116,0.8476732377538829,0.7227408429627192,1.117608488137116,0.8476732377538829,0.0,0.0,0.0,
long,online,official_ohsvgp_m32_rff128,2,complete,runs/task1_10/online/official_ohsvgp_m32_rff128/seed2,runs/task1_10/online/official_ohsvgp_m32_rff128/seed2/result.json,runs/task1_10/online/official_ohsvgp_m32_rff128/seed2/predictions.npz,runs/task1_10/online/official_ohsvgp_m32_rff128/seed2/status.json,complete,0.7251994119031796,1.1243134481063644,0.8414426523297491,0.7251994119031796,1.1243134481063644,0.8414426523297491,0.0,0.0,0.0,
long,online,official_ohsvgp_m32_rff128,3,complete,runs/task1_10/online/official_ohsvgp_m32_rff128/seed3,runs/task1_10/online/official_ohsvgp_m32_rff128/seed3/result.json,runs/task1_10/online/official_ohsvgp_m32_rff128/seed3/predictions.npz,runs/task1_10/online/official_ohsvgp_m32_rff128/seed3/status.json,complete,0.7405994822915622,1.193019911539384,0.8072819593787336,0.7405994822915622,1.193019911539384,0.8072819593787336,0.0,0.0,0.0,
long,online,official_ohsvgp_m32_rff128,4,complete,runs/task1_10/online/official_ohsvgp_m32_rff128/seed4,runs/task1_10/online/official_ohsvgp_m32_rff128/seed4/result.json,runs/task1_10/online/official_ohsvgp_m32_rff128/seed4/predictions.npz,runs/task1_10/online/official_ohsvgp_m32_rff128/seed4/status.json,complete,0.6992162585477828,1.0949129605059442,0.8386678614097969,0.6992162585477828,1.0949129605059442,0.8386678614097969,0.0,0.0,0.0,
long,online,routeb_cumulative_hippo_mt128_ms128,0,complete,runs/task1_10/online/routeb_cumulative_hippo_mt128_ms128/seed0,runs/task1_10/online/routeb_cumulative_hippo_mt128_ms128/seed0/result.json,runs/task1_10/online/routeb_cumulative_hippo_mt128_ms128/seed0/predictions.npz,runs/task1_10/online/routeb_cumulative_hippo_mt128_ms128/seed0/status.json,complete,0.13447342489452202,-0.5110568707502663,0.828405017921147,0.13447342489452202,-0.5110568707502663,0.828405017921147,0.0,0.0,0.0,
long,online,routeb_cumulative_hippo_mt128_ms128,1,complete,runs/task1_10/online/routeb_cumulative_hippo_mt128_ms128/seed1,runs/task1_10/online/routeb_cumulative_hippo_mt128_ms128/seed1/result.json,runs/task1_10/online/routeb_cumulative_hippo_mt128_ms128/seed1/predictions.npz,runs/task1_10/online/routeb_cumulative_hippo_mt128_ms128/seed1/status.json,complete,0.13892088475906825,-0.47782833279629033,0.8247670250896058,0.13892088475906825,-0.47782833279629033,0.8247670250896058,0.0,0.0,0.0,
long,online,routeb_cumulative_hippo_mt128_ms128,2,complete,runs/task1_10/online/routeb_cumulative_hippo_mt128_ms128/seed2,runs/task1_10/online/routeb_cumulative_hippo_mt128_ms128/seed2/result.json,runs/task1_10/online/routeb_cumulative_hippo_mt128_ms128/seed2/predictions.npz,runs/task1_10/online/routeb_cumulative_hippo_mt128_ms128/seed2/status.json,complete,0.13645588436960368,-0.5131330754451241,0.833536439665472,0.13645588436960368,-0.5131330754451241,0.833536439665472,0.0,0.0,0.0,
long,online,routeb_cumulative_hippo_mt128_ms128,3,complete,runs/task1_10/online/routeb_cumulative_hippo_mt128_ms128/seed3,runs/task1_10/online/routeb_cumulative_hippo_mt128_ms128/seed3/result.json,runs/task1_10/online/routeb_cumulative_hippo_mt128_ms128/seed3/predictions.npz,runs/task1_10/online/routeb_cumulative_hippo_mt128_ms128/seed3/status.json,complete,0.13490888073324858,-0.5446639426208082,0.844557945041816,0.13490888073324858,-0.5446639426208082,0.844557945041816,0.0,0.0,0.0,
long,online,routeb_cumulative_hippo_mt128_ms128,4,complete,runs/task1_10/online/routeb_cumulative_hippo_mt128_ms128/seed4,runs/task1_10/online/routeb_cumulative_hippo_mt128_ms128/seed4/result.json,runs/task1_10/online/routeb_cumulative_hippo_mt128_ms128/seed4/predictions.npz,runs/task1_10/online/routeb_cumulative_hippo_mt128_ms128/seed4/status.json,complete,0.14309956234610366,-0.47004256784160486,0.8272520908004779,0.14309956234610366,-0.47004256784160486,0.8272520908004779,0.0,0.0,0.0,
long,online,routeb_cumulative_hippo_mt128_ms64,0,complete,runs/task1_10/online/routeb_cumulative_hippo_mt128_ms64/seed0,runs/task1_10/online/routeb_cumulative_hippo_mt128_ms64/seed0/result.json,runs/task1_10/online/routeb_cumulative_hippo_mt128_ms64/seed0/predictions.npz,runs/task1_10/online/routeb_cumulative_hippo_mt128_ms64/seed0/status.json,complete,0.14895744372758207,-0.4531298342200656,0.87805256869773,0.14895744372758207,-0.4531298342200656,0.87805256869773,0.0,0.0,0.0,
long,online,routeb_cumulative_hippo_mt128_ms64,1,complete,runs/task1_10/online/routeb_cumulative_hippo_mt128_ms64/seed1,runs/task1_10/online/routeb_cumulative_hippo_mt128_ms64/seed1/result.json,runs/task1_10/online/routeb_cumulative_hippo_mt128_ms64/seed1/predictions.npz,runs/task1_10/online/routeb_cumulative_hippo_mt128_ms64/seed1/status.json,complete,0.15378615834561574,-0.42563301054086194,0.8681182795698925,0.15378615834561574,-0.42563301054086194,0.8681182795698925,0.0,0.0,0.0,
long,online,routeb_cumulative_hippo_mt128_ms64,2,complete,runs/task1_10/online/routeb_cumulative_hippo_mt128_ms64/seed2,runs/task1_10/online/routeb_cumulative_hippo_mt128_ms64/seed2/result.json,runs/task1_10/online/routeb_cumulative_hippo_mt128_ms64/seed2/predictions.npz,runs/task1_10/online/routeb_cumulative_hippo_mt128_ms64/seed2/status.json,complete,0.15405151901045858,-0.4280151688116378,0.8687962962962963,0.15405151901045858,-0.4280151688116378,0.8687962962962963,0.0,0.0,0.0,
long,online,routeb_cumulative_hippo_mt128_ms64,3,complete,runs/task1_10/online/routeb_cumulative_hippo_mt128_ms64/seed3,runs/task1_10/online/routeb_cumulative_hippo_mt128_ms64/seed3/result.json,runs/task1_10/online/routeb_cumulative_hippo_mt128_ms64/seed3/predictions.npz,runs/task1_10/online/routeb_cumulative_hippo_mt128_ms64/seed3/status.json,complete,0.15013358877795338,-0.4800946694333764,0.8855167264038232,0.15013358877795338,-0.4800946694333764,0.8855167264038232,0.0,0.0,0.0,
long,online,routeb_cumulative_hippo_mt128_ms64,4,complete,runs/task1_10/online/routeb_cumulative_hippo_mt128_ms64/seed4,runs/task1_10/online/routeb_cumulative_hippo_mt128_ms64/seed4/result.json,runs/task1_10/online/routeb_cumulative_hippo_mt128_ms64/seed4/predictions.npz,runs/task1_10/online/routeb_cumulative_hippo_mt128_ms64/seed4/status.json,complete,0.16141065723799916,-0.39839113235193313,0.8704659498207885,0.16141065723799916,-0.39839113235193313,0.8704659498207885,0.0,0.0,0.0,
long,online,routeb_cumulative_hippo_mt64_ms64,0,complete,runs/task1_10/online/routeb_cumulative_hippo_mt64_ms64/seed0,runs/task1_10/online/routeb_cumulative_hippo_mt64_ms64/seed0/result.json,runs/task1_10/online/routeb_cumulative_hippo_mt64_ms64/seed0/predictions.npz,runs/task1_10/online/routeb_cumulative_hippo_mt64_ms64/seed0/status.json,complete,0.17604330136376561,-0.2589823898337609,0.8426314217443249,0.17604330136376561,-0.2589823898337609,0.8426314217443249,0.0,0.0,0.0,
long,online,routeb_cumulative_hippo_mt64_ms64,1,complete,runs/task1_10/online/routeb_cumulative_hippo_mt64_ms64/seed1,runs/task1_10/online/routeb_cumulative_hippo_mt64_ms64/seed1/result.json,runs/task1_10/online/routeb_cumulative_hippo_mt64_ms64/seed1/predictions.npz,runs/task1_10/online/routeb_cumulative_hippo_mt64_ms64/seed1/status.json,complete,0.18002283810223252,-0.22847126691326736,0.8327747909199522,0.18002283810223252,-0.22847126691326736,0.8327747909199522,0.0,0.0,0.0,
long,online,routeb_cumulative_hippo_mt64_ms64,2,complete,runs/task1_10/online/routeb_cumulative_hippo_mt64_ms64/seed2,runs/task1_10/online/routeb_cumulative_hippo_mt64_ms64/seed2/result.json,runs/task1_10/online/routeb_cumulative_hippo_mt64_ms64/seed2/predictions.npz,runs/task1_10/online/routeb_cumulative_hippo_mt64_ms64/seed2/status.json,complete,0.18087101055154828,-0.2337575691719528,0.833805256869773,0.18087101055154828,-0.2337575691719528,0.833805256869773,0.0,0.0,0.0,
long,online,routeb_cumulative_hippo_mt64_ms64,3,complete,runs/task1_10/online/routeb_cumulative_hippo_mt64_ms64/seed3,runs/task1_10/online/routeb_cumulative_hippo_mt64_ms64/seed3/result.json,runs/task1_10/online/routeb_cumulative_hippo_mt64_ms64/seed3/predictions.npz,runs/task1_10/online/routeb_cumulative_hippo_mt64_ms64/seed3/status.json,complete,0.17733086315674607,-0.28609438833441814,0.848763440860215,0.17733086315674607,-0.28609438833441814,0.848763440860215,0.0,0.0,0.0,
long,online,routeb_cumulative_hippo_mt64_ms64,4,complete,runs/task1_10/online/routeb_cumulative_hippo_mt64_ms64/seed4,runs/task1_10/online/routeb_cumulative_hippo_mt64_ms64/seed4/result.json,runs/task1_10/online/routeb_cumulative_hippo_mt64_ms64/seed4/predictions.npz,runs/task1_10/online/routeb_cumulative_hippo_mt64_ms64/seed4/status.json,complete,0.18742558349590016,-0.20988300466727258,0.8364605734767026,0.18742558349590016,-0.20988300466727258,0.8364605734767026,0.0,0.0,0.0,
long,online,routeb_global_inducing_mt128_ms128,0,complete,runs/task1_10/online/routeb_global_inducing_mt128_ms128/seed0,runs/task1_10/online/routeb_global_inducing_mt128_ms128/seed0/result.json,runs/task1_10/online/routeb_global_inducing_mt128_ms128/seed0/predictions.npz,runs/task1_10/online/routeb_global_inducing_mt128_ms128/seed0/status.json,complete,0.20176951295588152,0.2762871680407701,0.953626045400239,0.20176951295588152,0.2762871680407701,0.953626045400239,0.0,0.0,0.0,
long,online,routeb_global_inducing_mt128_ms128,1,complete,runs/task1_10/online/routeb_global_inducing_mt128_ms128/seed1,runs/task1_10/online/routeb_global_inducing_mt128_ms128/seed1/result.json,runs/task1_10/online/routeb_global_inducing_mt128_ms128/seed1/predictions.npz,runs/task1_10/online/routeb_global_inducing_mt128_ms128/seed1/status.json,complete,0.20331694840330944,0.30187211402004255,0.9568399044205496,0.20331694840330944,0.30187211402004255,0.9568399044205496,0.0,0.0,0.0,
long,online,routeb_global_inducing_mt128_ms128,2,complete,runs/task1_10/online/routeb_global_inducing_mt128_ms128/seed2,runs/task1_10/online/routeb_global_inducing_mt128_ms128/seed2/result.json,runs/task1_10/online/routeb_global_inducing_mt128_ms128/seed2/predictions.npz,runs/task1_10/online/routeb_global_inducing_mt128_ms128/seed2/status.json,complete,0.20192796833307017,0.2754481968591704,0.9551493428912784,0.20192796833307017,0.2754481968591704,0.9551493428912784,0.0,0.0,0.0,
long,online,routeb_global_inducing_mt128_ms128,3,complete,runs/task1_10/online/routeb_global_inducing_mt128_ms128/seed3,runs/task1_10/online/routeb_global_inducing_mt128_ms128/seed3/result.json,runs/task1_10/online/routeb_global_inducing_mt128_ms128/seed3/predictions.npz,runs/task1_10/online/routeb_global_inducing_mt128_ms128/seed3/status.json,complete,0.19981895151526843,0.20715562673685217,0.9528823178016727,0.19981895151526843,0.20715562673685217,0.9528823178016727,0.0,0.0,0.0,
long,online,routeb_global_inducing_mt128_ms128,4,complete,runs/task1_10/online/routeb_global_inducing_mt128_ms128/seed4,runs/task1_10/online/routeb_global_inducing_mt128_ms128/seed4/result.json,runs/task1_10/online/routeb_global_inducing_mt128_ms128/seed4/predictions.npz,runs/task1_10/online/routeb_global_inducing_mt128_ms128/seed4/status.json,complete,0.20849750883712165,0.28291801165971847,0.9533303464755077,0.20849750883712165,0.28291801165971847,0.9533303464755077,0.0,0.0,0.0,
long,online,routeb_global_inducing_mt128_ms64,0,complete,runs/task1_10/online/routeb_global_inducing_mt128_ms64/seed0,runs/task1_10/online/routeb_global_inducing_mt128_ms64/seed0/result.json,runs/task1_10/online/routeb_global_inducing_mt128_ms64/seed0/predictions.npz,runs/task1_10/online/routeb_global_inducing_mt128_ms64/seed0/status.json,complete,0.21028697431848464,0.25152157049062657,0.9635931899641577,0.21028697431848464,0.25152157049062657,0.9635931899641577,0.0,0.0,0.0,
long,online,routeb_global_inducing_mt128_ms64,1,complete,runs/task1_10/online/routeb_global_inducing_mt128_ms64/seed1,runs/task1_10/online/routeb_global_inducing_mt128_ms64/seed1/result.json,runs/task1_10/online/routeb_global_inducing_mt128_ms64/seed1/predictions.npz,runs/task1_10/online/routeb_global_inducing_mt128_ms64/seed1/status.json,complete,0.2119424691415157,0.2841040672930735,0.9658751493428913,0.2119424691415157,0.2841040672930735,0.9658751493428913,0.0,0.0,0.0,
long,online,routeb_global_inducing_mt128_ms64,2,complete,runs/task1_10/online/routeb_global_inducing_mt128_ms64/seed2,runs/task1_10/online/routeb_global_inducing_mt128_ms64/seed2/result.json,runs/task1_10/online/routeb_global_inducing_mt128_ms64/seed2/predictions.npz,runs/task1_10/online/routeb_global_inducing_mt128_ms64/seed2/status.json,complete,0.21243085842041134,0.2613063577806126,0.9633333333333334,0.21243085842041134,0.2613063577806126,0.9633333333333334,0.0,0.0,0.0,
long,online,routeb_global_inducing_mt128_ms64,3,complete,runs/task1_10/online/routeb_global_inducing_mt128_ms64/seed3,runs/task1_10/online/routeb_global_inducing_mt128_ms64/seed3/result.json,runs/task1_10/online/routeb_global_inducing_mt128_ms64/seed3/predictions.npz,runs/task1_10/online/routeb_global_inducing_mt128_ms64/seed3/status.json,complete,0.2084168568665995,0.1938633584376846,0.9623118279569892,0.2084168568665995,0.1938633584376846,0.9623118279569892,0.0,0.0,0.0,
long,online,routeb_global_inducing_mt128_ms64,4,complete,runs/task1_10/online/routeb_global_inducing_mt128_ms64/seed4,runs/task1_10/online/routeb_global_inducing_mt128_ms64/seed4/result.json,runs/task1_10/online/routeb_global_inducing_mt128_ms64/seed4/predictions.npz,runs/task1_10/online/routeb_global_inducing_mt128_ms64/seed4/status.json,complete,0.21865745050253377,0.2686364603636463,0.9629958183990442,0.21865745050253377,0.2686364603636463,0.9629958183990442,0.0,0.0,0.0,
long,online,routeb_global_inducing_mt64_ms64,0,complete,runs/task1_10/online/routeb_global_inducing_mt64_ms64/seed0,runs/task1_10/online/routeb_global_inducing_mt64_ms64/seed0/result.json,runs/task1_10/online/routeb_global_inducing_mt64_ms64/seed0/predictions.npz,runs/task1_10/online/routeb_global_inducing_mt64_ms64/seed0/status.json,complete,0.313653397871621,0.612601407022245,0.9603046594982079,0.313653397871621,0.612601407022245,0.9603046594982079,0.0,0.0,0.0,
long,online,routeb_global_inducing_mt64_ms64,1,complete,runs/task1_10/online/routeb_global_inducing_mt64_ms64/seed1,runs/task1_10/online/routeb_global_inducing_mt64_ms64/seed1/result.json,runs/task1_10/online/routeb_global_inducing_mt64_ms64/seed1/predictions.npz,runs/task1_10/online/routeb_global_inducing_mt64_ms64/seed1/status.json,complete,0.31112374660134645,0.6313321118890252,0.964468339307049,0.31112374660134645,0.6313321118890252,0.964468339307049,0.0,0.0,0.0,
long,online,routeb_global_inducing_mt64_ms64,2,complete,runs/task1_10/online/routeb_global_inducing_mt64_ms64/seed2,runs/task1_10/online/routeb_global_inducing_mt64_ms64/seed2/result.json,runs/task1_10/online/routeb_global_inducing_mt64_ms64/seed2/predictions.npz,runs/task1_10/online/routeb_global_inducing_mt64_ms64/seed2/status.json,complete,0.3111428590246251,0.6173411689532131,0.9612724014336917,0.3111428590246251,0.6173411689532131,0.9612724014336917,0.0,0.0,0.0,
long,online,routeb_global_inducing_mt64_ms64,3,complete,runs/task1_10/online/routeb_global_inducing_mt64_ms64/seed3,runs/task1_10/online/routeb_global_inducing_mt64_ms64/seed3/result.json,runs/task1_10/online/routeb_global_inducing_mt64_ms64/seed3/predictions.npz,runs/task1_10/online/routeb_global_inducing_mt64_ms64/seed3/status.json,complete,0.3081596623340109,0.5475476495218541,0.9573805256869773,0.3081596623340109,0.5475476495218541,0.9573805256869773,0.0,0.0,0.0,
long,online,routeb_global_inducing_mt64_ms64,4,complete,runs/task1_10/online/routeb_global_inducing_mt64_ms64/seed4,runs/task1_10/online/routeb_global_inducing_mt64_ms64/seed4/result.json,runs/task1_10/online/routeb_global_inducing_mt64_ms64/seed4/predictions.npz,runs/task1_10/online/routeb_global_inducing_mt64_ms64/seed4/status.json,complete,0.3182639069120332,0.6155304369265097,0.9603972520908005,0.3182639069120332,0.6155304369265097,0.9603972520908005,0.0,0.0,0.0,
long,online,xlag_recursive_rls,0,missing,runs/task1_10/online/xlag_recursive_rls/seed0,,,,,,,,,,,,,,missing_manifest_job_artifacts:online_long.jsonl
long,online,xlag_recursive_rls,1,missing,runs/task1_10/online/xlag_recursive_rls/seed1,,,,,,,,,,,,,,missing_manifest_job_artifacts:online_long.jsonl
long,online,xlag_recursive_rls,2,missing,runs/task1_10/online/xlag_recursive_rls/seed2,,,,,,,,,,,,,,missing_manifest_job_artifacts:online_long.jsonl
long,online,xlag_recursive_rls,3,missing,runs/task1_10/online/xlag_recursive_rls/seed3,,,,,,,,,,,,,,missing_manifest_job_artifacts:online_long.jsonl
long,online,xlag_recursive_rls,4,missing,runs/task1_10/online/xlag_recursive_rls/seed4,,,,,,,,,,,,,,missing_manifest_job_artifacts:online_long.jsonl
long,online,xlag_task1_fixed,0,missing,runs/task1_10/online/xlag_task1_fixed/seed0,,,,,,,,,,,,,,missing_manifest_job_artifacts:online_long.jsonl
long,online,xlag_task1_fixed,1,missing,runs/task1_10/online/xlag_task1_fixed/seed1,,,,,,,,,,,,,,missing_manifest_job_artifacts:online_long.jsonl
long,online,xlag_task1_fixed,2,missing,runs/task1_10/online/xlag_task1_fixed/seed2,,,,,,,,,,,,,,missing_manifest_job_artifacts:online_long.jsonl
long,online,xlag_task1_fixed,3,missing,runs/task1_10/online/xlag_task1_fixed/seed3,,,,,,,,,,,,,,missing_manifest_job_artifacts:online_long.jsonl
long,online,xlag_task1_fixed,4,missing,runs/task1_10/online/xlag_task1_fixed/seed4,,,,,,,,,,,,,,missing_manifest_job_artifacts:online_long.jsonl
long,unknown,probe_table3b_routeb_cumulative_hippo_mt128_ms128,0,missing,efficiency/probes/table3b_task1_10_cumulative_hippo_mt128_ms128,,,,,,,,,,,,,,missing_manifest_job_artifacts:efficiency.jsonl
long,unknown,probe_table3b_routeb_global_inducing_mt128_ms128,0,missing,efficiency/probes/table3b_task1_10_global_inducing_mt128_ms128,,,,,,,,,,,,,,missing_manifest_job_artifacts:efficiency.jsonl
long,unknown,task1_10,0,incomplete,official_protocol/task1_10/seed0,,,official_protocol/task1_10/seed0/status.json,complete,,,,,,,,,,missing_result.json;missing_predictions.npz
long,unknown,task1_10,1,incomplete,official_protocol/task1_10/seed1,,,official_protocol/task1_10/seed1/status.json,complete,,,,,,,,,,missing_result.json;missing_predictions.npz
long,unknown,task1_10,2,incomplete,official_protocol/task1_10/seed2,,,official_protocol/task1_10/seed2/status.json,complete,,,,,,,,,,missing_result.json;missing_predictions.npz
long,unknown,task1_10,3,incomplete,official_protocol/task1_10/seed3,,,official_protocol/task1_10/seed3/status.json,complete,,,,,,,,,,missing_result.json;missing_predictions.npz
long,unknown,task1_10,4,incomplete,official_protocol/task1_10/seed4,,,official_protocol/task1_10/seed4/status.json,complete,,,,,,,,,,missing_result.json;missing_predictions.npz
short,batch,export_official_stvgp_protocol,0,missing,official_protocol/task1_2/seed0,,,,,,,,,,,,,,missing_manifest_job_artifacts:shared_batch_short.jsonl
short,batch,export_official_stvgp_protocol,1,missing,official_protocol/task1_2/seed1,,,,,,,,,,,,,,missing_manifest_job_artifacts:shared_batch_short.jsonl
short,batch,export_official_stvgp_protocol,2,missing,official_protocol/task1_2/seed2,,,,,,,,,,,,,,missing_manifest_job_artifacts:shared_batch_short.jsonl
short,batch,export_official_stvgp_protocol,3,missing,official_protocol/task1_2/seed3,,,,,,,,,,,,,,missing_manifest_job_artifacts:shared_batch_short.jsonl
short,batch,export_official_stvgp_protocol,4,missing,official_protocol/task1_2/seed4,,,,,,,,,,,,,,missing_manifest_job_artifacts:shared_batch_short.jsonl
short,batch,gpflow_feasibility_4096_mt32_ms128,0,complete,runs/task1_2/batch/gpflow_feasibility_4096_mt32_ms128/seed0,runs/task1_2/batch/gpflow_feasibility_4096_mt32_ms128/seed0/result.json,runs/task1_2/batch/gpflow_feasibility_4096_mt32_ms128/seed0/predictions.npz,runs/task1_2/batch/gpflow_feasibility_4096_mt32_ms128/seed0/status.json,complete,0.1442654621122983,-0.5280295999476999,0.9304032258064516,0.1442654621122983,-0.5280295999476999,0.9304032258064516,0.0,0.0,0.0,
short,batch,gpflow_feasibility_4096_mt32_ms128,1,complete,runs/task1_2/batch/gpflow_feasibility_4096_mt32_ms128/seed1,runs/task1_2/batch/gpflow_feasibility_4096_mt32_ms128/seed1/result.json,runs/task1_2/batch/gpflow_feasibility_4096_mt32_ms128/seed1/predictions.npz,runs/task1_2/batch/gpflow_feasibility_4096_mt32_ms128/seed1/status.json,complete,0.15119652224890295,-0.49316727119689996,0.9264516129032258,0.15119652224890295,-0.49316727119689996,0.9264516129032258,0.0,0.0,0.0,
short,batch,gpflow_feasibility_4096_mt32_ms128,2,complete,runs/task1_2/batch/gpflow_feasibility_4096_mt32_ms128/seed2,runs/task1_2/batch/gpflow_feasibility_4096_mt32_ms128/seed2/result.json,runs/task1_2/batch/gpflow_feasibility_4096_mt32_ms128/seed2/predictions.npz,runs/task1_2/batch/gpflow_feasibility_4096_mt32_ms128/seed2/status.json,complete,0.14672314724545316,-0.5244624660018269,0.9258602150537635,0.14672314724545316,-0.5244624660018269,0.9258602150537635,0.0,0.0,0.0,
short,batch,gpflow_feasibility_4096_mt32_ms128,3,complete,runs/task1_2/batch/gpflow_feasibility_4096_mt32_ms128/seed3,runs/task1_2/batch/gpflow_feasibility_4096_mt32_ms128/seed3/result.json,runs/task1_2/batch/gpflow_feasibility_4096_mt32_ms128/seed3/predictions.npz,runs/task1_2/batch/gpflow_feasibility_4096_mt32_ms128/seed3/status.json,complete,0.14648894798659515,-0.5208829513809007,0.928010752688172,0.14648894798659515,-0.5208829513809007,0.928010752688172,0.0,0.0,0.0,
short,batch,gpflow_feasibility_4096_mt32_ms128,4,complete,runs/task1_2/batch/gpflow_feasibility_4096_mt32_ms128/seed4,runs/task1_2/batch/gpflow_feasibility_4096_mt32_ms128/seed4/result.json,runs/task1_2/batch/gpflow_feasibility_4096_mt32_ms128/seed4/predictions.npz,runs/task1_2/batch/gpflow_feasibility_4096_mt32_ms128/seed4/status.json,complete,0.15908170414380285,-0.4575107158607808,0.9290322580645162,0.15908170414380285,-0.4575107158607808,0.9290322580645162,0.0,0.0,0.0,
short,batch,gpflow_feasibility_4096_mt64_ms64,0,complete,runs/task1_2/batch/gpflow_feasibility_4096_mt64_ms64/seed0,runs/task1_2/batch/gpflow_feasibility_4096_mt64_ms64/seed0/result.json,runs/task1_2/batch/gpflow_feasibility_4096_mt64_ms64/seed0/predictions.npz,runs/task1_2/batch/gpflow_feasibility_4096_mt64_ms64/seed0/status.json,complete,0.14362275404666178,-0.5269683447460125,0.9294086021505377,0.14362275404666178,-0.5269683447460125,0.9294086021505377,0.0,0.0,0.0,
short,batch,gpflow_feasibility_4096_mt64_ms64,1,complete,runs/task1_2/batch/gpflow_feasibility_4096_mt64_ms64/seed1,runs/task1_2/batch/gpflow_feasibility_4096_mt64_ms64/seed1/result.json,runs/task1_2/batch/gpflow_feasibility_4096_mt64_ms64/seed1/predictions.npz,runs/task1_2/batch/gpflow_feasibility_4096_mt64_ms64/seed1/status.json,complete,0.15143482896548435,-0.48356311150154996,0.9306989247311828,0.15143482896548435,-0.48356311150154996,0.9306989247311828,0.0,0.0,0.0,
short,batch,gpflow_feasibility_4096_mt64_ms64,2,complete,runs/task1_2/batch/gpflow_feasibility_4096_mt64_ms64/seed2,runs/task1_2/batch/gpflow_feasibility_4096_mt64_ms64/seed2/result.json,runs/task1_2/batch/gpflow_feasibility_4096_mt64_ms64/seed2/predictions.npz,runs/task1_2/batch/gpflow_feasibility_4096_mt64_ms64/seed2/status.json,complete,0.15102172280458753,-0.4969693294380697,0.9213172043010752,0.15102172280458753,-0.4969693294380697,0.9213172043010752,0.0,0.0,0.0,
short,batch,gpflow_feasibility_4096_mt64_ms64,3,complete,runs/task1_2/batch/gpflow_feasibility_4096_mt64_ms64/seed3,runs/task1_2/batch/gpflow_feasibility_4096_mt64_ms64/seed3/result.json,runs/task1_2/batch/gpflow_feasibility_4096_mt64_ms64/seed3/predictions.npz,runs/task1_2/batch/gpflow_feasibility_4096_mt64_ms64/seed3/status.json,complete,0.14991006332885087,-0.4933461029180136,0.9318279569892474,0.14991006332885087,-0.4933461029180136,0.9318279569892474,0.0,0.0,0.0,
short,batch,gpflow_feasibility_4096_mt64_ms64,4,complete,runs/task1_2/batch/gpflow_feasibility_4096_mt64_ms64/seed4,runs/task1_2/batch/gpflow_feasibility_4096_mt64_ms64/seed4/result.json,runs/task1_2/batch/gpflow_feasibility_4096_mt64_ms64/seed4/predictions.npz,runs/task1_2/batch/gpflow_feasibility_4096_mt64_ms64/seed4/status.json,complete,0.1607001321575205,-0.45673427320995863,0.922016129032258,0.1607001321575205,-0.45673427320995863,0.922016129032258,0.0,0.0,0.0,
short,batch,markovflow_cvi_mt128_ms128,0,missing,runs/task1_2/batch/markovflow_cvi_mt128_ms128/seed0,,,,,,,,,,,,,,missing_manifest_job_artifacts:shared_batch_short.jsonl
short,batch,markovflow_cvi_mt128_ms128,1,missing,runs/task1_2/batch/markovflow_cvi_mt128_ms128/seed1,,,,,,,,,,,,,,missing_manifest_job_artifacts:shared_batch_short.jsonl
short,batch,markovflow_cvi_mt128_ms128,2,missing,runs/task1_2/batch/markovflow_cvi_mt128_ms128/seed2,,,,,,,,,,,,,,missing_manifest_job_artifacts:shared_batch_short.jsonl
short,batch,markovflow_cvi_mt128_ms128,3,missing,runs/task1_2/batch/markovflow_cvi_mt128_ms128/seed3,,,,,,,,,,,,,,missing_manifest_job_artifacts:shared_batch_short.jsonl
short,batch,markovflow_cvi_mt128_ms128,4,missing,runs/task1_2/batch/markovflow_cvi_mt128_ms128/seed4,,,,,,,,,,,,,,missing_manifest_job_artifacts:shared_batch_short.jsonl
short,batch,markovflow_cvi_mt128_ms64,0,complete,runs/task1_2/batch/markovflow_cvi_mt128_ms64/seed0,runs/task1_2/batch/markovflow_cvi_mt128_ms64/seed0/result.json,runs/task1_2/batch/markovflow_cvi_mt128_ms64/seed0/predictions.npz,runs/task1_2/batch/markovflow_cvi_mt128_ms64/seed0/status.json,complete,0.37181397521689735,0.6215950691244314,0.9883064516129032,0.37181397521689735,0.6215950691244314,0.9883064516129032,0.0,0.0,0.0,
short,batch,markovflow_cvi_mt128_ms64,1,incomplete,runs/task1_2/batch/markovflow_cvi_mt128_ms64/seed1,,,runs/task1_2/batch/markovflow_cvi_mt128_ms64/seed1/status.json,signal,,,,,,,,,,missing_result.json;missing_predictions.npz
short,batch,markovflow_cvi_mt128_ms64,2,missing,,,,,,,,,,,,,,,missing_expected_seed_artifacts
short,batch,markovflow_cvi_mt128_ms64,3,missing,,,,,,,,,,,,,,,missing_expected_seed_artifacts
short,batch,markovflow_cvi_mt128_ms64,4,missing,,,,,,,,,,,,,,,missing_expected_seed_artifacts
short,batch,markovflow_variational_mt128_ms128,0,failed,runs/task1_2/batch/markovflow_variational_mt128_ms128/seed0,,,runs/task1_2/batch/markovflow_variational_mt128_ms128/seed0/status.json,error,,,,,,,,,,missing_result.json;missing_predictions.npz;status=error:status.json;failure_status_artifact
short,batch,markovflow_variational_mt128_ms128,1,failed,runs/task1_2/batch/markovflow_variational_mt128_ms128/seed1,,,runs/task1_2/batch/markovflow_variational_mt128_ms128/seed1/status.json,error,,,,,,,,,,missing_result.json;missing_predictions.npz;status=error:status.json;failure_status_artifact
short,batch,markovflow_variational_mt128_ms128,2,failed,runs/task1_2/batch/markovflow_variational_mt128_ms128/seed2,,,runs/task1_2/batch/markovflow_variational_mt128_ms128/seed2/status.json,error,,,,,,,,,,missing_result.json;missing_predictions.npz;status=error:status.json;failure_status_artifact
short,batch,markovflow_variational_mt128_ms128,3,failed,runs/task1_2/batch/markovflow_variational_mt128_ms128/seed3,,,runs/task1_2/batch/markovflow_variational_mt128_ms128/seed3/status.json,error,,,,,,,,,,missing_result.json;missing_predictions.npz;status=error:status.json;failure_status_artifact
short,batch,markovflow_variational_mt128_ms128,4,failed,runs/task1_2/batch/markovflow_variational_mt128_ms128/seed4,,,runs/task1_2/batch/markovflow_variational_mt128_ms128/seed4/status.json,error,,,,,,,,,,missing_result.json;missing_predictions.npz;status=error:status.json;failure_status_artifact
short,batch,markovflow_variational_mt128_ms64,0,failed,runs/task1_2/batch/markovflow_variational_mt128_ms64/seed0,,,runs/task1_2/batch/markovflow_variational_mt128_ms64/seed0/status.json,error,,,,,,,,,,missing_result.json;missing_predictions.npz;status=error:status.json;failure_status_artifact
short,batch,markovflow_variational_mt128_ms64,1,failed,runs/task1_2/batch/markovflow_variational_mt128_ms64/seed1,,,runs/task1_2/batch/markovflow_variational_mt128_ms64/seed1/status.json,error,,,,,,,,,,missing_result.json;missing_predictions.npz;status=error:status.json;failure_status_artifact
short,batch,markovflow_variational_mt128_ms64,2,failed,runs/task1_2/batch/markovflow_variational_mt128_ms64/seed2,,,runs/task1_2/batch/markovflow_variational_mt128_ms64/seed2/status.json,error,,,,,,,,,,missing_result.json;missing_predictions.npz;status=error:status.json;failure_status_artifact
short,batch,markovflow_variational_mt128_ms64,3,failed,runs/task1_2/batch/markovflow_variational_mt128_ms64/seed3,,,runs/task1_2/batch/markovflow_variational_mt128_ms64/seed3/status.json,error,,,,,,,,,,missing_result.json;missing_predictions.npz;status=error:status.json;failure_status_artifact
short,batch,markovflow_variational_mt128_ms64,4,failed,runs/task1_2/batch/markovflow_variational_mt128_ms64/seed4,,,runs/task1_2/batch/markovflow_variational_mt128_ms64/seed4/status.json,error,,,,,,,,,,missing_result.json;missing_predictions.npz;status=error:status.json;failure_status_artifact
short,batch,official_mf_st_svgp_ms128,0,complete,runs/task1_2/batch/official_mf_st_svgp_ms128/seed0,runs/task1_2/batch/official_mf_st_svgp_ms128/seed0/result.json,runs/task1_2/batch/official_mf_st_svgp_ms128/seed0/predictions.npz,runs/task1_2/batch/official_mf_st_svgp_ms128/seed0/status.json,complete,0.17460463072663268,-0.1976048223507635,0.9794086021505376,0.17460463072663268,-0.1976048223507635,0.9794086021505376,0.0,0.0,0.0,
short,batch,official_mf_st_svgp_ms128,1,complete,runs/task1_2/batch/official_mf_st_svgp_ms128/seed1,runs/task1_2/batch/official_mf_st_svgp_ms128/seed1/result.json,runs/task1_2/batch/official_mf_st_svgp_ms128/seed1/predictions.npz,runs/task1_2/batch/official_mf_st_svgp_ms128/seed1/status.json,complete,0.177989677310911,-0.18185277779804884,0.9783602150537635,0.177989677310911,-0.18185277779804884,0.9783602150537635,0.0,0.0,0.0,
short,batch,official_mf_st_svgp_ms128,2,complete,runs/task1_2/batch/official_mf_st_svgp_ms128/seed2,runs/task1_2/batch/official_mf_st_svgp_ms128/seed2/result.json,runs/task1_2/batch/official_mf_st_svgp_ms128/seed2/predictions.npz,runs/task1_2/batch/official_mf_st_svgp_ms128/seed2/status.json,complete,0.1743015486474143,-0.18850866204662217,0.9804569892473118,0.1743015486474143,-0.18850866204662212,0.9804569892473118,0.0,5.551115123125783e-17,0.0,
short,batch,official_mf_st_svgp_ms128,3,complete,runs/task1_2/batch/official_mf_st_svgp_ms128/seed3,runs/task1_2/batch/official_mf_st_svgp_ms128/seed3/result.json,runs/task1_2/batch/official_mf_st_svgp_ms128/seed3/predictions.npz,runs/task1_2/batch/official_mf_st_svgp_ms128/seed3/status.json,complete,0.17681223034736857,-0.18528631898466882,0.9816129032258064,0.17681223034736857,-0.18528631898466882,0.9816129032258064,0.0,0.0,0.0,
short,batch,official_mf_st_svgp_ms128,4,complete,runs/task1_2/batch/official_mf_st_svgp_ms128/seed4,runs/task1_2/batch/official_mf_st_svgp_ms128/seed4/result.json,runs/task1_2/batch/official_mf_st_svgp_ms128/seed4/predictions.npz,runs/task1_2/batch/official_mf_st_svgp_ms128/seed4/status.json,complete,0.18245402120981666,-0.1655841267673135,0.9786290322580645,0.18245402120981666,-0.16558412676731346,0.9786290322580645,0.0,2.7755575615628914e-17,0.0,
short,batch,official_mf_st_svgp_ms64,0,complete,runs/task1_2/batch/official_mf_st_svgp_ms64/seed0,runs/task1_2/batch/official_mf_st_svgp_ms64/seed0/result.json,runs/task1_2/batch/official_mf_st_svgp_ms64/seed0/predictions.npz,runs/task1_2/batch/official_mf_st_svgp_ms64/seed0/status.json,complete,0.16170342480186858,-0.1616318972790076,0.9901344086021505,0.16170342480186858,-0.1616318972790076,0.9901344086021505,0.0,0.0,0.0,
short,batch,official_mf_st_svgp_ms64,1,complete,runs/task1_2/batch/official_mf_st_svgp_ms64/seed1,runs/task1_2/batch/official_mf_st_svgp_ms64/seed1/result.json,runs/task1_2/batch/official_mf_st_svgp_ms64/seed1/predictions.npz,runs/task1_2/batch/official_mf_st_svgp_ms64/seed1/status.json,complete,0.1709356420484669,-0.141204200360561,0.9883602150537635,0.1709356420484669,-0.141204200360561,0.9883602150537635,0.0,0.0,0.0,
short,batch,official_mf_st_svgp_ms64,2,complete,runs/task1_2/batch/official_mf_st_svgp_ms64/seed2,runs/task1_2/batch/official_mf_st_svgp_ms64/seed2/result.json,runs/task1_2/batch/official_mf_st_svgp_ms64/seed2/predictions.npz,runs/task1_2/batch/official_mf_st_svgp_ms64/seed2/status.json,complete,0.16185993075091762,-0.16044168441921566,0.990994623655914,0.16185993075091762,-0.16044168441921566,0.990994623655914,0.0,0.0,0.0,
short,batch,official_mf_st_svgp_ms64,3,complete,runs/task1_2/batch/official_mf_st_svgp_ms64/seed3,runs/task1_2/batch/official_mf_st_svgp_ms64/seed3/result.json,runs/task1_2/batch/official_mf_st_svgp_ms64/seed3/predictions.npz,runs/task1_2/batch/official_mf_st_svgp_ms64/seed3/status.json,complete,0.16670819191245528,-0.1528375966752,0.9899731182795699,0.16670819191245528,-0.1528375966752,0.9899731182795699,0.0,0.0,0.0,
short,batch,official_mf_st_svgp_ms64,4,complete,runs/task1_2/batch/official_mf_st_svgp_ms64/seed4,runs/task1_2/batch/official_mf_st_svgp_ms64/seed4/result.json,runs/task1_2/batch/official_mf_st_svgp_ms64/seed4/predictions.npz,runs/task1_2/batch/official_mf_st_svgp_ms64/seed4/status.json,complete,0.17484490658874252,-0.11855632362909678,0.9895430107526881,0.17484490658874252,-0.11855632362909675,0.9895430107526881,0.0,2.7755575615628914e-17,0.0,
short,batch,official_st_svgp_ms128,0,complete,runs/task1_2/batch/official_st_svgp_ms128/seed0,runs/task1_2/batch/official_st_svgp_ms128/seed0/result.json,runs/task1_2/batch/official_st_svgp_ms128/seed0/predictions.npz,runs/task1_2/batch/official_st_svgp_ms128/seed0/status.json,complete,0.08871351603936001,-1.0120891695904999,0.9322043010752689,0.08871351603936001,-1.0120891695904999,0.9322043010752689,0.0,0.0,0.0,
short,batch,official_st_svgp_ms128,1,complete,runs/task1_2/batch/official_st_svgp_ms128/seed1,runs/task1_2/batch/official_st_svgp_ms128/seed1/result.json,runs/task1_2/batch/official_st_svgp_ms128/seed1/predictions.npz,runs/task1_2/batch/official_st_svgp_ms128/seed1/status.json,complete,0.0932532284820662,-0.9826297275616696,0.9240860215053763,0.0932532284820662,-0.9826297275616696,0.9240860215053763,0.0,0.0,0.0,
short,batch,official_st_svgp_ms128,2,complete,runs/task1_2/batch/official_st_svgp_ms128/seed2,runs/task1_2/batch/official_st_svgp_ms128/seed2/result.json,runs/task1_2/batch/official_st_svgp_ms128/seed2/predictions.npz,runs/task1_2/batch/official_st_svgp_ms128/seed2/status.json,complete,0.08931653987362043,-1.0099952321628984,0.9333333333333333,0.08931653987362043,-1.0099952321628984,0.9333333333333333,0.0,0.0,0.0,
short,batch,official_st_svgp_ms128,3,complete,runs/task1_2/batch/official_st_svgp_ms128/seed3,runs/task1_2/batch/official_st_svgp_ms128/seed3/result.json,runs/task1_2/batch/official_st_svgp_ms128/seed3/predictions.npz,runs/task1_2/batch/official_st_svgp_ms128/seed3/status.json,complete,0.09145973945847921,-1.0008876520498808,0.9341666666666667,0.09145973945847921,-1.0008876520498808,0.9341666666666667,0.0,0.0,0.0,
short,batch,official_st_svgp_ms128,4,complete,runs/task1_2/batch/official_st_svgp_ms128/seed4,runs/task1_2/batch/official_st_svgp_ms128/seed4/result.json,runs/task1_2/batch/official_st_svgp_ms128/seed4/predictions.npz,runs/task1_2/batch/official_st_svgp_ms128/seed4/status.json,complete,0.10360659273189868,-0.8978398281658047,0.9164516129032259,0.10360659273189868,-0.8978398281658044,0.9164516129032259,0.0,2.220446049250313e-16,0.0,
short,batch,official_st_svgp_ms64,0,complete,runs/task1_2/batch/official_st_svgp_ms64/seed0,runs/task1_2/batch/official_st_svgp_ms64/seed0/result.json,runs/task1_2/batch/official_st_svgp_ms64/seed0/predictions.npz,runs/task1_2/batch/official_st_svgp_ms64/seed0/status.json,complete,0.11368167464885348,-0.7618960246762785,0.9281720430107527,0.11368167464885348,-0.7618960246762785,0.9281720430107527,0.0,0.0,0.0,
short,batch,official_st_svgp_ms64,1,complete,runs/task1_2/batch/official_st_svgp_ms64/seed1,runs/task1_2/batch/official_st_svgp_ms64/seed1/result.json,runs/task1_2/batch/official_st_svgp_ms64/seed1/predictions.npz,runs/task1_2/batch/official_st_svgp_ms64/seed1/status.json,complete,0.12328955350196731,-0.6947534375236156,0.9144354838709677,0.12328955350196731,-0.6947534375236156,0.9144354838709677,0.0,0.0,0.0,
short,batch,official_st_svgp_ms64,2,complete,runs/task1_2/batch/official_st_svgp_ms64/seed2,runs/task1_2/batch/official_st_svgp_ms64/seed2/result.json,runs/task1_2/batch/official_st_svgp_ms64/seed2/predictions.npz,runs/task1_2/batch/official_st_svgp_ms64/seed2/status.json,complete,0.11485198796648353,-0.7482642441532681,0.9312903225806451,0.11485198796648353,-0.7482642441532681,0.9312903225806451,0.0,0.0,0.0,
short,batch,official_st_svgp_ms64,3,complete,runs/task1_2/batch/official_st_svgp_ms64/seed3,runs/task1_2/batch/official_st_svgp_ms64/seed3/result.json,runs/task1_2/batch/official_st_svgp_ms64/seed3/predictions.npz,runs/task1_2/batch/official_st_svgp_ms64/seed3/status.json,complete,0.12037514055268801,-0.7219852085853598,0.925994623655914,0.12037514055268801,-0.7219852085853596,0.925994623655914,0.0,1.1102230246251565e-16,0.0,
short,batch,official_st_svgp_ms64,4,complete,runs/task1_2/batch/official_st_svgp_ms64/seed4,runs/task1_2/batch/official_st_svgp_ms64/seed4/result.json,runs/task1_2/batch/official_st_svgp_ms64/seed4/predictions.npz,runs/task1_2/batch/official_st_svgp_ms64/seed4/status.json,complete,0.13018928448973174,-0.6490263693538559,0.9139784946236559,0.13018928448973174,-0.6490263693538559,0.9139784946236559,0.0,0.0,0.0,
short,batch,official_st_vgp_full,0,incomplete,runs/task1_2/batch/official_st_vgp_full/seed0,,,runs/task1_2/batch/official_st_vgp_full/seed0/status.json,oom,,,,,,,,,,missing_result.json;missing_predictions.npz
short,batch,official_st_vgp_full,1,incomplete,runs/task1_2/batch/official_st_vgp_full/seed1,,,runs/task1_2/batch/official_st_vgp_full/seed1/status.json,oom,,,,,,,,,,missing_result.json;missing_predictions.npz
short,batch,official_st_vgp_full,2,incomplete,runs/task1_2/batch/official_st_vgp_full/seed2,,,runs/task1_2/batch/official_st_vgp_full/seed2/status.json,oom,,,,,,,,,,missing_result.json;missing_predictions.npz
short,batch,official_st_vgp_full,3,incomplete,runs/task1_2/batch/official_st_vgp_full/seed3,,,runs/task1_2/batch/official_st_vgp_full/seed3/status.json,oom,,,,,,,,,,missing_result.json;missing_predictions.npz
short,batch,official_st_vgp_full,4,incomplete,runs/task1_2/batch/official_st_vgp_full/seed4,,,runs/task1_2/batch/official_st_vgp_full/seed4/status.json,oom,,,,,,,,,,missing_result.json;missing_predictions.npz
short,batch,routeb_joint_analytic_hippo_rff_mt128_ms128,0,complete,runs/task1_2/batch/routeb_joint_analytic_hippo_rff_mt128_ms128/seed0,runs/task1_2/batch/routeb_joint_analytic_hippo_rff_mt128_ms128/seed0/result.json,runs/task1_2/batch/routeb_joint_analytic_hippo_rff_mt128_ms128/seed0/predictions.npz,runs/task1_2/batch/routeb_joint_analytic_hippo_rff_mt128_ms128/seed0/status.json,complete,0.08322073603029959,-1.0121388501070938,0.9673118279569892,0.08322073603029959,-1.0121388501070938,0.9673118279569892,0.0,0.0,0.0,
short,batch,routeb_joint_analytic_hippo_rff_mt128_ms128,1,complete,runs/task1_2/batch/routeb_joint_analytic_hippo_rff_mt128_ms128/seed1,runs/task1_2/batch/routeb_joint_analytic_hippo_rff_mt128_ms128/seed1/result.json,runs/task1_2/batch/routeb_joint_analytic_hippo_rff_mt128_ms128/seed1/predictions.npz,runs/task1_2/batch/routeb_joint_analytic_hippo_rff_mt128_ms128/seed1/status.json,complete,0.08968335115089697,-0.9955072297322107,0.9578225806451612,0.08968335115089697,-0.9955072297322107,0.9578225806451612,0.0,0.0,0.0,
short,batch,routeb_joint_analytic_hippo_rff_mt128_ms128,2,complete,runs/task1_2/batch/routeb_joint_analytic_hippo_rff_mt128_ms128/seed2,runs/task1_2/batch/routeb_joint_analytic_hippo_rff_mt128_ms128/seed2/result.json,runs/task1_2/batch/routeb_joint_analytic_hippo_rff_mt128_ms128/seed2/predictions.npz,runs/task1_2/batch/routeb_joint_analytic_hippo_rff_mt128_ms128/seed2/status.json,complete,0.08245788128637102,-1.005036259844915,0.9704301075268817,0.08245788128637102,-1.005036259844915,0.9704301075268817,0.0,0.0,0.0,
short,batch,routeb_joint_analytic_hippo_rff_mt128_ms128,3,complete,runs/task1_2/batch/routeb_joint_analytic_hippo_rff_mt128_ms128/seed3,runs/task1_2/batch/routeb_joint_analytic_hippo_rff_mt128_ms128/seed3/result.json,runs/task1_2/batch/routeb_joint_analytic_hippo_rff_mt128_ms128/seed3/predictions.npz,runs/task1_2/batch/routeb_joint_analytic_hippo_rff_mt128_ms128/seed3/status.json,complete,0.08328334742189374,-0.9901439599946807,0.9748118279569893,0.08328334742189374,-0.9901439599946807,0.9748118279569893,0.0,0.0,0.0,
short,batch,routeb_joint_analytic_hippo_rff_mt128_ms128,4,complete,runs/task1_2/batch/routeb_joint_analytic_hippo_rff_mt128_ms128/seed4,runs/task1_2/batch/routeb_joint_analytic_hippo_rff_mt128_ms128/seed4/result.json,runs/task1_2/batch/routeb_joint_analytic_hippo_rff_mt128_ms128/seed4/predictions.npz,runs/task1_2/batch/routeb_joint_analytic_hippo_rff_mt128_ms128/seed4/status.json,complete,0.09334612640728189,-0.9515230892357021,0.9631720430107527,0.09334612640728189,-0.9515230892357021,0.9631720430107527,0.0,0.0,0.0,
short,batch,routeb_joint_analytic_hippo_rff_mt128_ms64,0,complete,runs/task1_2/batch/routeb_joint_analytic_hippo_rff_mt128_ms64/seed0,runs/task1_2/batch/routeb_joint_analytic_hippo_rff_mt128_ms64/seed0/result.json,runs/task1_2/batch/routeb_joint_analytic_hippo_rff_mt128_ms64/seed0/predictions.npz,runs/task1_2/batch/routeb_joint_analytic_hippo_rff_mt128_ms64/seed0/status.json,complete,0.09697174487857281,-0.7047214715914896,0.9855913978494624,0.09697174487857281,-0.7047214715914896,0.9855913978494624,0.0,0.0,0.0,
short,batch,routeb_joint_analytic_hippo_rff_mt128_ms64,1,complete,runs/task1_2/batch/routeb_joint_analytic_hippo_rff_mt128_ms64/seed1,runs/task1_2/batch/routeb_joint_analytic_hippo_rff_mt128_ms64/seed1/result.json,runs/task1_2/batch/routeb_joint_analytic_hippo_rff_mt128_ms64/seed1/predictions.npz,runs/task1_2/batch/routeb_joint_analytic_hippo_rff_mt128_ms64/seed1/status.json,complete,0.10465771871215937,-0.6354850106646179,0.9866397849462366,0.10465771871215937,-0.6354850106646179,0.9866397849462366,0.0,0.0,0.0,
short,batch,routeb_joint_analytic_hippo_rff_mt128_ms64,2,complete,runs/task1_2/batch/routeb_joint_analytic_hippo_rff_mt128_ms64/seed2,runs/task1_2/batch/routeb_joint_analytic_hippo_rff_mt128_ms64/seed2/result.json,runs/task1_2/batch/routeb_joint_analytic_hippo_rff_mt128_ms64/seed2/predictions.npz,runs/task1_2/batch/routeb_joint_analytic_hippo_rff_mt128_ms64/seed2/status.json,complete,0.09959862887757602,-0.7096910799681369,0.9858333333333333,0.09959862887757602,-0.7096910799681369,0.9858333333333333,0.0,0.0,0.0,
short,batch,routeb_joint_analytic_hippo_rff_mt128_ms64,3,complete,runs/task1_2/batch/routeb_joint_analytic_hippo_rff_mt128_ms64/seed3,runs/task1_2/batch/routeb_joint_analytic_hippo_rff_mt128_ms64/seed3/result.json,runs/task1_2/batch/routeb_joint_analytic_hippo_rff_mt128_ms64/seed3/predictions.npz,runs/task1_2/batch/routeb_joint_analytic_hippo_rff_mt128_ms64/seed3/status.json,complete,0.10623480898391709,-0.5778171829950881,0.9901344086021505,0.10623480898391709,-0.5778171829950881,0.9901344086021505,0.0,0.0,0.0,
short,batch,routeb_joint_analytic_hippo_rff_mt128_ms64,4,complete,runs/task1_2/batch/routeb_joint_analytic_hippo_rff_mt128_ms64/seed4,runs/task1_2/batch/routeb_joint_analytic_hippo_rff_mt128_ms64/seed4/result.json,runs/task1_2/batch/routeb_joint_analytic_hippo_rff_mt128_ms64/seed4/predictions.npz,runs/task1_2/batch/routeb_joint_analytic_hippo_rff_mt128_ms64/seed4/status.json,complete,0.1101099448510318,-0.6801988349041841,0.9800806451612903,0.1101099448510318,-0.6801988349041841,0.9800806451612903,0.0,0.0,0.0,
short,batch,routeb_joint_analytic_hippo_rff_mt64_ms64,0,complete,runs/task1_2/batch/routeb_joint_analytic_hippo_rff_mt64_ms64/seed0,runs/task1_2/batch/routeb_joint_analytic_hippo_rff_mt64_ms64/seed0/result.json,runs/task1_2/batch/routeb_joint_analytic_hippo_rff_mt64_ms64/seed0/predictions.npz,runs/task1_2/batch/routeb_joint_analytic_hippo_rff_mt64_ms64/seed0/status.json,complete,0.10059345869119003,-0.5574124187150723,0.9923924731182796,0.10059345869119003,-0.5574124187150723,0.9923924731182796,0.0,0.0,0.0,
short,batch,routeb_joint_analytic_hippo_rff_mt64_ms64,1,complete,runs/task1_2/batch/routeb_joint_analytic_hippo_rff_mt64_ms64/seed1,runs/task1_2/batch/routeb_joint_analytic_hippo_rff_mt64_ms64/seed1/result.json,runs/task1_2/batch/routeb_joint_analytic_hippo_rff_mt64_ms64/seed1/predictions.npz,runs/task1_2/batch/routeb_joint_analytic_hippo_rff_mt64_ms64/seed1/status.json,complete,0.10876190348983089,-0.5429978001855241,0.9899193548387096,0.10876190348983089,-0.5429978001855241,0.9899193548387096,0.0,0.0,0.0,
short,batch,routeb_joint_analytic_hippo_rff_mt64_ms64,2,complete,runs/task1_2/batch/routeb_joint_analytic_hippo_rff_mt64_ms64/seed2,runs/task1_2/batch/routeb_joint_analytic_hippo_rff_mt64_ms64/seed2/result.json,runs/task1_2/batch/routeb_joint_analytic_hippo_rff_mt64_ms64/seed2/predictions.npz,runs/task1_2/batch/routeb_joint_analytic_hippo_rff_mt64_ms64/seed2/status.json,complete,0.10306253914219846,-0.5458819778019242,0.992983870967742,0.10306253914219846,-0.5458819778019242,0.992983870967742,0.0,0.0,0.0,
short,batch,routeb_joint_analytic_hippo_rff_mt64_ms64,3,complete,runs/task1_2/batch/routeb_joint_analytic_hippo_rff_mt64_ms64/seed3,runs/task1_2/batch/routeb_joint_analytic_hippo_rff_mt64_ms64/seed3/result.json,runs/task1_2/batch/routeb_joint_analytic_hippo_rff_mt64_ms64/seed3/predictions.npz,runs/task1_2/batch/routeb_joint_analytic_hippo_rff_mt64_ms64/seed3/status.json,complete,0.10618384987849565,-0.5784893252775921,0.9901075268817204,0.10618384987849565,-0.5784893252775921,0.9901075268817204,0.0,0.0,0.0,
short,batch,routeb_joint_analytic_hippo_rff_mt64_ms64,4,complete,runs/task1_2/batch/routeb_joint_analytic_hippo_rff_mt64_ms64/seed4,runs/task1_2/batch/routeb_joint_analytic_hippo_rff_mt64_ms64/seed4/result.json,runs/task1_2/batch/routeb_joint_analytic_hippo_rff_mt64_ms64/seed4/predictions.npz,runs/task1_2/batch/routeb_joint_analytic_hippo_rff_mt64_ms64/seed4/status.json,complete,0.11406317261156902,-0.5468413906732909,0.9886290322580645,0.11406317261156902,-0.5468413906732909,0.9886290322580645,0.0,0.0,0.0,
short,batch,routeb_joint_inducing_points_mt128_ms128,0,complete,runs/task1_2/batch/routeb_joint_inducing_points_mt128_ms128/seed0,runs/task1_2/batch/routeb_joint_inducing_points_mt128_ms128/seed0/result.json,runs/task1_2/batch/routeb_joint_inducing_points_mt128_ms128/seed0/predictions.npz,runs/task1_2/batch/routeb_joint_inducing_points_mt128_ms128/seed0/status.json,complete,0.06809784297495014,-1.1666351170336566,0.9788172043010752,0.06809784297495014,-1.1666351170336566,0.9788172043010752,0.0,0.0,0.0,
short,batch,routeb_joint_inducing_points_mt128_ms128,1,complete,runs/task1_2/batch/routeb_joint_inducing_points_mt128_ms128/seed1,runs/task1_2/batch/routeb_joint_inducing_points_mt128_ms128/seed1/result.json,runs/task1_2/batch/routeb_joint_inducing_points_mt128_ms128/seed1/predictions.npz,runs/task1_2/batch/routeb_joint_inducing_points_mt128_ms128/seed1/status.json,complete,0.07631353693920433,-1.1492997723367413,0.9685215053763441,0.07631353693920433,-1.1492997723367413,0.9685215053763441,0.0,0.0,0.0,
short,batch,routeb_joint_inducing_points_mt128_ms128,2,complete,runs/task1_2/batch/routeb_joint_inducing_points_mt128_ms128/seed2,runs/task1_2/batch/routeb_joint_inducing_points_mt128_ms128/seed2/result.json,runs/task1_2/batch/routeb_joint_inducing_points_mt128_ms128/seed2/predictions.npz,runs/task1_2/batch/routeb_joint_inducing_points_mt128_ms128/seed2/status.json,complete,0.06860009361951229,-1.1627224322967986,0.9803225806451613,0.06860009361951229,-1.1627224322967986,0.9803225806451613,0.0,0.0,0.0,
short,batch,routeb_joint_inducing_points_mt128_ms128,3,complete,runs/task1_2/batch/routeb_joint_inducing_points_mt128_ms128/seed3,runs/task1_2/batch/routeb_joint_inducing_points_mt128_ms128/seed3/result.json,runs/task1_2/batch/routeb_joint_inducing_points_mt128_ms128/seed3/predictions.npz,runs/task1_2/batch/routeb_joint_inducing_points_mt128_ms128/seed3/status.json,complete,0.06892174643858251,-1.1518996793532772,0.9823924731182796,0.06892174643858251,-1.1518996793532772,0.9823924731182796,0.0,0.0,0.0,
short,batch,routeb_joint_inducing_points_mt128_ms128,4,complete,runs/task1_2/batch/routeb_joint_inducing_points_mt128_ms128/seed4,runs/task1_2/batch/routeb_joint_inducing_points_mt128_ms128/seed4/result.json,runs/task1_2/batch/routeb_joint_inducing_points_mt128_ms128/seed4/predictions.npz,runs/task1_2/batch/routeb_joint_inducing_points_mt128_ms128/seed4/status.json,complete,0.08042037932834019,-1.1033215525797835,0.9711559139784947,0.08042037932834019,-1.1033215525797835,0.9711559139784947,0.0,0.0,0.0,
short,batch,routeb_joint_inducing_points_mt128_ms64,0,complete,runs/task1_2/batch/routeb_joint_inducing_points_mt128_ms64/seed0,runs/task1_2/batch/routeb_joint_inducing_points_mt128_ms64/seed0/result.json,runs/task1_2/batch/routeb_joint_inducing_points_mt128_ms64/seed0/predictions.npz,runs/task1_2/batch/routeb_joint_inducing_points_mt128_ms64/seed0/status.json,complete,0.08624071441904273,-0.9165208678904705,0.9783064516129032,0.08624071441904273,-0.9165208678904705,0.9783064516129032,0.0,0.0,0.0,
short,batch,routeb_joint_inducing_points_mt128_ms64,1,complete,runs/task1_2/batch/routeb_joint_inducing_points_mt128_ms64/seed1,runs/task1_2/batch/routeb_joint_inducing_points_mt128_ms64/seed1/result.json,runs/task1_2/batch/routeb_joint_inducing_points_mt128_ms64/seed1/predictions.npz,runs/task1_2/batch/routeb_joint_inducing_points_mt128_ms64/seed1/status.json,complete,0.09543704709635627,-0.8822168511491025,0.972983870967742,0.09543704709635627,-0.8822168511491025,0.972983870967742,0.0,0.0,0.0,
short,batch,routeb_joint_inducing_points_mt128_ms64,2,complete,runs/task1_2/batch/routeb_joint_inducing_points_mt128_ms64/seed2,runs/task1_2/batch/routeb_joint_inducing_points_mt128_ms64/seed2/result.json,runs/task1_2/batch/routeb_joint_inducing_points_mt128_ms64/seed2/predictions.npz,runs/task1_2/batch/routeb_joint_inducing_points_mt128_ms64/seed2/status.json,complete,0.09002944093013923,-0.8950749131231925,0.9766129032258064,0.09002944093013923,-0.8950749131231925,0.9766129032258064,0.0,0.0,0.0,
short,batch,routeb_joint_inducing_points_mt128_ms64,3,complete,runs/task1_2/batch/routeb_joint_inducing_points_mt128_ms64/seed3,runs/task1_2/batch/routeb_joint_inducing_points_mt128_ms64/seed3/result.json,runs/task1_2/batch/routeb_joint_inducing_points_mt128_ms64/seed3/predictions.npz,runs/task1_2/batch/routeb_joint_inducing_points_mt128_ms64/seed3/status.json,complete,0.08994204423104447,-0.9150874701119067,0.9752150537634409,0.08994204423104447,-0.9150874701119067,0.9752150537634409,0.0,0.0,0.0,
short,batch,routeb_joint_inducing_points_mt128_ms64,4,complete,runs/task1_2/batch/routeb_joint_inducing_points_mt128_ms64/seed4,runs/task1_2/batch/routeb_joint_inducing_points_mt128_ms64/seed4/result.json,runs/task1_2/batch/routeb_joint_inducing_points_mt128_ms64/seed4/predictions.npz,runs/task1_2/batch/routeb_joint_inducing_points_mt128_ms64/seed4/status.json,complete,0.10218573120776756,-0.8552601981322909,0.9665322580645161,0.10218573120776756,-0.8552601981322909,0.9665322580645161,0.0,0.0,0.0,
short,batch,routeb_joint_inducing_points_mt64_ms64,0,complete,runs/task1_2/batch/routeb_joint_inducing_points_mt64_ms64/seed0,runs/task1_2/batch/routeb_joint_inducing_points_mt64_ms64/seed0/result.json,runs/task1_2/batch/routeb_joint_inducing_points_mt64_ms64/seed0/predictions.npz,runs/task1_2/batch/routeb_joint_inducing_points_mt64_ms64/seed0/status.json,complete,0.09596702939184551,-0.7382020087778685,0.9848655913978495,0.09596702939184551,-0.7382020087778685,0.9848655913978495,0.0,0.0,0.0,
short,batch,routeb_joint_inducing_points_mt64_ms64,1,complete,runs/task1_2/batch/routeb_joint_inducing_points_mt64_ms64/seed1,runs/task1_2/batch/routeb_joint_inducing_points_mt64_ms64/seed1/result.json,runs/task1_2/batch/routeb_joint_inducing_points_mt64_ms64/seed1/predictions.npz,runs/task1_2/batch/routeb_joint_inducing_points_mt64_ms64/seed1/status.json,complete,0.10395366560664464,-0.7108605114332651,0.9817473118279569,0.10395366560664464,-0.7108605114332651,0.9817473118279569,0.0,0.0,0.0,
short,batch,routeb_joint_inducing_points_mt64_ms64,2,complete,runs/task1_2/batch/routeb_joint_inducing_points_mt64_ms64/seed2,runs/task1_2/batch/routeb_joint_inducing_points_mt64_ms64/seed2/result.json,runs/task1_2/batch/routeb_joint_inducing_points_mt64_ms64/seed2/predictions.npz,runs/task1_2/batch/routeb_joint_inducing_points_mt64_ms64/seed2/status.json,complete,0.0989001769823367,-0.7233487369382288,0.9859677419354839,0.0989001769823367,-0.7233487369382288,0.9859677419354839,0.0,0.0,0.0,
short,batch,routeb_joint_inducing_points_mt64_ms64,3,complete,runs/task1_2/batch/routeb_joint_inducing_points_mt64_ms64/seed3,runs/task1_2/batch/routeb_joint_inducing_points_mt64_ms64/seed3/result.json,runs/task1_2/batch/routeb_joint_inducing_points_mt64_ms64/seed3/predictions.npz,runs/task1_2/batch/routeb_joint_inducing_points_mt64_ms64/seed3/status.json,complete,0.09898890720262378,-0.7421992377873471,0.9830913978494623,0.09898890720262378,-0.7421992377873471,0.9830913978494623,0.0,0.0,0.0,
short,batch,routeb_joint_inducing_points_mt64_ms64,4,complete,runs/task1_2/batch/routeb_joint_inducing_points_mt64_ms64/seed4,runs/task1_2/batch/routeb_joint_inducing_points_mt64_ms64/seed4/result.json,runs/task1_2/batch/routeb_joint_inducing_points_mt64_ms64/seed4/predictions.npz,runs/task1_2/batch/routeb_joint_inducing_points_mt64_ms64/seed4/status.json,complete,0.11010921300105236,-0.6908084471924516,0.9791397849462365,0.11010921300105236,-0.6908084471924516,0.9791397849462365,0.0,0.0,0.0,
short,batch,routeb_shared_residual_analytic_hippo_rff_mt128_ms128,0,complete,runs/task1_2/batch/routeb_shared_residual_analytic_hippo_rff_mt128_ms128/seed0,runs/task1_2/batch/routeb_shared_residual_analytic_hippo_rff_mt128_ms128/seed0/result.json,runs/task1_2/batch/routeb_shared_residual_analytic_hippo_rff_mt128_ms128/seed0/predictions.npz,runs/task1_2/batch/routeb_shared_residual_analytic_hippo_rff_mt128_ms128/seed0/status.json,complete,0.10404956612608009,-0.8350129570806525,0.9489784946236559,0.10404956612608009,-0.8350129570806525,0.9489784946236559,0.0,0.0,0.0,
short,batch,routeb_shared_residual_analytic_hippo_rff_mt128_ms128,1,complete,runs/task1_2/batch/routeb_shared_residual_analytic_hippo_rff_mt128_ms128/seed1,runs/task1_2/batch/routeb_shared_residual_analytic_hippo_rff_mt128_ms128/seed1/result.json,runs/task1_2/batch/routeb_shared_residual_analytic_hippo_rff_mt128_ms128/seed1/predictions.npz,runs/task1_2/batch/routeb_shared_residual_analytic_hippo_rff_mt128_ms128/seed1/status.json,complete,0.1071228512791276,-0.8185301602334282,0.9487903225806451,0.1071228512791276,-0.8185301602334282,0.9487903225806451,0.0,0.0,0.0,
short,batch,routeb_shared_residual_analytic_hippo_rff_mt128_ms128,2,complete,runs/task1_2/batch/routeb_shared_residual_analytic_hippo_rff_mt128_ms128/seed2,runs/task1_2/batch/routeb_shared_residual_analytic_hippo_rff_mt128_ms128/seed2/result.json,runs/task1_2/batch/routeb_shared_residual_analytic_hippo_rff_mt128_ms128/seed2/predictions.npz,runs/task1_2/batch/routeb_shared_residual_analytic_hippo_rff_mt128_ms128/seed2/status.json,complete,0.10426064089090219,-0.821670016859631,0.9554032258064517,0.10426064089090219,-0.821670016859631,0.9554032258064517,0.0,0.0,0.0,
short,batch,routeb_shared_residual_analytic_hippo_rff_mt128_ms128,3,complete,runs/task1_2/batch/routeb_shared_residual_analytic_hippo_rff_mt128_ms128/seed3,runs/task1_2/batch/routeb_shared_residual_analytic_hippo_rff_mt128_ms128/seed3/result.json,runs/task1_2/batch/routeb_shared_residual_analytic_hippo_rff_mt128_ms128/seed3/predictions.npz,runs/task1_2/batch/routeb_shared_residual_analytic_hippo_rff_mt128_ms128/seed3/status.json,complete,0.105182228852526,-0.8283280930264479,0.9589247311827958,0.105182228852526,-0.8283280930264479,0.9589247311827958,0.0,0.0,0.0,
short,batch,routeb_shared_residual_analytic_hippo_rff_mt128_ms128,4,complete,runs/task1_2/batch/routeb_shared_residual_analytic_hippo_rff_mt128_ms128/seed4,runs/task1_2/batch/routeb_shared_residual_analytic_hippo_rff_mt128_ms128/seed4/result.json,runs/task1_2/batch/routeb_shared_residual_analytic_hippo_rff_mt128_ms128/seed4/predictions.npz,runs/task1_2/batch/routeb_shared_residual_analytic_hippo_rff_mt128_ms128/seed4/status.json,complete,0.11634258423437835,-0.7760241174032961,0.948010752688172,0.11634258423437835,-0.7760241174032961,0.948010752688172,0.0,0.0,0.0,
short,batch,routeb_shared_residual_analytic_hippo_rff_mt128_ms64,0,complete,runs/task1_2/batch/routeb_shared_residual_analytic_hippo_rff_mt128_ms64/seed0,runs/task1_2/batch/routeb_shared_residual_analytic_hippo_rff_mt128_ms64/seed0/result.json,runs/task1_2/batch/routeb_shared_residual_analytic_hippo_rff_mt128_ms64/seed0/predictions.npz,runs/task1_2/batch/routeb_shared_residual_analytic_hippo_rff_mt128_ms64/seed0/status.json,complete,0.11980615599884134,-0.5988066549872247,0.9758064516129032,0.11980615599884134,-0.5988066549872247,0.9758064516129032,0.0,0.0,0.0,
short,batch,routeb_shared_residual_analytic_hippo_rff_mt128_ms64,1,complete,runs/task1_2/batch/routeb_shared_residual_analytic_hippo_rff_mt128_ms64/seed1,runs/task1_2/batch/routeb_shared_residual_analytic_hippo_rff_mt128_ms64/seed1/result.json,runs/task1_2/batch/routeb_shared_residual_analytic_hippo_rff_mt128_ms64/seed1/predictions.npz,runs/task1_2/batch/routeb_shared_residual_analytic_hippo_rff_mt128_ms64/seed1/status.json,complete,0.1310788718881864,-0.573364557149485,0.9676344086021506,0.1310788718881864,-0.573364557149485,0.9676344086021506,0.0,0.0,0.0,
short,batch,routeb_shared_residual_analytic_hippo_rff_mt128_ms64,2,complete,runs/task1_2/batch/routeb_shared_residual_analytic_hippo_rff_mt128_ms64/seed2,runs/task1_2/batch/routeb_shared_residual_analytic_hippo_rff_mt128_ms64/seed2/result.json,runs/task1_2/batch/routeb_shared_residual_analytic_hippo_rff_mt128_ms64/seed2/predictions.npz,runs/task1_2/batch/routeb_shared_residual_analytic_hippo_rff_mt128_ms64/seed2/status.json,complete,0.12284337892307301,-0.5837052120361712,0.9731451612903226,0.12284337892307301,-0.5837052120361712,0.9731451612903226,0.0,0.0,0.0,
short,batch,routeb_shared_residual_analytic_hippo_rff_mt128_ms64,3,complete,runs/task1_2/batch/routeb_shared_residual_analytic_hippo_rff_mt128_ms64/seed3,runs/task1_2/batch/routeb_shared_residual_analytic_hippo_rff_mt128_ms64/seed3/result.json,runs/task1_2/batch/routeb_shared_residual_analytic_hippo_rff_mt128_ms64/seed3/predictions.npz,runs/task1_2/batch/routeb_shared_residual_analytic_hippo_rff_mt128_ms64/seed3/status.json,complete,0.12638481408279792,-0.6058641539849948,0.9718279569892473,0.12638481408279792,-0.6058641539849948,0.9718279569892473,0.0,0.0,0.0,
short,batch,routeb_shared_residual_analytic_hippo_rff_mt128_ms64,4,complete,runs/task1_2/batch/routeb_shared_residual_analytic_hippo_rff_mt128_ms64/seed4,runs/task1_2/batch/routeb_shared_residual_analytic_hippo_rff_mt128_ms64/seed4/result.json,runs/task1_2/batch/routeb_shared_residual_analytic_hippo_rff_mt128_ms64/seed4/predictions.npz,runs/task1_2/batch/routeb_shared_residual_analytic_hippo_rff_mt128_ms64/seed4/status.json,complete,0.13685224327515083,-0.5728992523628202,0.9660483870967742,0.13685224327515083,-0.5728992523628202,0.9660483870967742,0.0,0.0,0.0,
short,batch,routeb_shared_residual_analytic_hippo_rff_mt64_ms64,0,complete,runs/task1_2/batch/routeb_shared_residual_analytic_hippo_rff_mt64_ms64/seed0,runs/task1_2/batch/routeb_shared_residual_analytic_hippo_rff_mt64_ms64/seed0/result.json,runs/task1_2/batch/routeb_shared_residual_analytic_hippo_rff_mt64_ms64/seed0/predictions.npz,runs/task1_2/batch/routeb_shared_residual_analytic_hippo_rff_mt64_ms64/seed0/status.json,complete,0.12336353592882435,-0.5434747606234582,0.9797849462365591,0.12336353592882435,-0.5434747606234582,0.9797849462365591,0.0,0.0,0.0,
short,batch,routeb_shared_residual_analytic_hippo_rff_mt64_ms64,1,complete,runs/task1_2/batch/routeb_shared_residual_analytic_hippo_rff_mt64_ms64/seed1,runs/task1_2/batch/routeb_shared_residual_analytic_hippo_rff_mt64_ms64/seed1/result.json,runs/task1_2/batch/routeb_shared_residual_analytic_hippo_rff_mt64_ms64/seed1/predictions.npz,runs/task1_2/batch/routeb_shared_residual_analytic_hippo_rff_mt64_ms64/seed1/status.json,complete,0.1346356578677523,-0.526329977630224,0.9718279569892473,0.1346356578677523,-0.526329977630224,0.9718279569892473,0.0,0.0,0.0,
short,batch,routeb_shared_residual_analytic_hippo_rff_mt64_ms64,2,complete,runs/task1_2/batch/routeb_shared_residual_analytic_hippo_rff_mt64_ms64/seed2,runs/task1_2/batch/routeb_shared_residual_analytic_hippo_rff_mt64_ms64/seed2/result.json,runs/task1_2/batch/routeb_shared_residual_analytic_hippo_rff_mt64_ms64/seed2/predictions.npz,runs/task1_2/batch/routeb_shared_residual_analytic_hippo_rff_mt64_ms64/seed2/status.json,complete,0.12671531468992492,-0.5263659308198674,0.9765322580645162,0.12671531468992492,-0.5263659308198674,0.9765322580645162,0.0,0.0,0.0,
short,batch,routeb_shared_residual_analytic_hippo_rff_mt64_ms64,3,complete,runs/task1_2/batch/routeb_shared_residual_analytic_hippo_rff_mt64_ms64/seed3,runs/task1_2/batch/routeb_shared_residual_analytic_hippo_rff_mt64_ms64/seed3/result.json,runs/task1_2/batch/routeb_shared_residual_analytic_hippo_rff_mt64_ms64/seed3/predictions.npz,runs/task1_2/batch/routeb_shared_residual_analytic_hippo_rff_mt64_ms64/seed3/status.json,complete,0.12944514931048876,-0.5571326296021935,0.9762365591397849,0.12944514931048876,-0.5571326296021935,0.9762365591397849,0.0,0.0,0.0,
short,batch,routeb_shared_residual_analytic_hippo_rff_mt64_ms64,4,complete,runs/task1_2/batch/routeb_shared_residual_analytic_hippo_rff_mt64_ms64/seed4,runs/task1_2/batch/routeb_shared_residual_analytic_hippo_rff_mt64_ms64/seed4/result.json,runs/task1_2/batch/routeb_shared_residual_analytic_hippo_rff_mt64_ms64/seed4/predictions.npz,runs/task1_2/batch/routeb_shared_residual_analytic_hippo_rff_mt64_ms64/seed4/status.json,complete,0.14102579108416874,-0.5273612247711923,0.968252688172043,0.14102579108416874,-0.5273612247711923,0.968252688172043,0.0,0.0,0.0,
short,batch,routeb_shared_residual_inducing_points_mt128_ms128,0,complete,runs/task1_2/batch/routeb_shared_residual_inducing_points_mt128_ms128/seed0,runs/task1_2/batch/routeb_shared_residual_inducing_points_mt128_ms128/seed0/result.json,runs/task1_2/batch/routeb_shared_residual_inducing_points_mt128_ms128/seed0/predictions.npz,runs/task1_2/batch/routeb_shared_residual_inducing_points_mt128_ms128/seed0/status.json,complete,0.08861440900878575,-0.9786096063800838,0.9591666666666666,0.08861440900878575,-0.9786096063800838,0.9591666666666666,0.0,0.0,0.0,
short,batch,routeb_shared_residual_inducing_points_mt128_ms128,1,complete,runs/task1_2/batch/routeb_shared_residual_inducing_points_mt128_ms128/seed1,runs/task1_2/batch/routeb_shared_residual_inducing_points_mt128_ms128/seed1/result.json,runs/task1_2/batch/routeb_shared_residual_inducing_points_mt128_ms128/seed1/predictions.npz,runs/task1_2/batch/routeb_shared_residual_inducing_points_mt128_ms128/seed1/status.json,complete,0.09343858680263747,-0.9540192621546946,0.9563440860215053,0.09343858680263747,-0.9540192621546946,0.9563440860215053,0.0,0.0,0.0,
short,batch,routeb_shared_residual_inducing_points_mt128_ms128,2,complete,runs/task1_2/batch/routeb_shared_residual_inducing_points_mt128_ms128/seed2,runs/task1_2/batch/routeb_shared_residual_inducing_points_mt128_ms128/seed2/result.json,runs/task1_2/batch/routeb_shared_residual_inducing_points_mt128_ms128/seed2/predictions.npz,runs/task1_2/batch/routeb_shared_residual_inducing_points_mt128_ms128/seed2/status.json,complete,0.08997055441213678,-0.9641325964749508,0.9598387096774194,0.08997055441213678,-0.9641325964749508,0.9598387096774194,0.0,0.0,0.0,
short,batch,routeb_shared_residual_inducing_points_mt128_ms128,3,complete,runs/task1_2/batch/routeb_shared_residual_inducing_points_mt128_ms128/seed3,runs/task1_2/batch/routeb_shared_residual_inducing_points_mt128_ms128/seed3/result.json,runs/task1_2/batch/routeb_shared_residual_inducing_points_mt128_ms128/seed3/predictions.npz,runs/task1_2/batch/routeb_shared_residual_inducing_points_mt128_ms128/seed3/status.json,complete,0.09153260919639329,-0.9662911059049534,0.9653225806451613,0.09153260919639329,-0.9662911059049534,0.9653225806451613,0.0,0.0,0.0,
short,batch,routeb_shared_residual_inducing_points_mt128_ms128,4,complete,runs/task1_2/batch/routeb_shared_residual_inducing_points_mt128_ms128/seed4,runs/task1_2/batch/routeb_shared_residual_inducing_points_mt128_ms128/seed4/result.json,runs/task1_2/batch/routeb_shared_residual_inducing_points_mt128_ms128/seed4/predictions.npz,runs/task1_2/batch/routeb_shared_residual_inducing_points_mt128_ms128/seed4/status.json,complete,0.1036869605132387,-0.9037584969390101,0.951989247311828,0.1036869605132387,-0.9037584969390101,0.951989247311828,0.0,0.0,0.0,
short,batch,routeb_shared_residual_inducing_points_mt128_ms64,0,complete,runs/task1_2/batch/routeb_shared_residual_inducing_points_mt128_ms64/seed0,runs/task1_2/batch/routeb_shared_residual_inducing_points_mt128_ms64/seed0/result.json,runs/task1_2/batch/routeb_shared_residual_inducing_points_mt128_ms64/seed0/predictions.npz,runs/task1_2/batch/routeb_shared_residual_inducing_points_mt128_ms64/seed0/status.json,complete,0.10866555295391142,-0.7416674845637793,0.9698655913978494,0.10866555295391142,-0.7416674845637793,0.9698655913978494,0.0,0.0,0.0,
short,batch,routeb_shared_residual_inducing_points_mt128_ms64,1,complete,runs/task1_2/batch/routeb_shared_residual_inducing_points_mt128_ms64/seed1,runs/task1_2/batch/routeb_shared_residual_inducing_points_mt128_ms64/seed1/result.json,runs/task1_2/batch/routeb_shared_residual_inducing_points_mt128_ms64/seed1/predictions.npz,runs/task1_2/batch/routeb_shared_residual_inducing_points_mt128_ms64/seed1/status.json,complete,0.1209745173054123,-0.701693790176793,0.9561827956989247,0.1209745173054123,-0.701693790176793,0.9561827956989247,0.0,0.0,0.0,
short,batch,routeb_shared_residual_inducing_points_mt128_ms64,2,complete,runs/task1_2/batch/routeb_shared_residual_inducing_points_mt128_ms64/seed2,runs/task1_2/batch/routeb_shared_residual_inducing_points_mt128_ms64/seed2/result.json,runs/task1_2/batch/routeb_shared_residual_inducing_points_mt128_ms64/seed2/predictions.npz,runs/task1_2/batch/routeb_shared_residual_inducing_points_mt128_ms64/seed2/status.json,complete,0.11262150191866041,-0.7143864506177154,0.9644354838709678,0.11262150191866041,-0.7143864506177154,0.9644354838709678,0.0,0.0,0.0,
short,batch,routeb_shared_residual_inducing_points_mt128_ms64,3,complete,runs/task1_2/batch/routeb_shared_residual_inducing_points_mt128_ms64/seed3,runs/task1_2/batch/routeb_shared_residual_inducing_points_mt128_ms64/seed3/result.json,runs/task1_2/batch/routeb_shared_residual_inducing_points_mt128_ms64/seed3/predictions.npz,runs/task1_2/batch/routeb_shared_residual_inducing_points_mt128_ms64/seed3/status.json,complete,0.1165630265951248,-0.7328358662123522,0.9616129032258065,0.1165630265951248,-0.7328358662123522,0.9616129032258065,0.0,0.0,0.0,
short,batch,routeb_shared_residual_inducing_points_mt128_ms64,4,complete,runs/task1_2/batch/routeb_shared_residual_inducing_points_mt128_ms64/seed4,runs/task1_2/batch/routeb_shared_residual_inducing_points_mt128_ms64/seed4/result.json,runs/task1_2/batch/routeb_shared_residual_inducing_points_mt128_ms64/seed4/predictions.npz,runs/task1_2/batch/routeb_shared_residual_inducing_points_mt128_ms64/seed4/status.json,complete,0.12849527444239883,-0.6746376302888323,0.9545967741935484,0.12849527444239883,-0.6746376302888323,0.9545967741935484,0.0,0.0,0.0,
short,batch,routeb_shared_residual_inducing_points_mt64_ms64,0,complete,runs/task1_2/batch/routeb_shared_residual_inducing_points_mt64_ms64/seed0,runs/task1_2/batch/routeb_shared_residual_inducing_points_mt64_ms64/seed0/result.json,runs/task1_2/batch/routeb_shared_residual_inducing_points_mt64_ms64/seed0/predictions.npz,runs/task1_2/batch/routeb_shared_residual_inducing_points_mt64_ms64/seed0/status.json,complete,0.11898081416965128,-0.6093944435992715,0.9757795698924732,0.11898081416965128,-0.6093944435992715,0.9757795698924732,0.0,0.0,0.0,
short,batch,routeb_shared_residual_inducing_points_mt64_ms64,1,complete,runs/task1_2/batch/routeb_shared_residual_inducing_points_mt64_ms64/seed1,runs/task1_2/batch/routeb_shared_residual_inducing_points_mt64_ms64/seed1/result.json,runs/task1_2/batch/routeb_shared_residual_inducing_points_mt64_ms64/seed1/predictions.npz,runs/task1_2/batch/routeb_shared_residual_inducing_points_mt64_ms64/seed1/status.json,complete,0.1301435356060084,-0.5823974467163124,0.9668817204301076,0.1301435356060084,-0.5823974467163124,0.9668817204301076,0.0,0.0,0.0,
short,batch,routeb_shared_residual_inducing_points_mt64_ms64,2,complete,runs/task1_2/batch/routeb_shared_residual_inducing_points_mt64_ms64/seed2,runs/task1_2/batch/routeb_shared_residual_inducing_points_mt64_ms64/seed2/result.json,runs/task1_2/batch/routeb_shared_residual_inducing_points_mt64_ms64/seed2/predictions.npz,runs/task1_2/batch/routeb_shared_residual_inducing_points_mt64_ms64/seed2/status.json,complete,0.12229512818846527,-0.5898113013419912,0.9732258064516129,0.12229512818846527,-0.5898113013419912,0.9732258064516129,0.0,0.0,0.0,
short,batch,routeb_shared_residual_inducing_points_mt64_ms64,3,complete,runs/task1_2/batch/routeb_shared_residual_inducing_points_mt64_ms64/seed3,runs/task1_2/batch/routeb_shared_residual_inducing_points_mt64_ms64/seed3/result.json,runs/task1_2/batch/routeb_shared_residual_inducing_points_mt64_ms64/seed3/predictions.npz,runs/task1_2/batch/routeb_shared_residual_inducing_points_mt64_ms64/seed3/status.json,complete,0.1256260950253248,-0.6081455048814649,0.9703225806451613,0.1256260950253248,-0.6081455048814649,0.9703225806451613,0.0,0.0,0.0,
short,batch,routeb_shared_residual_inducing_points_mt64_ms64,4,complete,runs/task1_2/batch/routeb_shared_residual_inducing_points_mt64_ms64/seed4,runs/task1_2/batch/routeb_shared_residual_inducing_points_mt64_ms64/seed4/result.json,runs/task1_2/batch/routeb_shared_residual_inducing_points_mt64_ms64/seed4/predictions.npz,runs/task1_2/batch/routeb_shared_residual_inducing_points_mt64_ms64/seed4/status.json,complete,0.13665414182376898,-0.5561427919030248,0.9666129032258064,0.13665414182376898,-0.5561427919030248,0.9666129032258064,0.0,0.0,0.0,
short,batch,xlag_mean_only,0,complete,runs/task1_2/batch/xlag_mean_only/seed0,runs/task1_2/batch/xlag_mean_only/seed0/result.json,runs/task1_2/batch/xlag_mean_only/seed0/predictions.npz,runs/task1_2/batch/xlag_mean_only/seed0/status.json,complete,0.37181397521689735,0.4298465670497848,0.9066935483870968,0.37181397521689735,0.4298465670497848,0.9066935483870968,0.0,0.0,0.0,
short,batch,xlag_mean_only,1,complete,runs/task1_2/batch/xlag_mean_only/seed1,runs/task1_2/batch/xlag_mean_only/seed1/result.json,runs/task1_2/batch/xlag_mean_only/seed1/predictions.npz,runs/task1_2/batch/xlag_mean_only/seed1/status.json,complete,0.3680344269847609,0.4193714705027901,0.909731182795699,0.3680344269847609,0.4193714705027901,0.909731182795699,0.0,0.0,0.0,
short,batch,xlag_mean_only,2,complete,runs/task1_2/batch/xlag_mean_only/seed2,runs/task1_2/batch/xlag_mean_only/seed2/result.json,runs/task1_2/batch/xlag_mean_only/seed2/predictions.npz,runs/task1_2/batch/xlag_mean_only/seed2/status.json,complete,0.36407951330296723,0.4086547860872989,0.9137096774193548,0.36407951330296723,0.4086547860872989,0.9137096774193548,0.0,0.0,0.0,
short,batch,xlag_mean_only,3,complete,runs/task1_2/batch/xlag_mean_only/seed3,runs/task1_2/batch/xlag_mean_only/seed3/result.json,runs/task1_2/batch/xlag_mean_only/seed3/predictions.npz,runs/task1_2/batch/xlag_mean_only/seed3/status.json,complete,0.36281409369511636,0.4052787825868979,0.9136827956989247,0.36281409369511636,0.4052787825868979,0.9136827956989247,0.0,0.0,0.0,
short,batch,xlag_mean_only,4,complete,runs/task1_2/batch/xlag_mean_only/seed4,runs/task1_2/batch/xlag_mean_only/seed4/result.json,runs/task1_2/batch/xlag_mean_only/seed4/predictions.npz,runs/task1_2/batch/xlag_mean_only/seed4/status.json,complete,0.3700882353863273,0.42502594769997587,0.9061827956989247,0.3700882353863273,0.42502594769997587,0.9061827956989247,0.0,0.0,0.0,
short,online,bui_osgpr_mt2_ms64,0,complete,runs/task1_2/online/bui_osgpr_mt2_ms64/seed0,runs/task1_2/online/bui_osgpr_mt2_ms64/seed0/result.json,runs/task1_2/online/bui_osgpr_mt2_ms64/seed0/predictions.npz,runs/task1_2/online/bui_osgpr_mt2_ms64/seed0/status.json,complete,0.6381142825286642,0.9919210320726674,0.9203225806451613,0.6381142825286642,0.9919210320726674,0.9203225806451613,0.0,0.0,0.0,
short,online,bui_osgpr_mt2_ms64,1,complete,runs/task1_2/online/bui_osgpr_mt2_ms64/seed1,runs/task1_2/online/bui_osgpr_mt2_ms64/seed1/result.json,runs/task1_2/online/bui_osgpr_mt2_ms64/seed1/predictions.npz,runs/task1_2/online/bui_osgpr_mt2_ms64/seed1/status.json,complete,0.627145816604073,0.986549498923243,0.9353494623655914,0.627145816604073,0.986549498923243,0.9353494623655914,0.0,0.0,0.0,
short,online,bui_osgpr_mt2_ms64,2,complete,runs/task1_2/online/bui_osgpr_mt2_ms64/seed2,runs/task1_2/online/bui_osgpr_mt2_ms64/seed2/result.json,runs/task1_2/online/bui_osgpr_mt2_ms64/seed2/predictions.npz,runs/task1_2/online/bui_osgpr_mt2_ms64/seed2/status.json,complete,0.6307335134277987,0.9917612866125003,0.9268817204301075,0.6307335134277987,0.9917612866125003,0.9268817204301075,0.0,0.0,0.0,
short,online,bui_osgpr_mt2_ms64,3,complete,runs/task1_2/online/bui_osgpr_mt2_ms64/seed3,runs/task1_2/online/bui_osgpr_mt2_ms64/seed3/result.json,runs/task1_2/online/bui_osgpr_mt2_ms64/seed3/predictions.npz,runs/task1_2/online/bui_osgpr_mt2_ms64/seed3/status.json,complete,0.6268802098671533,0.958973589917175,0.9027956989247312,0.6268802098671533,0.958973589917175,0.9027956989247312,0.0,0.0,0.0,
short,online,bui_osgpr_mt2_ms64,4,complete,runs/task1_2/online/bui_osgpr_mt2_ms64/seed4,runs/task1_2/online/bui_osgpr_mt2_ms64/seed4/result.json,runs/task1_2/online/bui_osgpr_mt2_ms64/seed4/predictions.npz,runs/task1_2/online/bui_osgpr_mt2_ms64/seed4/status.json,complete,0.6555843938461939,1.0184576489280024,0.9117204301075269,0.6555843938461939,1.0184576489280024,0.9117204301075269,0.0,0.0,0.0,
short,online,maddox_streaming_sgpr_mt2_ms64,0,complete,runs/task1_2/online/maddox_streaming_sgpr_mt2_ms64/seed0,runs/task1_2/online/maddox_streaming_sgpr_mt2_ms64/seed0/result.json,runs/task1_2/online/maddox_streaming_sgpr_mt2_ms64/seed0/predictions.npz,runs/task1_2/online/maddox_streaming_sgpr_mt2_ms64/seed0/status.json,complete,0.5761058865937261,1.0878211471166828,0.9544086021505377,0.5761058865937261,1.0878211471166828,0.9544086021505377,0.0,0.0,0.0,
short,online,maddox_streaming_sgpr_mt2_ms64,1,complete,runs/task1_2/online/maddox_streaming_sgpr_mt2_ms64/seed1,runs/task1_2/online/maddox_streaming_sgpr_mt2_ms64/seed1/result.json,runs/task1_2/online/maddox_streaming_sgpr_mt2_ms64/seed1/predictions.npz,runs/task1_2/online/maddox_streaming_sgpr_mt2_ms64/seed1/status.json,complete,0.4114343125972443,0.9102373035318673,0.9498924731182796,0.4114343125972443,0.9102373035318673,0.9498924731182796,0.0,0.0,0.0,
short,online,maddox_streaming_sgpr_mt2_ms64,2,complete,runs/task1_2/online/maddox_streaming_sgpr_mt2_ms64/seed2,runs/task1_2/online/maddox_streaming_sgpr_mt2_ms64/seed2/result.json,runs/task1_2/online/maddox_streaming_sgpr_mt2_ms64/seed2/predictions.npz,runs/task1_2/online/maddox_streaming_sgpr_mt2_ms64/seed2/status.json,complete,0.27185782817965476,0.31862746030939126,0.9658333333333333,0.27185782817965476,0.31862746030939126,0.9658333333333333,0.0,0.0,0.0,
short,online,maddox_streaming_sgpr_mt2_ms64,3,complete,runs/task1_2/online/maddox_streaming_sgpr_mt2_ms64/seed3,runs/task1_2/online/maddox_streaming_sgpr_mt2_ms64/seed3/result.json,runs/task1_2/online/maddox_streaming_sgpr_mt2_ms64/seed3/predictions.npz,runs/task1_2/online/maddox_streaming_sgpr_mt2_ms64/seed3/status.json,complete,0.26214670949148755,0.25636711051662486,0.9652150537634409,0.26214670949148755,0.25636711051662486,0.9652150537634409,0.0,0.0,0.0,
short,online,maddox_streaming_sgpr_mt2_ms64,4,complete,runs/task1_2/online/maddox_streaming_sgpr_mt2_ms64/seed4,runs/task1_2/online/maddox_streaming_sgpr_mt2_ms64/seed4/result.json,runs/task1_2/online/maddox_streaming_sgpr_mt2_ms64/seed4/predictions.npz,runs/task1_2/online/maddox_streaming_sgpr_mt2_ms64/seed4/status.json,complete,0.27773412793919167,0.4051324416907711,0.9661290322580646,0.27773412793919167,0.4051324416907711,0.9661290322580646,0.0,0.0,0.0,
short,online,official_ohsvgp_m32_rff128,0,complete,runs/task1_2/online/official_ohsvgp_m32_rff128/seed0,runs/task1_2/online/official_ohsvgp_m32_rff128/seed0/result.json,runs/task1_2/online/official_ohsvgp_m32_rff128/seed0/predictions.npz,runs/task1_2/online/official_ohsvgp_m32_rff128/seed0/status.json,complete,0.6233630346813566,0.9596101159737633,0.884489247311828,0.6233630346813566,0.9596101159737633,0.884489247311828,0.0,0.0,0.0,
short,online,official_ohsvgp_m32_rff128,1,complete,runs/task1_2/online/official_ohsvgp_m32_rff128/seed1,runs/task1_2/online/official_ohsvgp_m32_rff128/seed1/result.json,runs/task1_2/online/official_ohsvgp_m32_rff128/seed1/predictions.npz,runs/task1_2/online/official_ohsvgp_m32_rff128/seed1/status.json,complete,0.5983349371908986,0.9164405353930144,0.910241935483871,0.5983349371908986,0.9164405353930144,0.910241935483871,0.0,0.0,0.0,
short,online,official_ohsvgp_m32_rff128,2,complete,runs/task1_2/online/official_ohsvgp_m32_rff128/seed2,runs/task1_2/online/official_ohsvgp_m32_rff128/seed2/result.json,runs/task1_2/online/official_ohsvgp_m32_rff128/seed2/predictions.npz,runs/task1_2/online/official_ohsvgp_m32_rff128/seed2/status.json,complete,0.6083397330654973,0.9319716220525703,0.8986021505376344,0.6083397330654973,0.9319716220525703,0.8986021505376344,0.0,0.0,0.0,
short,online,official_ohsvgp_m32_rff128,3,complete,runs/task1_2/online/official_ohsvgp_m32_rff128/seed3,runs/task1_2/online/official_ohsvgp_m32_rff128/seed3/result.json,runs/task1_2/online/official_ohsvgp_m32_rff128/seed3/predictions.npz,runs/task1_2/online/official_ohsvgp_m32_rff128/seed3/status.json,complete,0.6229281399301226,0.9584787523698202,0.8685215053763441,0.6229281399301226,0.9584787523698202,0.8685215053763441,0.0,0.0,0.0,
short,online,official_ohsvgp_m32_rff128,4,complete,runs/task1_2/online/official_ohsvgp_m32_rff128/seed4,runs/task1_2/online/official_ohsvgp_m32_rff128/seed4/result.json,runs/task1_2/online/official_ohsvgp_m32_rff128/seed4/predictions.npz,runs/task1_2/online/official_ohsvgp_m32_rff128/seed4/status.json,complete,0.6129025005675529,0.9562920504874857,0.8827419354838709,0.6129025005675529,0.9562920504874857,0.8827419354838709,0.0,0.0,0.0,
short,online,postprocess_task2_online_segments_bui_osgpr_mt2_ms64,0,missing,runs/task1_2/online/bui_osgpr_mt2_ms64/seed0,,,,,,,,,,,,,,missing_manifest_job_artifacts:online_short.jsonl
short,online,postprocess_task2_online_segments_bui_osgpr_mt2_ms64,1,missing,runs/task1_2/online/bui_osgpr_mt2_ms64/seed1,,,,,,,,,,,,,,missing_manifest_job_artifacts:online_short.jsonl
short,online,postprocess_task2_online_segments_bui_osgpr_mt2_ms64,2,missing,runs/task1_2/online/bui_osgpr_mt2_ms64/seed2,,,,,,,,,,,,,,missing_manifest_job_artifacts:online_short.jsonl
short,online,postprocess_task2_online_segments_bui_osgpr_mt2_ms64,3,missing,runs/task1_2/online/bui_osgpr_mt2_ms64/seed3,,,,,,,,,,,,,,missing_manifest_job_artifacts:online_short.jsonl
short,online,postprocess_task2_online_segments_bui_osgpr_mt2_ms64,4,missing,runs/task1_2/online/bui_osgpr_mt2_ms64/seed4,,,,,,,,,,,,,,missing_manifest_job_artifacts:online_short.jsonl
short,online,postprocess_task2_online_segments_maddox_streaming_sgpr_mt2_ms64,0,missing,runs/task1_2/online/maddox_streaming_sgpr_mt2_ms64/seed0,,,,,,,,,,,,,,missing_manifest_job_artifacts:online_short.jsonl
short,online,postprocess_task2_online_segments_maddox_streaming_sgpr_mt2_ms64,1,missing,runs/task1_2/online/maddox_streaming_sgpr_mt2_ms64/seed1,,,,,,,,,,,,,,missing_manifest_job_artifacts:online_short.jsonl
short,online,postprocess_task2_online_segments_maddox_streaming_sgpr_mt2_ms64,2,missing,runs/task1_2/online/maddox_streaming_sgpr_mt2_ms64/seed2,,,,,,,,,,,,,,missing_manifest_job_artifacts:online_short.jsonl
short,online,postprocess_task2_online_segments_maddox_streaming_sgpr_mt2_ms64,3,missing,runs/task1_2/online/maddox_streaming_sgpr_mt2_ms64/seed3,,,,,,,,,,,,,,missing_manifest_job_artifacts:online_short.jsonl
short,online,postprocess_task2_online_segments_maddox_streaming_sgpr_mt2_ms64,4,missing,runs/task1_2/online/maddox_streaming_sgpr_mt2_ms64/seed4,,,,,,,,,,,,,,missing_manifest_job_artifacts:online_short.jsonl
short,online,postprocess_task2_online_segments_official_ohsvgp_m32_rff128,0,missing,runs/task1_2/online/official_ohsvgp_m32_rff128/seed0,,,,,,,,,,,,,,missing_manifest_job_artifacts:online_short.jsonl
short,online,postprocess_task2_online_segments_official_ohsvgp_m32_rff128,1,missing,runs/task1_2/online/official_ohsvgp_m32_rff128/seed1,,,,,,,,,,,,,,missing_manifest_job_artifacts:online_short.jsonl
short,online,postprocess_task2_online_segments_official_ohsvgp_m32_rff128,2,missing,runs/task1_2/online/official_ohsvgp_m32_rff128/seed2,,,,,,,,,,,,,,missing_manifest_job_artifacts:online_short.jsonl
short,online,postprocess_task2_online_segments_official_ohsvgp_m32_rff128,3,missing,runs/task1_2/online/official_ohsvgp_m32_rff128/seed3,,,,,,,,,,,,,,missing_manifest_job_artifacts:online_short.jsonl
short,online,postprocess_task2_online_segments_official_ohsvgp_m32_rff128,4,missing,runs/task1_2/online/official_ohsvgp_m32_rff128/seed4,,,,,,,,,,,,,,missing_manifest_job_artifacts:online_short.jsonl
short,online,postprocess_task2_online_segments_routeb_cumulative_hippo_mt128_ms128,0,missing,runs/task1_2/online/routeb_cumulative_hippo_mt128_ms128/seed0,,,,,,,,,,,,,,missing_manifest_job_artifacts:online_short.jsonl
short,online,postprocess_task2_online_segments_routeb_cumulative_hippo_mt128_ms128,1,missing,runs/task1_2/online/routeb_cumulative_hippo_mt128_ms128/seed1,,,,,,,,,,,,,,missing_manifest_job_artifacts:online_short.jsonl
short,online,postprocess_task2_online_segments_routeb_cumulative_hippo_mt128_ms128,2,missing,runs/task1_2/online/routeb_cumulative_hippo_mt128_ms128/seed2,,,,,,,,,,,,,,missing_manifest_job_artifacts:online_short.jsonl
short,online,postprocess_task2_online_segments_routeb_cumulative_hippo_mt128_ms128,3,missing,runs/task1_2/online/routeb_cumulative_hippo_mt128_ms128/seed3,,,,,,,,,,,,,,missing_manifest_job_artifacts:online_short.jsonl
short,online,postprocess_task2_online_segments_routeb_cumulative_hippo_mt128_ms128,4,missing,runs/task1_2/online/routeb_cumulative_hippo_mt128_ms128/seed4,,,,,,,,,,,,,,missing_manifest_job_artifacts:online_short.jsonl
short,online,postprocess_task2_online_segments_routeb_cumulative_hippo_mt128_ms64,0,missing,runs/task1_2/online/routeb_cumulative_hippo_mt128_ms64/seed0,,,,,,,,,,,,,,missing_manifest_job_artifacts:online_short.jsonl
short,online,postprocess_task2_online_segments_routeb_cumulative_hippo_mt128_ms64,1,missing,runs/task1_2/online/routeb_cumulative_hippo_mt128_ms64/seed1,,,,,,,,,,,,,,missing_manifest_job_artifacts:online_short.jsonl
short,online,postprocess_task2_online_segments_routeb_cumulative_hippo_mt128_ms64,2,missing,runs/task1_2/online/routeb_cumulative_hippo_mt128_ms64/seed2,,,,,,,,,,,,,,missing_manifest_job_artifacts:online_short.jsonl
short,online,postprocess_task2_online_segments_routeb_cumulative_hippo_mt128_ms64,3,missing,runs/task1_2/online/routeb_cumulative_hippo_mt128_ms64/seed3,,,,,,,,,,,,,,missing_manifest_job_artifacts:online_short.jsonl
short,online,postprocess_task2_online_segments_routeb_cumulative_hippo_mt128_ms64,4,missing,runs/task1_2/online/routeb_cumulative_hippo_mt128_ms64/seed4,,,,,,,,,,,,,,missing_manifest_job_artifacts:online_short.jsonl
short,online,postprocess_task2_online_segments_routeb_cumulative_hippo_mt64_ms64,0,missing,runs/task1_2/online/routeb_cumulative_hippo_mt64_ms64/seed0,,,,,,,,,,,,,,missing_manifest_job_artifacts:online_short.jsonl
short,online,postprocess_task2_online_segments_routeb_cumulative_hippo_mt64_ms64,1,missing,runs/task1_2/online/routeb_cumulative_hippo_mt64_ms64/seed1,,,,,,,,,,,,,,missing_manifest_job_artifacts:online_short.jsonl
short,online,postprocess_task2_online_segments_routeb_cumulative_hippo_mt64_ms64,2,missing,runs/task1_2/online/routeb_cumulative_hippo_mt64_ms64/seed2,,,,,,,,,,,,,,missing_manifest_job_artifacts:online_short.jsonl
short,online,postprocess_task2_online_segments_routeb_cumulative_hippo_mt64_ms64,3,missing,runs/task1_2/online/routeb_cumulative_hippo_mt64_ms64/seed3,,,,,,,,,,,,,,missing_manifest_job_artifacts:online_short.jsonl
short,online,postprocess_task2_online_segments_routeb_cumulative_hippo_mt64_ms64,4,missing,runs/task1_2/online/routeb_cumulative_hippo_mt64_ms64/seed4,,,,,,,,,,,,,,missing_manifest_job_artifacts:online_short.jsonl
short,online,postprocess_task2_online_segments_routeb_global_inducing_mt128_ms128,0,missing,runs/task1_2/online/routeb_global_inducing_mt128_ms128/seed0,,,,,,,,,,,,,,missing_manifest_job_artifacts:online_short.jsonl
short,online,postprocess_task2_online_segments_routeb_global_inducing_mt128_ms128,1,missing,runs/task1_2/online/routeb_global_inducing_mt128_ms128/seed1,,,,,,,,,,,,,,missing_manifest_job_artifacts:online_short.jsonl
short,online,postprocess_task2_online_segments_routeb_global_inducing_mt128_ms128,2,missing,runs/task1_2/online/routeb_global_inducing_mt128_ms128/seed2,,,,,,,,,,,,,,missing_manifest_job_artifacts:online_short.jsonl
short,online,postprocess_task2_online_segments_routeb_global_inducing_mt128_ms128,3,missing,runs/task1_2/online/routeb_global_inducing_mt128_ms128/seed3,,,,,,,,,,,,,,missing_manifest_job_artifacts:online_short.jsonl
short,online,postprocess_task2_online_segments_routeb_global_inducing_mt128_ms128,4,missing,runs/task1_2/online/routeb_global_inducing_mt128_ms128/seed4,,,,,,,,,,,,,,missing_manifest_job_artifacts:online_short.jsonl
short,online,postprocess_task2_online_segments_routeb_global_inducing_mt128_ms64,0,missing,runs/task1_2/online/routeb_global_inducing_mt128_ms64/seed0,,,,,,,,,,,,,,missing_manifest_job_artifacts:online_short.jsonl
short,online,postprocess_task2_online_segments_routeb_global_inducing_mt128_ms64,1,missing,runs/task1_2/online/routeb_global_inducing_mt128_ms64/seed1,,,,,,,,,,,,,,missing_manifest_job_artifacts:online_short.jsonl
short,online,postprocess_task2_online_segments_routeb_global_inducing_mt128_ms64,2,missing,runs/task1_2/online/routeb_global_inducing_mt128_ms64/seed2,,,,,,,,,,,,,,missing_manifest_job_artifacts:online_short.jsonl
short,online,postprocess_task2_online_segments_routeb_global_inducing_mt128_ms64,3,missing,runs/task1_2/online/routeb_global_inducing_mt128_ms64/seed3,,,,,,,,,,,,,,missing_manifest_job_artifacts:online_short.jsonl
short,online,postprocess_task2_online_segments_routeb_global_inducing_mt128_ms64,4,missing,runs/task1_2/online/routeb_global_inducing_mt128_ms64/seed4,,,,,,,,,,,,,,missing_manifest_job_artifacts:online_short.jsonl
short,online,postprocess_task2_online_segments_routeb_global_inducing_mt64_ms64,0,missing,runs/task1_2/online/routeb_global_inducing_mt64_ms64/seed0,,,,,,,,,,,,,,missing_manifest_job_artifacts:online_short.jsonl
short,online,postprocess_task2_online_segments_routeb_global_inducing_mt64_ms64,1,missing,runs/task1_2/online/routeb_global_inducing_mt64_ms64/seed1,,,,,,,,,,,,,,missing_manifest_job_artifacts:online_short.jsonl
short,online,postprocess_task2_online_segments_routeb_global_inducing_mt64_ms64,2,missing,runs/task1_2/online/routeb_global_inducing_mt64_ms64/seed2,,,,,,,,,,,,,,missing_manifest_job_artifacts:online_short.jsonl
short,online,postprocess_task2_online_segments_routeb_global_inducing_mt64_ms64,3,missing,runs/task1_2/online/routeb_global_inducing_mt64_ms64/seed3,,,,,,,,,,,,,,missing_manifest_job_artifacts:online_short.jsonl
short,online,postprocess_task2_online_segments_routeb_global_inducing_mt64_ms64,4,missing,runs/task1_2/online/routeb_global_inducing_mt64_ms64/seed4,,,,,,,,,,,,,,missing_manifest_job_artifacts:online_short.jsonl
short,online,postprocess_task2_online_segments_xlag_recursive_rls,0,missing,runs/task1_2/online/xlag_recursive_rls/seed0,,,,,,,,,,,,,,missing_manifest_job_artifacts:online_short.jsonl
short,online,postprocess_task2_online_segments_xlag_recursive_rls,1,missing,runs/task1_2/online/xlag_recursive_rls/seed1,,,,,,,,,,,,,,missing_manifest_job_artifacts:online_short.jsonl
short,online,postprocess_task2_online_segments_xlag_recursive_rls,2,missing,runs/task1_2/online/xlag_recursive_rls/seed2,,,,,,,,,,,,,,missing_manifest_job_artifacts:online_short.jsonl
short,online,postprocess_task2_online_segments_xlag_recursive_rls,3,missing,runs/task1_2/online/xlag_recursive_rls/seed3,,,,,,,,,,,,,,missing_manifest_job_artifacts:online_short.jsonl
short,online,postprocess_task2_online_segments_xlag_recursive_rls,4,missing,runs/task1_2/online/xlag_recursive_rls/seed4,,,,,,,,,,,,,,missing_manifest_job_artifacts:online_short.jsonl
short,online,postprocess_task2_online_segments_xlag_task1_fixed,0,missing,runs/task1_2/online/xlag_task1_fixed/seed0,,,,,,,,,,,,,,missing_manifest_job_artifacts:online_short.jsonl
short,online,postprocess_task2_online_segments_xlag_task1_fixed,1,missing,runs/task1_2/online/xlag_task1_fixed/seed1,,,,,,,,,,,,,,missing_manifest_job_artifacts:online_short.jsonl
short,online,postprocess_task2_online_segments_xlag_task1_fixed,2,missing,runs/task1_2/online/xlag_task1_fixed/seed2,,,,,,,,,,,,,,missing_manifest_job_artifacts:online_short.jsonl
short,online,postprocess_task2_online_segments_xlag_task1_fixed,3,missing,runs/task1_2/online/xlag_task1_fixed/seed3,,,,,,,,,,,,,,missing_manifest_job_artifacts:online_short.jsonl
short,online,postprocess_task2_online_segments_xlag_task1_fixed,4,missing,runs/task1_2/online/xlag_task1_fixed/seed4,,,,,,,,,,,,,,missing_manifest_job_artifacts:online_short.jsonl
short,online,routeb_cumulative_hippo_mt128_ms128,0,complete,runs/task1_2/online/routeb_cumulative_hippo_mt128_ms128/seed0,runs/task1_2/online/routeb_cumulative_hippo_mt128_ms128/seed0/result.json,runs/task1_2/online/routeb_cumulative_hippo_mt128_ms128/seed0/predictions.npz,runs/task1_2/online/routeb_cumulative_hippo_mt128_ms128/seed0/status.json,complete,0.08432551524123098,-1.0403061436084582,0.9539247311827957,0.08432551524123098,-1.0403061436084582,0.9539247311827957,0.0,0.0,0.0,
short,online,routeb_cumulative_hippo_mt128_ms128,1,complete,runs/task1_2/online/routeb_cumulative_hippo_mt128_ms128/seed1,runs/task1_2/online/routeb_cumulative_hippo_mt128_ms128/seed1/result.json,runs/task1_2/online/routeb_cumulative_hippo_mt128_ms128/seed1/predictions.npz,runs/task1_2/online/routeb_cumulative_hippo_mt128_ms128/seed1/status.json,complete,0.09020644180317397,-1.008604707363534,0.9473387096774194,0.09020644180317397,-1.008604707363534,0.9473387096774194,0.0,0.0,0.0,
short,online,routeb_cumulative_hippo_mt128_ms128,2,complete,runs/task1_2/online/routeb_cumulative_hippo_mt128_ms128/seed2,runs/task1_2/online/routeb_cumulative_hippo_mt128_ms128/seed2/result.json,runs/task1_2/online/routeb_cumulative_hippo_mt128_ms128/seed2/predictions.npz,runs/task1_2/online/routeb_cumulative_hippo_mt128_ms128/seed2/status.json,complete,0.08375038876177372,-1.0414586169605826,0.9576612903225806,0.08375038876177372,-1.0414586169605826,0.9576612903225806,0.0,0.0,0.0,
short,online,routeb_cumulative_hippo_mt128_ms128,3,complete,runs/task1_2/online/routeb_cumulative_hippo_mt128_ms128/seed3,runs/task1_2/online/routeb_cumulative_hippo_mt128_ms128/seed3/result.json,runs/task1_2/online/routeb_cumulative_hippo_mt128_ms128/seed3/predictions.npz,runs/task1_2/online/routeb_cumulative_hippo_mt128_ms128/seed3/status.json,complete,0.08361038519217585,-1.0332179213757566,0.9622043010752688,0.08361038519217585,-1.0332179213757566,0.9622043010752688,0.0,0.0,0.0,
short,online,routeb_cumulative_hippo_mt128_ms128,4,complete,runs/task1_2/online/routeb_cumulative_hippo_mt128_ms128/seed4,runs/task1_2/online/routeb_cumulative_hippo_mt128_ms128/seed4/result.json,runs/task1_2/online/routeb_cumulative_hippo_mt128_ms128/seed4/predictions.npz,runs/task1_2/online/routeb_cumulative_hippo_mt128_ms128/seed4/status.json,complete,0.0957411562497455,-0.9715773996401929,0.9444623655913978,0.0957411562497455,-0.9715773996401929,0.9444623655913978,0.0,0.0,0.0,
short,online,routeb_cumulative_hippo_mt128_ms64,0,complete,runs/task1_2/online/routeb_cumulative_hippo_mt128_ms64/seed0,runs/task1_2/online/routeb_cumulative_hippo_mt128_ms64/seed0/result.json,runs/task1_2/online/routeb_cumulative_hippo_mt128_ms64/seed0/predictions.npz,runs/task1_2/online/routeb_cumulative_hippo_mt128_ms64/seed0/status.json,complete,0.09726210387322984,-0.8252270121955357,0.9663172043010753,0.09726210387322984,-0.8252270121955357,0.9663172043010753,0.0,0.0,0.0,
short,online,routeb_cumulative_hippo_mt128_ms64,1,complete,runs/task1_2/online/routeb_cumulative_hippo_mt128_ms64/seed1,runs/task1_2/online/routeb_cumulative_hippo_mt128_ms64/seed1/result.json,runs/task1_2/online/routeb_cumulative_hippo_mt128_ms64/seed1/predictions.npz,runs/task1_2/online/routeb_cumulative_hippo_mt128_ms64/seed1/status.json,complete,0.1039658963598095,-0.8118429194487539,0.9597043010752688,0.1039658963598095,-0.8118429194487539,0.9597043010752688,0.0,0.0,0.0,
short,online,routeb_cumulative_hippo_mt128_ms64,2,complete,runs/task1_2/online/routeb_cumulative_hippo_mt128_ms64/seed2,runs/task1_2/online/routeb_cumulative_hippo_mt128_ms64/seed2/result.json,runs/task1_2/online/routeb_cumulative_hippo_mt128_ms64/seed2/predictions.npz,runs/task1_2/online/routeb_cumulative_hippo_mt128_ms64/seed2/status.json,complete,0.09967153115013391,-0.8247566131439292,0.9649462365591398,0.09967153115013391,-0.8247566131439292,0.9649462365591398,0.0,0.0,0.0,
short,online,routeb_cumulative_hippo_mt128_ms64,3,complete,runs/task1_2/online/routeb_cumulative_hippo_mt128_ms64/seed3,runs/task1_2/online/routeb_cumulative_hippo_mt128_ms64/seed3/result.json,runs/task1_2/online/routeb_cumulative_hippo_mt128_ms64/seed3/predictions.npz,runs/task1_2/online/routeb_cumulative_hippo_mt128_ms64/seed3/status.json,complete,0.09863323239764293,-0.8249199938331498,0.9705645161290323,0.09863323239764293,-0.8249199938331498,0.9705645161290323,0.0,0.0,0.0,
short,online,routeb_cumulative_hippo_mt128_ms64,4,complete,runs/task1_2/online/routeb_cumulative_hippo_mt128_ms64/seed4,runs/task1_2/online/routeb_cumulative_hippo_mt128_ms64/seed4/result.json,runs/task1_2/online/routeb_cumulative_hippo_mt128_ms64/seed4/predictions.npz,runs/task1_2/online/routeb_cumulative_hippo_mt128_ms64/seed4/status.json,complete,0.11181214523974753,-0.7730891022836457,0.9608064516129032,0.11181214523974753,-0.7730891022836457,0.9608064516129032,0.0,0.0,0.0,
short,online,routeb_cumulative_hippo_mt64_ms64,0,complete,runs/task1_2/online/routeb_cumulative_hippo_mt64_ms64/seed0,runs/task1_2/online/routeb_cumulative_hippo_mt64_ms64/seed0/result.json,runs/task1_2/online/routeb_cumulative_hippo_mt64_ms64/seed0/predictions.npz,runs/task1_2/online/routeb_cumulative_hippo_mt64_ms64/seed0/status.json,complete,0.09731951253214136,-0.82488383670642,0.9662634408602151,0.09731951253214136,-0.82488383670642,0.9662634408602151,0.0,0.0,0.0,
short,online,routeb_cumulative_hippo_mt64_ms64,1,complete,runs/task1_2/online/routeb_cumulative_hippo_mt64_ms64/seed1,runs/task1_2/online/routeb_cumulative_hippo_mt64_ms64/seed1/result.json,runs/task1_2/online/routeb_cumulative_hippo_mt64_ms64/seed1/predictions.npz,runs/task1_2/online/routeb_cumulative_hippo_mt64_ms64/seed1/status.json,complete,0.10404243472555122,-0.8113052440745261,0.9596774193548387,0.10404243472555122,-0.8113052440745261,0.9596774193548387,0.0,0.0,0.0,
short,online,routeb_cumulative_hippo_mt64_ms64,2,complete,runs/task1_2/online/routeb_cumulative_hippo_mt64_ms64/seed2,runs/task1_2/online/routeb_cumulative_hippo_mt64_ms64/seed2/result.json,runs/task1_2/online/routeb_cumulative_hippo_mt64_ms64/seed2/predictions.npz,runs/task1_2/online/routeb_cumulative_hippo_mt64_ms64/seed2/status.json,complete,0.09974562121200163,-0.8242504702837403,0.9648655913978494,0.09974562121200163,-0.8242504702837403,0.9648655913978494,0.0,0.0,0.0,
short,online,routeb_cumulative_hippo_mt64_ms64,3,complete,runs/task1_2/online/routeb_cumulative_hippo_mt64_ms64/seed3,runs/task1_2/online/routeb_cumulative_hippo_mt64_ms64/seed3/result.json,runs/task1_2/online/routeb_cumulative_hippo_mt64_ms64/seed3/predictions.npz,runs/task1_2/online/routeb_cumulative_hippo_mt64_ms64/seed3/status.json,complete,0.09870187214421199,-0.8245942393092763,0.9705645161290323,0.09870187214421199,-0.8245942393092763,0.9705645161290323,0.0,0.0,0.0,
short,online,routeb_cumulative_hippo_mt64_ms64,4,complete,runs/task1_2/online/routeb_cumulative_hippo_mt64_ms64/seed4,runs/task1_2/online/routeb_cumulative_hippo_mt64_ms64/seed4/result.json,runs/task1_2/online/routeb_cumulative_hippo_mt64_ms64/seed4/predictions.npz,runs/task1_2/online/routeb_cumulative_hippo_mt64_ms64/seed4/status.json,complete,0.11186341041145452,-0.7728063506589025,0.9608333333333333,0.11186341041145452,-0.7728063506589025,0.9608333333333333,0.0,0.0,0.0,
short,online,routeb_global_inducing_mt128_ms128,0,complete,runs/task1_2/online/routeb_global_inducing_mt128_ms128/seed0,runs/task1_2/online/routeb_global_inducing_mt128_ms128/seed0/result.json,runs/task1_2/online/routeb_global_inducing_mt128_ms128/seed0/predictions.npz,runs/task1_2/online/routeb_global_inducing_mt128_ms128/seed0/status.json,complete,0.06793521812339144,-1.2495069313913303,0.9642741935483871,0.06793521812339144,-1.2495069313913303,0.9642741935483871,0.0,0.0,0.0,
short,online,routeb_global_inducing_mt128_ms128,1,complete,runs/task1_2/online/routeb_global_inducing_mt128_ms128/seed1,runs/task1_2/online/routeb_global_inducing_mt128_ms128/seed1/result.json,runs/task1_2/online/routeb_global_inducing_mt128_ms128/seed1/predictions.npz,runs/task1_2/online/routeb_global_inducing_mt128_ms128/seed1/status.json,complete,0.07462229026776615,-1.207590293484311,0.9575268817204301,0.07462229026776615,-1.207590293484311,0.9575268817204301,0.0,0.0,0.0,
short,online,routeb_global_inducing_mt128_ms128,2,complete,runs/task1_2/online/routeb_global_inducing_mt128_ms128/seed2,runs/task1_2/online/routeb_global_inducing_mt128_ms128/seed2/result.json,runs/task1_2/online/routeb_global_inducing_mt128_ms128/seed2/predictions.npz,runs/task1_2/online/routeb_global_inducing_mt128_ms128/seed2/status.json,complete,0.06780481115157708,-1.2440555581636534,0.9673655913978495,0.06780481115157708,-1.2440555581636534,0.9673655913978495,0.0,0.0,0.0,
short,online,routeb_global_inducing_mt128_ms128,3,complete,runs/task1_2/online/routeb_global_inducing_mt128_ms128/seed3,runs/task1_2/online/routeb_global_inducing_mt128_ms128/seed3/result.json,runs/task1_2/online/routeb_global_inducing_mt128_ms128/seed3/predictions.npz,runs/task1_2/online/routeb_global_inducing_mt128_ms128/seed3/status.json,complete,0.06738845057748054,-1.2253439817650469,0.9748924731182795,0.06738845057748054,-1.2253439817650469,0.9748924731182795,0.0,0.0,0.0,
short,online,routeb_global_inducing_mt128_ms128,4,complete,runs/task1_2/online/routeb_global_inducing_mt128_ms128/seed4,runs/task1_2/online/routeb_global_inducing_mt128_ms128/seed4/result.json,runs/task1_2/online/routeb_global_inducing_mt128_ms128/seed4/predictions.npz,runs/task1_2/online/routeb_global_inducing_mt128_ms128/seed4/status.json,complete,0.08070055032821742,-1.167683986724581,0.9561559139784946,0.08070055032821742,-1.167683986724581,0.9561559139784946,0.0,0.0,0.0,
short,online,routeb_global_inducing_mt128_ms64,0,complete,runs/task1_2/online/routeb_global_inducing_mt128_ms64/seed0,runs/task1_2/online/routeb_global_inducing_mt128_ms64/seed0/result.json,runs/task1_2/online/routeb_global_inducing_mt128_ms64/seed0/predictions.npz,runs/task1_2/online/routeb_global_inducing_mt128_ms64/seed0/status.json,complete,0.08474844669459435,-0.9342682568603277,0.9733602150537635,0.08474844669459435,-0.9342682568603277,0.9733602150537635,0.0,0.0,0.0,
short,online,routeb_global_inducing_mt128_ms64,1,complete,runs/task1_2/online/routeb_global_inducing_mt128_ms64/seed1,runs/task1_2/online/routeb_global_inducing_mt128_ms64/seed1/result.json,runs/task1_2/online/routeb_global_inducing_mt128_ms64/seed1/predictions.npz,runs/task1_2/online/routeb_global_inducing_mt128_ms64/seed1/status.json,complete,0.09224062876051224,-0.9227319581825751,0.9665322580645161,0.09224062876051224,-0.9227319581825751,0.9665322580645161,0.0,0.0,0.0,
short,online,routeb_global_inducing_mt128_ms64,2,complete,runs/task1_2/online/routeb_global_inducing_mt128_ms64/seed2,runs/task1_2/online/routeb_global_inducing_mt128_ms64/seed2/result.json,runs/task1_2/online/routeb_global_inducing_mt128_ms64/seed2/predictions.npz,runs/task1_2/online/routeb_global_inducing_mt128_ms64/seed2/status.json,complete,0.08805368983293729,-0.9381146755328638,0.9708333333333333,0.08805368983293729,-0.9381146755328638,0.9708333333333333,0.0,0.0,0.0,
short,online,routeb_global_inducing_mt128_ms64,3,complete,runs/task1_2/online/routeb_global_inducing_mt128_ms64/seed3,runs/task1_2/online/routeb_global_inducing_mt128_ms64/seed3/result.json,runs/task1_2/online/routeb_global_inducing_mt128_ms64/seed3/predictions.npz,runs/task1_2/online/routeb_global_inducing_mt128_ms64/seed3/status.json,complete,0.08665898232113195,-0.9159387786071426,0.9773387096774193,0.08665898232113195,-0.9159387786071426,0.9773387096774193,0.0,0.0,0.0,
short,online,routeb_global_inducing_mt128_ms64,4,complete,runs/task1_2/online/routeb_global_inducing_mt128_ms64/seed4,runs/task1_2/online/routeb_global_inducing_mt128_ms64/seed4/result.json,runs/task1_2/online/routeb_global_inducing_mt128_ms64/seed4/predictions.npz,runs/task1_2/online/routeb_global_inducing_mt128_ms64/seed4/status.json,complete,0.10106232651416983,-0.8750059045503181,0.9625,0.10106232651416983,-0.8750059045503181,0.9625,0.0,0.0,0.0,
short,online,routeb_global_inducing_mt64_ms64,0,complete,runs/task1_2/online/routeb_global_inducing_mt64_ms64/seed0,runs/task1_2/online/routeb_global_inducing_mt64_ms64/seed0/result.json,runs/task1_2/online/routeb_global_inducing_mt64_ms64/seed0/predictions.npz,runs/task1_2/online/routeb_global_inducing_mt64_ms64/seed0/status.json,complete,0.09149108862531935,-0.7933623296290149,0.980268817204301,0.09149108862531935,-0.7933623296290149,0.980268817204301,0.0,0.0,0.0,
short,online,routeb_global_inducing_mt64_ms64,1,complete,runs/task1_2/online/routeb_global_inducing_mt64_ms64/seed1,runs/task1_2/online/routeb_global_inducing_mt64_ms64/seed1/result.json,runs/task1_2/online/routeb_global_inducing_mt64_ms64/seed1/predictions.npz,runs/task1_2/online/routeb_global_inducing_mt64_ms64/seed1/status.json,complete,0.0986123062431084,-0.7704289421357865,0.9773387096774193,0.0986123062431084,-0.7704289421357865,0.9773387096774193,0.0,0.0,0.0,
short,online,routeb_global_inducing_mt64_ms64,2,complete,runs/task1_2/online/routeb_global_inducing_mt64_ms64/seed2,runs/task1_2/online/routeb_global_inducing_mt64_ms64/seed2/result.json,runs/task1_2/online/routeb_global_inducing_mt64_ms64/seed2/predictions.npz,runs/task1_2/online/routeb_global_inducing_mt64_ms64/seed2/status.json,complete,0.09407904685552797,-0.7946050711720929,0.980241935483871,0.09407904685552797,-0.7946050711720929,0.980241935483871,0.0,0.0,0.0,
short,online,routeb_global_inducing_mt64_ms64,3,complete,runs/task1_2/online/routeb_global_inducing_mt64_ms64/seed3,runs/task1_2/online/routeb_global_inducing_mt64_ms64/seed3/result.json,runs/task1_2/online/routeb_global_inducing_mt64_ms64/seed3/predictions.npz,runs/task1_2/online/routeb_global_inducing_mt64_ms64/seed3/status.json,complete,0.09325350887895531,-0.7962362256150698,0.9812096774193548,0.09325350887895531,-0.7962362256150698,0.9812096774193548,0.0,0.0,0.0,
short,online,routeb_global_inducing_mt64_ms64,4,complete,runs/task1_2/online/routeb_global_inducing_mt64_ms64/seed4,runs/task1_2/online/routeb_global_inducing_mt64_ms64/seed4/result.json,runs/task1_2/online/routeb_global_inducing_mt64_ms64/seed4/predictions.npz,runs/task1_2/online/routeb_global_inducing_mt64_ms64/seed4/status.json,complete,0.10674326712363524,-0.7417333910644816,0.9740860215053764,0.10674326712363524,-0.7417333910644816,0.9740860215053764,0.0,0.0,0.0,
short,online,xlag_recursive_rls,0,missing,runs/task1_2/online/xlag_recursive_rls/seed0,,,,,,,,,,,,,,missing_manifest_job_artifacts:online_short.jsonl
short,online,xlag_recursive_rls,1,missing,runs/task1_2/online/xlag_recursive_rls/seed1,,,,,,,,,,,,,,missing_manifest_job_artifacts:online_short.jsonl
short,online,xlag_recursive_rls,2,missing,runs/task1_2/online/xlag_recursive_rls/seed2,,,,,,,,,,,,,,missing_manifest_job_artifacts:online_short.jsonl
short,online,xlag_recursive_rls,3,missing,runs/task1_2/online/xlag_recursive_rls/seed3,,,,,,,,,,,,,,missing_manifest_job_artifacts:online_short.jsonl
short,online,xlag_recursive_rls,4,missing,runs/task1_2/online/xlag_recursive_rls/seed4,,,,,,,,,,,,,,missing_manifest_job_artifacts:online_short.jsonl
short,online,xlag_task1_fixed,0,missing,runs/task1_2/online/xlag_task1_fixed/seed0,,,,,,,,,,,,,,missing_manifest_job_artifacts:online_short.jsonl
short,online,xlag_task1_fixed,1,missing,runs/task1_2/online/xlag_task1_fixed/seed1,,,,,,,,,,,,,,missing_manifest_job_artifacts:online_short.jsonl
short,online,xlag_task1_fixed,2,missing,runs/task1_2/online/xlag_task1_fixed/seed2,,,,,,,,,,,,,,missing_manifest_job_artifacts:online_short.jsonl
short,online,xlag_task1_fixed,3,missing,runs/task1_2/online/xlag_task1_fixed/seed3,,,,,,,,,,,,,,missing_manifest_job_artifacts:online_short.jsonl
short,online,xlag_task1_fixed,4,missing,runs/task1_2/online/xlag_task1_fixed/seed4,,,,,,,,,,,,,,missing_manifest_job_artifacts:online_short.jsonl
short,unknown,probe_table2a_routeb_joint_analytic_hippo_mt128_ms128,0,missing,efficiency/probes/table2a_routeb_joint_analytic_mt128_ms128,,,,,,,,,,,,,,missing_manifest_job_artifacts:efficiency.jsonl
short,unknown,probe_table3a_routeb_cumulative_hippo_mt128_ms128,0,missing,efficiency/probes/table3a_task1_2_cumulative_hippo_mt128_ms128,,,,,,,,,,,,,,missing_manifest_job_artifacts:efficiency.jsonl
short,unknown,probe_table3a_routeb_global_inducing_mt128_ms128,0,missing,efficiency/probes/table3a_task1_2_global_inducing_mt128_ms128,,,,,,,,,,,,,,missing_manifest_job_artifacts:efficiency.jsonl
short,unknown,record_table2a_markovflow_cvi_mt128_ms128,0,missing,efficiency/records/table2a/markovflow_cvi_mt128_ms128,,,,,,,,,,,,,,missing_manifest_job_artifacts:efficiency.jsonl
short,unknown,record_table2a_markovflow_cvi_mt128_ms64,0,missing,efficiency/records/table2a/markovflow_cvi_mt128_ms64,,,,,,,,,,,,,,missing_manifest_job_artifacts:efficiency.jsonl
short,unknown,record_table2a_markovflow_variational_mt128_ms128,0,missing,efficiency/records/table2a/markovflow_variational_mt128_ms128,,,,,,,,,,,,,,missing_manifest_job_artifacts:efficiency.jsonl
short,unknown,record_table2a_markovflow_variational_mt128_ms64,0,missing,efficiency/records/table2a/markovflow_variational_mt128_ms64,,,,,,,,,,,,,,missing_manifest_job_artifacts:efficiency.jsonl
short,unknown,record_table2a_xlag_mean_only,0,missing,efficiency/records/table2a/xlag_mean_only,,,,,,,,,,,,,,missing_manifest_job_artifacts:efficiency.jsonl
short,unknown,task1_2,0,incomplete,official_protocol/task1_2/seed0,,,official_protocol/task1_2/seed0/status.json,complete,,,,,,,,,,missing_result.json;missing_predictions.npz
short,unknown,task1_2,1,incomplete,official_protocol/task1_2/seed1,,,official_protocol/task1_2/seed1/status.json,complete,,,,,,,,,,missing_result.json;missing_predictions.npz
short,unknown,task1_2,2,incomplete,official_protocol/task1_2/seed2,,,official_protocol/task1_2/seed2/status.json,complete,,,,,,,,,,missing_result.json;missing_predictions.npz
short,unknown,task1_2,3,incomplete,official_protocol/task1_2/seed3,,,official_protocol/task1_2/seed3/status.json,complete,,,,,,,,,,missing_result.json;missing_predictions.npz
short,unknown,task1_2,4,incomplete,official_protocol/task1_2/seed4,,,official_protocol/task1_2/seed4/status.json,complete,,,,,,,,,,missing_result.json;missing_predictions.npz
unknown,batch,routeb_joint_analytic_hippo_rff,0,incomplete,calibration/routeb_joint_analytic_hippo_rff/seed0,calibration/routeb_joint_analytic_hippo_rff/seed0/result.json,,,,0.08320954163615225,-1.0359808677352307,0.9499731182795699,,,,,,,missing_predictions.npz
unknown,batch,routeb_joint_analytic_hippo_rff,1,incomplete,calibration/routeb_joint_analytic_hippo_rff/seed1,calibration/routeb_joint_analytic_hippo_rff/seed1/result.json,,,,0.08830690796584752,-1.0038444493832428,0.9425268817204301,,,,,,,missing_predictions.npz
unknown,batch,routeb_joint_analytic_hippo_rff,2,incomplete,calibration/routeb_joint_analytic_hippo_rff/seed2,calibration/routeb_joint_analytic_hippo_rff/seed2/result.json,,,,0.08519030562122924,-1.0211369523344773,0.9498387096774193,,,,,,,missing_predictions.npz
unknown,batch,routeb_joint_analytic_hippo_rff,3,incomplete,calibration/routeb_joint_analytic_hippo_rff/seed3,calibration/routeb_joint_analytic_hippo_rff/seed3/result.json,,,,0.08397539934624515,-1.0142749058450646,0.9549462365591398,,,,,,,missing_predictions.npz
unknown,batch,routeb_joint_analytic_hippo_rff,4,incomplete,calibration/routeb_joint_analytic_hippo_rff/seed4,calibration/routeb_joint_analytic_hippo_rff/seed4/result.json,,,,0.08957378855892728,-0.9874468441866608,0.9459408602150537,,,,,,,missing_predictions.npz
unknown,batch,routeb_joint_inducing_points,0,incomplete,calibration/routeb_joint_inducing_points/seed0,calibration/routeb_joint_inducing_points/seed0/result.json,,,,0.05597224441858482,-1.3296621611949198,0.9781182795698925,,,,,,,missing_predictions.npz
unknown,batch,routeb_joint_inducing_points,1,incomplete,calibration/routeb_joint_inducing_points/seed1,calibration/routeb_joint_inducing_points/seed1/result.json,,,,0.062278846213968425,-1.2908940106901194,0.9736827956989247,,,,,,,missing_predictions.npz
unknown,batch,routeb_joint_inducing_points,2,incomplete,calibration/routeb_joint_inducing_points/seed2,calibration/routeb_joint_inducing_points/seed2/result.json,,,,0.05838067067218642,-1.3065135861415622,0.9786290322580645,,,,,,,missing_predictions.npz
unknown,batch,routeb_joint_inducing_points,3,incomplete,calibration/routeb_joint_inducing_points/seed3,calibration/routeb_joint_inducing_points/seed3/result.json,,,,0.057183919430428186,-1.2850754505366666,0.9848118279569893,,,,,,,missing_predictions.npz
unknown,batch,routeb_joint_inducing_points,4,incomplete,calibration/routeb_joint_inducing_points/seed4,calibration/routeb_joint_inducing_points/seed4/result.json,,,,0.06471560327230827,-1.2638063211406478,0.9743010752688172,,,,,,,missing_predictions.npz
unknown,unknown,official_st_svgp_ms32,0,incomplete,capacity_preflight/official_st_svgp_ms32/seed0,,,capacity_preflight/official_st_svgp_ms32/seed0/status.txt,exit_code=1 finished_at=2026-08-20t13:58:02z,,,,,,,,,,missing_result.json;missing_predictions.npz
unknown,unknown,official_st_svgp_ms32,1,missing,,,,,,,,,,,,,,,missing_expected_seed_artifacts
unknown,unknown,official_st_svgp_ms32,2,missing,,,,,,,,,,,,,,,missing_expected_seed_artifacts
unknown,unknown,official_st_svgp_ms32,3,missing,,,,,,,,,,,,,,,missing_expected_seed_artifacts
unknown,unknown,official_st_svgp_ms32,4,missing,,,,,,,,,,,,,,,missing_expected_seed_artifacts
unknown,unknown,probe_table2a_analytic_hippo_temporal_mt128,0,missing,efficiency/probes/temporal_analytic_mt128,,,,,,,,,,,,,,missing_manifest_job_artifacts:efficiency.jsonl
unknown,unknown,record_table3a_xlag_recursive_rls,0,missing,efficiency/records/table3a/xlag_recursive_rls,,,,,,,,,,,,,,missing_manifest_job_artifacts:efficiency.jsonl
unknown,unknown,record_table3a_xlag_task1_fixed,0,missing,efficiency/records/table3a/xlag_task1_fixed,,,,,,,,,,,,,,missing_manifest_job_artifacts:efficiency.jsonl
unknown,unknown,record_table3b_xlag_recursive_rls,0,missing,efficiency/records/table3b/xlag_recursive_rls,,,,,,,,,,,,,,missing_manifest_job_artifacts:efficiency.jsonl
unknown,unknown,record_table3b_xlag_task1_fixed,0,missing,efficiency/records/table3b/xlag_task1_fixed,,,,,,,,,,,,,,missing_manifest_job_artifacts:efficiency.jsonl
unknown,unknown,routeb_joint_analytic_hippo_rff,0,incomplete,calibration/routeb_joint_analytic_hippo_rff/seed0,,calibration/routeb_joint_analytic_hippo_rff/seed0/predictions.npz,calibration/routeb_joint_analytic_hippo_rff/seed0/status.json,complete,,,,0.08320954163615225,-1.0359808677352307,0.9499731182795699,,,,missing_result.json;result_missing_rmse;result_missing_nll;result_missing_coverage90
unknown,unknown,routeb_joint_analytic_hippo_rff,1,incomplete,calibration/routeb_joint_analytic_hippo_rff/seed1,,calibration/routeb_joint_analytic_hippo_rff/seed1/predictions.npz,calibration/routeb_joint_analytic_hippo_rff/seed1/status.json,complete,,,,0.08830690796584752,-1.0038444493832428,0.9425268817204301,,,,missing_result.json;result_missing_rmse;result_missing_nll;result_missing_coverage90
unknown,unknown,routeb_joint_analytic_hippo_rff,2,incomplete,calibration/routeb_joint_analytic_hippo_rff/seed2,,calibration/routeb_joint_analytic_hippo_rff/seed2/predictions.npz,calibration/routeb_joint_analytic_hippo_rff/seed2/status.json,complete,,,,0.08519030562122924,-1.0211369523344773,0.9498387096774193,,,,missing_result.json;result_missing_rmse;result_missing_nll;result_missing_coverage90
unknown,unknown,routeb_joint_analytic_hippo_rff,3,incomplete,calibration/routeb_joint_analytic_hippo_rff/seed3,,calibration/routeb_joint_analytic_hippo_rff/seed3/predictions.npz,calibration/routeb_joint_analytic_hippo_rff/seed3/status.json,complete,,,,0.08397539934624515,-1.0142749058450646,0.9549462365591398,,,,missing_result.json;result_missing_rmse;result_missing_nll;result_missing_coverage90
unknown,unknown,routeb_joint_analytic_hippo_rff,4,incomplete,calibration/routeb_joint_analytic_hippo_rff/seed4,,calibration/routeb_joint_analytic_hippo_rff/seed4/predictions.npz,calibration/routeb_joint_analytic_hippo_rff/seed4/status.json,complete,,,,0.08957378855892728,-0.9874468441866608,0.9459408602150537,,,,missing_result.json;result_missing_rmse;result_missing_nll;result_missing_coverage90
unknown,unknown,routeb_joint_inducing_points,0,incomplete,calibration/routeb_joint_inducing_points/seed0,,calibration/routeb_joint_inducing_points/seed0/predictions.npz,calibration/routeb_joint_inducing_points/seed0/status.json,complete,,,,0.05597224441858482,-1.3296621611949198,0.9781182795698925,,,,missing_result.json;result_missing_rmse;result_missing_nll;result_missing_coverage90
unknown,unknown,routeb_joint_inducing_points,1,incomplete,calibration/routeb_joint_inducing_points/seed1,,calibration/routeb_joint_inducing_points/seed1/predictions.npz,calibration/routeb_joint_inducing_points/seed1/status.json,complete,,,,0.062278846213968425,-1.2908940106901194,0.9736827956989247,,,,missing_result.json;result_missing_rmse;result_missing_nll;result_missing_coverage90
unknown,unknown,routeb_joint_inducing_points,2,incomplete,calibration/routeb_joint_inducing_points/seed2,,calibration/routeb_joint_inducing_points/seed2/predictions.npz,calibration/routeb_joint_inducing_points/seed2/status.json,complete,,,,0.05838067067218642,-1.3065135861415622,0.9786290322580645,,,,missing_result.json;result_missing_rmse;result_missing_nll;result_missing_coverage90
unknown,unknown,routeb_joint_inducing_points,3,incomplete,calibration/routeb_joint_inducing_points/seed3,,calibration/routeb_joint_inducing_points/seed3/predictions.npz,calibration/routeb_joint_inducing_points/seed3/status.json,complete,,,,0.057183919430428186,-1.2850754505366666,0.9848118279569893,,,,missing_result.json;result_missing_rmse;result_missing_nll;result_missing_coverage90
unknown,unknown,routeb_joint_inducing_points,4,incomplete,calibration/routeb_joint_inducing_points/seed4,,calibration/routeb_joint_inducing_points/seed4/predictions.npz,calibration/routeb_joint_inducing_points/seed4/status.json,complete,,,,0.06471560327230827,-1.2638063211406478,0.9743010752688172,,,,missing_result.json;result_missing_rmse;result_missing_nll;result_missing_coverage90
