scope,branch,method,label,seed,task,rmse,nll,coverage90,status,source_path,failure,result_path
long,online,bui_osgpr_mt2_ms64,bui_osgpr_mt2_ms64,0,Task2,,,,failure,runs/task1_10/online/bui_osgpr_mt2_ms64/seed0/blocks.csv,missing_per_task_metrics,runs/task1_10/online/bui_osgpr_mt2_ms64/seed0/result.json
long,online,bui_osgpr_mt2_ms64,bui_osgpr_mt2_ms64,0,Task3,,,,failure,runs/task1_10/online/bui_osgpr_mt2_ms64/seed0/blocks.csv,missing_per_task_metrics,runs/task1_10/online/bui_osgpr_mt2_ms64/seed0/result.json
long,online,bui_osgpr_mt2_ms64,bui_osgpr_mt2_ms64,0,Task4,,,,failure,runs/task1_10/online/bui_osgpr_mt2_ms64/seed0/blocks.csv,missing_per_task_metrics,runs/task1_10/online/bui_osgpr_mt2_ms64/seed0/result.json
long,online,bui_osgpr_mt2_ms64,bui_osgpr_mt2_ms64,0,Task5,,,,failure,runs/task1_10/online/bui_osgpr_mt2_ms64/seed0/blocks.csv,missing_per_task_metrics,runs/task1_10/online/bui_osgpr_mt2_ms64/seed0/result.json
long,online,bui_osgpr_mt2_ms64,bui_osgpr_mt2_ms64,0,Task6,,,,failure,runs/task1_10/online/bui_osgpr_mt2_ms64/seed0/blocks.csv,missing_per_task_metrics,runs/task1_10/online/bui_osgpr_mt2_ms64/seed0/result.json
long,online,bui_osgpr_mt2_ms64,bui_osgpr_mt2_ms64,0,Task7,,,,failure,runs/task1_10/online/bui_osgpr_mt2_ms64/seed0/blocks.csv,missing_per_task_metrics,runs/task1_10/online/bui_osgpr_mt2_ms64/seed0/result.json
long,online,bui_osgpr_mt2_ms64,bui_osgpr_mt2_ms64,0,Task8,,,,failure,runs/task1_10/online/bui_osgpr_mt2_ms64/seed0/blocks.csv,missing_per_task_metrics,runs/task1_10/online/bui_osgpr_mt2_ms64/seed0/result.json
long,online,bui_osgpr_mt2_ms64,bui_osgpr_mt2_ms64,0,Task9,,,,failure,runs/task1_10/online/bui_osgpr_mt2_ms64/seed0/blocks.csv,missing_per_task_metrics,runs/task1_10/online/bui_osgpr_mt2_ms64/seed0/result.json
long,online,bui_osgpr_mt2_ms64,bui_osgpr_mt2_ms64,0,Task10,,,,failure,runs/task1_10/online/bui_osgpr_mt2_ms64/seed0/blocks.csv,missing_per_task_metrics,runs/task1_10/online/bui_osgpr_mt2_ms64/seed0/result.json
long,online,bui_osgpr_mt2_ms64,bui_osgpr_mt2_ms64,1,Task2,,,,failure,runs/task1_10/online/bui_osgpr_mt2_ms64/seed1/blocks.csv,missing_per_task_metrics,runs/task1_10/online/bui_osgpr_mt2_ms64/seed1/result.json
long,online,bui_osgpr_mt2_ms64,bui_osgpr_mt2_ms64,1,Task3,,,,failure,runs/task1_10/online/bui_osgpr_mt2_ms64/seed1/blocks.csv,missing_per_task_metrics,runs/task1_10/online/bui_osgpr_mt2_ms64/seed1/result.json
long,online,bui_osgpr_mt2_ms64,bui_osgpr_mt2_ms64,1,Task4,,,,failure,runs/task1_10/online/bui_osgpr_mt2_ms64/seed1/blocks.csv,missing_per_task_metrics,runs/task1_10/online/bui_osgpr_mt2_ms64/seed1/result.json
long,online,bui_osgpr_mt2_ms64,bui_osgpr_mt2_ms64,1,Task5,,,,failure,runs/task1_10/online/bui_osgpr_mt2_ms64/seed1/blocks.csv,missing_per_task_metrics,runs/task1_10/online/bui_osgpr_mt2_ms64/seed1/result.json
long,online,bui_osgpr_mt2_ms64,bui_osgpr_mt2_ms64,1,Task6,,,,failure,runs/task1_10/online/bui_osgpr_mt2_ms64/seed1/blocks.csv,missing_per_task_metrics,runs/task1_10/online/bui_osgpr_mt2_ms64/seed1/result.json
long,online,bui_osgpr_mt2_ms64,bui_osgpr_mt2_ms64,1,Task7,,,,failure,runs/task1_10/online/bui_osgpr_mt2_ms64/seed1/blocks.csv,missing_per_task_metrics,runs/task1_10/online/bui_osgpr_mt2_ms64/seed1/result.json
long,online,bui_osgpr_mt2_ms64,bui_osgpr_mt2_ms64,1,Task8,,,,failure,runs/task1_10/online/bui_osgpr_mt2_ms64/seed1/blocks.csv,missing_per_task_metrics,runs/task1_10/online/bui_osgpr_mt2_ms64/seed1/result.json
long,online,bui_osgpr_mt2_ms64,bui_osgpr_mt2_ms64,1,Task9,,,,failure,runs/task1_10/online/bui_osgpr_mt2_ms64/seed1/blocks.csv,missing_per_task_metrics,runs/task1_10/online/bui_osgpr_mt2_ms64/seed1/result.json
long,online,bui_osgpr_mt2_ms64,bui_osgpr_mt2_ms64,1,Task10,,,,failure,runs/task1_10/online/bui_osgpr_mt2_ms64/seed1/blocks.csv,missing_per_task_metrics,runs/task1_10/online/bui_osgpr_mt2_ms64/seed1/result.json
long,online,bui_osgpr_mt2_ms64,bui_osgpr_mt2_ms64,2,Task2,,,,failure,runs/task1_10/online/bui_osgpr_mt2_ms64/seed2/blocks.csv,missing_per_task_metrics,runs/task1_10/online/bui_osgpr_mt2_ms64/seed2/result.json
long,online,bui_osgpr_mt2_ms64,bui_osgpr_mt2_ms64,2,Task3,,,,failure,runs/task1_10/online/bui_osgpr_mt2_ms64/seed2/blocks.csv,missing_per_task_metrics,runs/task1_10/online/bui_osgpr_mt2_ms64/seed2/result.json
long,online,bui_osgpr_mt2_ms64,bui_osgpr_mt2_ms64,2,Task4,,,,failure,runs/task1_10/online/bui_osgpr_mt2_ms64/seed2/blocks.csv,missing_per_task_metrics,runs/task1_10/online/bui_osgpr_mt2_ms64/seed2/result.json
long,online,bui_osgpr_mt2_ms64,bui_osgpr_mt2_ms64,2,Task5,,,,failure,runs/task1_10/online/bui_osgpr_mt2_ms64/seed2/blocks.csv,missing_per_task_metrics,runs/task1_10/online/bui_osgpr_mt2_ms64/seed2/result.json
long,online,bui_osgpr_mt2_ms64,bui_osgpr_mt2_ms64,2,Task6,,,,failure,runs/task1_10/online/bui_osgpr_mt2_ms64/seed2/blocks.csv,missing_per_task_metrics,runs/task1_10/online/bui_osgpr_mt2_ms64/seed2/result.json
long,online,bui_osgpr_mt2_ms64,bui_osgpr_mt2_ms64,2,Task7,,,,failure,runs/task1_10/online/bui_osgpr_mt2_ms64/seed2/blocks.csv,missing_per_task_metrics,runs/task1_10/online/bui_osgpr_mt2_ms64/seed2/result.json
long,online,bui_osgpr_mt2_ms64,bui_osgpr_mt2_ms64,2,Task8,,,,failure,runs/task1_10/online/bui_osgpr_mt2_ms64/seed2/blocks.csv,missing_per_task_metrics,runs/task1_10/online/bui_osgpr_mt2_ms64/seed2/result.json
long,online,bui_osgpr_mt2_ms64,bui_osgpr_mt2_ms64,2,Task9,,,,failure,runs/task1_10/online/bui_osgpr_mt2_ms64/seed2/blocks.csv,missing_per_task_metrics,runs/task1_10/online/bui_osgpr_mt2_ms64/seed2/result.json
long,online,bui_osgpr_mt2_ms64,bui_osgpr_mt2_ms64,2,Task10,,,,failure,runs/task1_10/online/bui_osgpr_mt2_ms64/seed2/blocks.csv,missing_per_task_metrics,runs/task1_10/online/bui_osgpr_mt2_ms64/seed2/result.json
long,online,bui_osgpr_mt2_ms64,bui_osgpr_mt2_ms64,3,Task2,,,,failure,runs/task1_10/online/bui_osgpr_mt2_ms64/seed3/blocks.csv,missing_per_task_metrics,runs/task1_10/online/bui_osgpr_mt2_ms64/seed3/result.json
long,online,bui_osgpr_mt2_ms64,bui_osgpr_mt2_ms64,3,Task3,,,,failure,runs/task1_10/online/bui_osgpr_mt2_ms64/seed3/blocks.csv,missing_per_task_metrics,runs/task1_10/online/bui_osgpr_mt2_ms64/seed3/result.json
long,online,bui_osgpr_mt2_ms64,bui_osgpr_mt2_ms64,3,Task4,,,,failure,runs/task1_10/online/bui_osgpr_mt2_ms64/seed3/blocks.csv,missing_per_task_metrics,runs/task1_10/online/bui_osgpr_mt2_ms64/seed3/result.json
long,online,bui_osgpr_mt2_ms64,bui_osgpr_mt2_ms64,3,Task5,,,,failure,runs/task1_10/online/bui_osgpr_mt2_ms64/seed3/blocks.csv,missing_per_task_metrics,runs/task1_10/online/bui_osgpr_mt2_ms64/seed3/result.json
long,online,bui_osgpr_mt2_ms64,bui_osgpr_mt2_ms64,3,Task6,,,,failure,runs/task1_10/online/bui_osgpr_mt2_ms64/seed3/blocks.csv,missing_per_task_metrics,runs/task1_10/online/bui_osgpr_mt2_ms64/seed3/result.json
long,online,bui_osgpr_mt2_ms64,bui_osgpr_mt2_ms64,3,Task7,,,,failure,runs/task1_10/online/bui_osgpr_mt2_ms64/seed3/blocks.csv,missing_per_task_metrics,runs/task1_10/online/bui_osgpr_mt2_ms64/seed3/result.json
long,online,bui_osgpr_mt2_ms64,bui_osgpr_mt2_ms64,3,Task8,,,,failure,runs/task1_10/online/bui_osgpr_mt2_ms64/seed3/blocks.csv,missing_per_task_metrics,runs/task1_10/online/bui_osgpr_mt2_ms64/seed3/result.json
long,online,bui_osgpr_mt2_ms64,bui_osgpr_mt2_ms64,3,Task9,,,,failure,runs/task1_10/online/bui_osgpr_mt2_ms64/seed3/blocks.csv,missing_per_task_metrics,runs/task1_10/online/bui_osgpr_mt2_ms64/seed3/result.json
long,online,bui_osgpr_mt2_ms64,bui_osgpr_mt2_ms64,3,Task10,,,,failure,runs/task1_10/online/bui_osgpr_mt2_ms64/seed3/blocks.csv,missing_per_task_metrics,runs/task1_10/online/bui_osgpr_mt2_ms64/seed3/result.json
long,online,bui_osgpr_mt2_ms64,bui_osgpr_mt2_ms64,4,Task2,,,,failure,runs/task1_10/online/bui_osgpr_mt2_ms64/seed4/blocks.csv,missing_per_task_metrics,runs/task1_10/online/bui_osgpr_mt2_ms64/seed4/result.json
long,online,bui_osgpr_mt2_ms64,bui_osgpr_mt2_ms64,4,Task3,,,,failure,runs/task1_10/online/bui_osgpr_mt2_ms64/seed4/blocks.csv,missing_per_task_metrics,runs/task1_10/online/bui_osgpr_mt2_ms64/seed4/result.json
long,online,bui_osgpr_mt2_ms64,bui_osgpr_mt2_ms64,4,Task4,,,,failure,runs/task1_10/online/bui_osgpr_mt2_ms64/seed4/blocks.csv,missing_per_task_metrics,runs/task1_10/online/bui_osgpr_mt2_ms64/seed4/result.json
long,online,bui_osgpr_mt2_ms64,bui_osgpr_mt2_ms64,4,Task5,,,,failure,runs/task1_10/online/bui_osgpr_mt2_ms64/seed4/blocks.csv,missing_per_task_metrics,runs/task1_10/online/bui_osgpr_mt2_ms64/seed4/result.json
long,online,bui_osgpr_mt2_ms64,bui_osgpr_mt2_ms64,4,Task6,,,,failure,runs/task1_10/online/bui_osgpr_mt2_ms64/seed4/blocks.csv,missing_per_task_metrics,runs/task1_10/online/bui_osgpr_mt2_ms64/seed4/result.json
long,online,bui_osgpr_mt2_ms64,bui_osgpr_mt2_ms64,4,Task7,,,,failure,runs/task1_10/online/bui_osgpr_mt2_ms64/seed4/blocks.csv,missing_per_task_metrics,runs/task1_10/online/bui_osgpr_mt2_ms64/seed4/result.json
long,online,bui_osgpr_mt2_ms64,bui_osgpr_mt2_ms64,4,Task8,,,,failure,runs/task1_10/online/bui_osgpr_mt2_ms64/seed4/blocks.csv,missing_per_task_metrics,runs/task1_10/online/bui_osgpr_mt2_ms64/seed4/result.json
long,online,bui_osgpr_mt2_ms64,bui_osgpr_mt2_ms64,4,Task9,,,,failure,runs/task1_10/online/bui_osgpr_mt2_ms64/seed4/blocks.csv,missing_per_task_metrics,runs/task1_10/online/bui_osgpr_mt2_ms64/seed4/result.json
long,online,bui_osgpr_mt2_ms64,bui_osgpr_mt2_ms64,4,Task10,,,,failure,runs/task1_10/online/bui_osgpr_mt2_ms64/seed4/blocks.csv,missing_per_task_metrics,runs/task1_10/online/bui_osgpr_mt2_ms64/seed4/result.json
long,online,maddox_streaming_sgpr_mt2_ms64,maddox_streaming_sgpr_mt2_ms64,0,Task2,,,,failure,runs/task1_10/online/maddox_streaming_sgpr_mt2_ms64/seed0/blocks.csv,missing_per_task_metrics,runs/task1_10/online/maddox_streaming_sgpr_mt2_ms64/seed0/result.json
long,online,maddox_streaming_sgpr_mt2_ms64,maddox_streaming_sgpr_mt2_ms64,0,Task3,,,,failure,runs/task1_10/online/maddox_streaming_sgpr_mt2_ms64/seed0/blocks.csv,missing_per_task_metrics,runs/task1_10/online/maddox_streaming_sgpr_mt2_ms64/seed0/result.json
long,online,maddox_streaming_sgpr_mt2_ms64,maddox_streaming_sgpr_mt2_ms64,0,Task4,,,,failure,runs/task1_10/online/maddox_streaming_sgpr_mt2_ms64/seed0/blocks.csv,missing_per_task_metrics,runs/task1_10/online/maddox_streaming_sgpr_mt2_ms64/seed0/result.json
long,online,maddox_streaming_sgpr_mt2_ms64,maddox_streaming_sgpr_mt2_ms64,0,Task5,,,,failure,runs/task1_10/online/maddox_streaming_sgpr_mt2_ms64/seed0/blocks.csv,missing_per_task_metrics,runs/task1_10/online/maddox_streaming_sgpr_mt2_ms64/seed0/result.json
long,online,maddox_streaming_sgpr_mt2_ms64,maddox_streaming_sgpr_mt2_ms64,0,Task6,,,,failure,runs/task1_10/online/maddox_streaming_sgpr_mt2_ms64/seed0/blocks.csv,missing_per_task_metrics,runs/task1_10/online/maddox_streaming_sgpr_mt2_ms64/seed0/result.json
long,online,maddox_streaming_sgpr_mt2_ms64,maddox_streaming_sgpr_mt2_ms64,0,Task7,,,,failure,runs/task1_10/online/maddox_streaming_sgpr_mt2_ms64/seed0/blocks.csv,missing_per_task_metrics,runs/task1_10/online/maddox_streaming_sgpr_mt2_ms64/seed0/result.json
long,online,maddox_streaming_sgpr_mt2_ms64,maddox_streaming_sgpr_mt2_ms64,0,Task8,,,,failure,runs/task1_10/online/maddox_streaming_sgpr_mt2_ms64/seed0/blocks.csv,missing_per_task_metrics,runs/task1_10/online/maddox_streaming_sgpr_mt2_ms64/seed0/result.json
long,online,maddox_streaming_sgpr_mt2_ms64,maddox_streaming_sgpr_mt2_ms64,0,Task9,,,,failure,runs/task1_10/online/maddox_streaming_sgpr_mt2_ms64/seed0/blocks.csv,missing_per_task_metrics,runs/task1_10/online/maddox_streaming_sgpr_mt2_ms64/seed0/result.json
long,online,maddox_streaming_sgpr_mt2_ms64,maddox_streaming_sgpr_mt2_ms64,0,Task10,,,,failure,runs/task1_10/online/maddox_streaming_sgpr_mt2_ms64/seed0/blocks.csv,missing_per_task_metrics,runs/task1_10/online/maddox_streaming_sgpr_mt2_ms64/seed0/result.json
long,online,maddox_streaming_sgpr_mt2_ms64,maddox_streaming_sgpr_mt2_ms64,1,Task2,,,,failure,runs/task1_10/online/maddox_streaming_sgpr_mt2_ms64/seed1/blocks.csv,missing_per_task_metrics,runs/task1_10/online/maddox_streaming_sgpr_mt2_ms64/seed1/result.json
long,online,maddox_streaming_sgpr_mt2_ms64,maddox_streaming_sgpr_mt2_ms64,1,Task3,,,,failure,runs/task1_10/online/maddox_streaming_sgpr_mt2_ms64/seed1/blocks.csv,missing_per_task_metrics,runs/task1_10/online/maddox_streaming_sgpr_mt2_ms64/seed1/result.json
long,online,maddox_streaming_sgpr_mt2_ms64,maddox_streaming_sgpr_mt2_ms64,1,Task4,,,,failure,runs/task1_10/online/maddox_streaming_sgpr_mt2_ms64/seed1/blocks.csv,missing_per_task_metrics,runs/task1_10/online/maddox_streaming_sgpr_mt2_ms64/seed1/result.json
long,online,maddox_streaming_sgpr_mt2_ms64,maddox_streaming_sgpr_mt2_ms64,1,Task5,,,,failure,runs/task1_10/online/maddox_streaming_sgpr_mt2_ms64/seed1/blocks.csv,missing_per_task_metrics,runs/task1_10/online/maddox_streaming_sgpr_mt2_ms64/seed1/result.json
long,online,maddox_streaming_sgpr_mt2_ms64,maddox_streaming_sgpr_mt2_ms64,1,Task6,,,,failure,runs/task1_10/online/maddox_streaming_sgpr_mt2_ms64/seed1/blocks.csv,missing_per_task_metrics,runs/task1_10/online/maddox_streaming_sgpr_mt2_ms64/seed1/result.json
long,online,maddox_streaming_sgpr_mt2_ms64,maddox_streaming_sgpr_mt2_ms64,1,Task7,,,,failure,runs/task1_10/online/maddox_streaming_sgpr_mt2_ms64/seed1/blocks.csv,missing_per_task_metrics,runs/task1_10/online/maddox_streaming_sgpr_mt2_ms64/seed1/result.json
long,online,maddox_streaming_sgpr_mt2_ms64,maddox_streaming_sgpr_mt2_ms64,1,Task8,,,,failure,runs/task1_10/online/maddox_streaming_sgpr_mt2_ms64/seed1/blocks.csv,missing_per_task_metrics,runs/task1_10/online/maddox_streaming_sgpr_mt2_ms64/seed1/result.json
long,online,maddox_streaming_sgpr_mt2_ms64,maddox_streaming_sgpr_mt2_ms64,1,Task9,,,,failure,runs/task1_10/online/maddox_streaming_sgpr_mt2_ms64/seed1/blocks.csv,missing_per_task_metrics,runs/task1_10/online/maddox_streaming_sgpr_mt2_ms64/seed1/result.json
long,online,maddox_streaming_sgpr_mt2_ms64,maddox_streaming_sgpr_mt2_ms64,1,Task10,,,,failure,runs/task1_10/online/maddox_streaming_sgpr_mt2_ms64/seed1/blocks.csv,missing_per_task_metrics,runs/task1_10/online/maddox_streaming_sgpr_mt2_ms64/seed1/result.json
long,online,maddox_streaming_sgpr_mt2_ms64,maddox_streaming_sgpr_mt2_ms64,2,Task2,,,,failure,runs/task1_10/online/maddox_streaming_sgpr_mt2_ms64/seed2/blocks.csv,missing_per_task_metrics,runs/task1_10/online/maddox_streaming_sgpr_mt2_ms64/seed2/result.json
long,online,maddox_streaming_sgpr_mt2_ms64,maddox_streaming_sgpr_mt2_ms64,2,Task3,,,,failure,runs/task1_10/online/maddox_streaming_sgpr_mt2_ms64/seed2/blocks.csv,missing_per_task_metrics,runs/task1_10/online/maddox_streaming_sgpr_mt2_ms64/seed2/result.json
long,online,maddox_streaming_sgpr_mt2_ms64,maddox_streaming_sgpr_mt2_ms64,2,Task4,,,,failure,runs/task1_10/online/maddox_streaming_sgpr_mt2_ms64/seed2/blocks.csv,missing_per_task_metrics,runs/task1_10/online/maddox_streaming_sgpr_mt2_ms64/seed2/result.json
long,online,maddox_streaming_sgpr_mt2_ms64,maddox_streaming_sgpr_mt2_ms64,2,Task5,,,,failure,runs/task1_10/online/maddox_streaming_sgpr_mt2_ms64/seed2/blocks.csv,missing_per_task_metrics,runs/task1_10/online/maddox_streaming_sgpr_mt2_ms64/seed2/result.json
long,online,maddox_streaming_sgpr_mt2_ms64,maddox_streaming_sgpr_mt2_ms64,2,Task6,,,,failure,runs/task1_10/online/maddox_streaming_sgpr_mt2_ms64/seed2/blocks.csv,missing_per_task_metrics,runs/task1_10/online/maddox_streaming_sgpr_mt2_ms64/seed2/result.json
long,online,maddox_streaming_sgpr_mt2_ms64,maddox_streaming_sgpr_mt2_ms64,2,Task7,,,,failure,runs/task1_10/online/maddox_streaming_sgpr_mt2_ms64/seed2/blocks.csv,missing_per_task_metrics,runs/task1_10/online/maddox_streaming_sgpr_mt2_ms64/seed2/result.json
long,online,maddox_streaming_sgpr_mt2_ms64,maddox_streaming_sgpr_mt2_ms64,2,Task8,,,,failure,runs/task1_10/online/maddox_streaming_sgpr_mt2_ms64/seed2/blocks.csv,missing_per_task_metrics,runs/task1_10/online/maddox_streaming_sgpr_mt2_ms64/seed2/result.json
long,online,maddox_streaming_sgpr_mt2_ms64,maddox_streaming_sgpr_mt2_ms64,2,Task9,,,,failure,runs/task1_10/online/maddox_streaming_sgpr_mt2_ms64/seed2/blocks.csv,missing_per_task_metrics,runs/task1_10/online/maddox_streaming_sgpr_mt2_ms64/seed2/result.json
long,online,maddox_streaming_sgpr_mt2_ms64,maddox_streaming_sgpr_mt2_ms64,2,Task10,,,,failure,runs/task1_10/online/maddox_streaming_sgpr_mt2_ms64/seed2/blocks.csv,missing_per_task_metrics,runs/task1_10/online/maddox_streaming_sgpr_mt2_ms64/seed2/result.json
long,online,maddox_streaming_sgpr_mt2_ms64,maddox_streaming_sgpr_mt2_ms64,3,Task2,,,,failure,runs/task1_10/online/maddox_streaming_sgpr_mt2_ms64/seed3/blocks.csv,missing_per_task_metrics,runs/task1_10/online/maddox_streaming_sgpr_mt2_ms64/seed3/result.json
long,online,maddox_streaming_sgpr_mt2_ms64,maddox_streaming_sgpr_mt2_ms64,3,Task3,,,,failure,runs/task1_10/online/maddox_streaming_sgpr_mt2_ms64/seed3/blocks.csv,missing_per_task_metrics,runs/task1_10/online/maddox_streaming_sgpr_mt2_ms64/seed3/result.json
long,online,maddox_streaming_sgpr_mt2_ms64,maddox_streaming_sgpr_mt2_ms64,3,Task4,,,,failure,runs/task1_10/online/maddox_streaming_sgpr_mt2_ms64/seed3/blocks.csv,missing_per_task_metrics,runs/task1_10/online/maddox_streaming_sgpr_mt2_ms64/seed3/result.json
long,online,maddox_streaming_sgpr_mt2_ms64,maddox_streaming_sgpr_mt2_ms64,3,Task5,,,,failure,runs/task1_10/online/maddox_streaming_sgpr_mt2_ms64/seed3/blocks.csv,missing_per_task_metrics,runs/task1_10/online/maddox_streaming_sgpr_mt2_ms64/seed3/result.json
long,online,maddox_streaming_sgpr_mt2_ms64,maddox_streaming_sgpr_mt2_ms64,3,Task6,,,,failure,runs/task1_10/online/maddox_streaming_sgpr_mt2_ms64/seed3/blocks.csv,missing_per_task_metrics,runs/task1_10/online/maddox_streaming_sgpr_mt2_ms64/seed3/result.json
long,online,maddox_streaming_sgpr_mt2_ms64,maddox_streaming_sgpr_mt2_ms64,3,Task7,,,,failure,runs/task1_10/online/maddox_streaming_sgpr_mt2_ms64/seed3/blocks.csv,missing_per_task_metrics,runs/task1_10/online/maddox_streaming_sgpr_mt2_ms64/seed3/result.json
long,online,maddox_streaming_sgpr_mt2_ms64,maddox_streaming_sgpr_mt2_ms64,3,Task8,,,,failure,runs/task1_10/online/maddox_streaming_sgpr_mt2_ms64/seed3/blocks.csv,missing_per_task_metrics,runs/task1_10/online/maddox_streaming_sgpr_mt2_ms64/seed3/result.json
long,online,maddox_streaming_sgpr_mt2_ms64,maddox_streaming_sgpr_mt2_ms64,3,Task9,,,,failure,runs/task1_10/online/maddox_streaming_sgpr_mt2_ms64/seed3/blocks.csv,missing_per_task_metrics,runs/task1_10/online/maddox_streaming_sgpr_mt2_ms64/seed3/result.json
long,online,maddox_streaming_sgpr_mt2_ms64,maddox_streaming_sgpr_mt2_ms64,3,Task10,,,,failure,runs/task1_10/online/maddox_streaming_sgpr_mt2_ms64/seed3/blocks.csv,missing_per_task_metrics,runs/task1_10/online/maddox_streaming_sgpr_mt2_ms64/seed3/result.json
long,online,maddox_streaming_sgpr_mt2_ms64,maddox_streaming_sgpr_mt2_ms64,4,Task2,,,,failure,runs/task1_10/online/maddox_streaming_sgpr_mt2_ms64/seed4/blocks.csv,missing_per_task_metrics,runs/task1_10/online/maddox_streaming_sgpr_mt2_ms64/seed4/result.json
long,online,maddox_streaming_sgpr_mt2_ms64,maddox_streaming_sgpr_mt2_ms64,4,Task3,,,,failure,runs/task1_10/online/maddox_streaming_sgpr_mt2_ms64/seed4/blocks.csv,missing_per_task_metrics,runs/task1_10/online/maddox_streaming_sgpr_mt2_ms64/seed4/result.json
long,online,maddox_streaming_sgpr_mt2_ms64,maddox_streaming_sgpr_mt2_ms64,4,Task4,,,,failure,runs/task1_10/online/maddox_streaming_sgpr_mt2_ms64/seed4/blocks.csv,missing_per_task_metrics,runs/task1_10/online/maddox_streaming_sgpr_mt2_ms64/seed4/result.json
long,online,maddox_streaming_sgpr_mt2_ms64,maddox_streaming_sgpr_mt2_ms64,4,Task5,,,,failure,runs/task1_10/online/maddox_streaming_sgpr_mt2_ms64/seed4/blocks.csv,missing_per_task_metrics,runs/task1_10/online/maddox_streaming_sgpr_mt2_ms64/seed4/result.json
long,online,maddox_streaming_sgpr_mt2_ms64,maddox_streaming_sgpr_mt2_ms64,4,Task6,,,,failure,runs/task1_10/online/maddox_streaming_sgpr_mt2_ms64/seed4/blocks.csv,missing_per_task_metrics,runs/task1_10/online/maddox_streaming_sgpr_mt2_ms64/seed4/result.json
long,online,maddox_streaming_sgpr_mt2_ms64,maddox_streaming_sgpr_mt2_ms64,4,Task7,,,,failure,runs/task1_10/online/maddox_streaming_sgpr_mt2_ms64/seed4/blocks.csv,missing_per_task_metrics,runs/task1_10/online/maddox_streaming_sgpr_mt2_ms64/seed4/result.json
long,online,maddox_streaming_sgpr_mt2_ms64,maddox_streaming_sgpr_mt2_ms64,4,Task8,,,,failure,runs/task1_10/online/maddox_streaming_sgpr_mt2_ms64/seed4/blocks.csv,missing_per_task_metrics,runs/task1_10/online/maddox_streaming_sgpr_mt2_ms64/seed4/result.json
long,online,maddox_streaming_sgpr_mt2_ms64,maddox_streaming_sgpr_mt2_ms64,4,Task9,,,,failure,runs/task1_10/online/maddox_streaming_sgpr_mt2_ms64/seed4/blocks.csv,missing_per_task_metrics,runs/task1_10/online/maddox_streaming_sgpr_mt2_ms64/seed4/result.json
long,online,maddox_streaming_sgpr_mt2_ms64,maddox_streaming_sgpr_mt2_ms64,4,Task10,,,,failure,runs/task1_10/online/maddox_streaming_sgpr_mt2_ms64/seed4/blocks.csv,missing_per_task_metrics,runs/task1_10/online/maddox_streaming_sgpr_mt2_ms64/seed4/result.json
long,online,official_ohsvgp_m32_rff128,official_ohsvgp_m32_rff128,0,Task2,,,,failure,runs/task1_10/online/official_ohsvgp_m32_rff128/seed0/blocks.csv,missing_per_task_metrics,runs/task1_10/online/official_ohsvgp_m32_rff128/seed0/result.json
long,online,official_ohsvgp_m32_rff128,official_ohsvgp_m32_rff128,0,Task3,,,,failure,runs/task1_10/online/official_ohsvgp_m32_rff128/seed0/blocks.csv,missing_per_task_metrics,runs/task1_10/online/official_ohsvgp_m32_rff128/seed0/result.json
long,online,official_ohsvgp_m32_rff128,official_ohsvgp_m32_rff128,0,Task4,,,,failure,runs/task1_10/online/official_ohsvgp_m32_rff128/seed0/blocks.csv,missing_per_task_metrics,runs/task1_10/online/official_ohsvgp_m32_rff128/seed0/result.json
long,online,official_ohsvgp_m32_rff128,official_ohsvgp_m32_rff128,0,Task5,,,,failure,runs/task1_10/online/official_ohsvgp_m32_rff128/seed0/blocks.csv,missing_per_task_metrics,runs/task1_10/online/official_ohsvgp_m32_rff128/seed0/result.json
long,online,official_ohsvgp_m32_rff128,official_ohsvgp_m32_rff128,0,Task6,,,,failure,runs/task1_10/online/official_ohsvgp_m32_rff128/seed0/blocks.csv,missing_per_task_metrics,runs/task1_10/online/official_ohsvgp_m32_rff128/seed0/result.json
long,online,official_ohsvgp_m32_rff128,official_ohsvgp_m32_rff128,0,Task7,,,,failure,runs/task1_10/online/official_ohsvgp_m32_rff128/seed0/blocks.csv,missing_per_task_metrics,runs/task1_10/online/official_ohsvgp_m32_rff128/seed0/result.json
long,online,official_ohsvgp_m32_rff128,official_ohsvgp_m32_rff128,0,Task8,,,,failure,runs/task1_10/online/official_ohsvgp_m32_rff128/seed0/blocks.csv,missing_per_task_metrics,runs/task1_10/online/official_ohsvgp_m32_rff128/seed0/result.json
long,online,official_ohsvgp_m32_rff128,official_ohsvgp_m32_rff128,0,Task9,,,,failure,runs/task1_10/online/official_ohsvgp_m32_rff128/seed0/blocks.csv,missing_per_task_metrics,runs/task1_10/online/official_ohsvgp_m32_rff128/seed0/result.json
long,online,official_ohsvgp_m32_rff128,official_ohsvgp_m32_rff128,0,Task10,,,,failure,runs/task1_10/online/official_ohsvgp_m32_rff128/seed0/blocks.csv,missing_per_task_metrics,runs/task1_10/online/official_ohsvgp_m32_rff128/seed0/result.json
long,online,official_ohsvgp_m32_rff128,official_ohsvgp_m32_rff128,1,Task2,,,,failure,runs/task1_10/online/official_ohsvgp_m32_rff128/seed1/blocks.csv,missing_per_task_metrics,runs/task1_10/online/official_ohsvgp_m32_rff128/seed1/result.json
long,online,official_ohsvgp_m32_rff128,official_ohsvgp_m32_rff128,1,Task3,,,,failure,runs/task1_10/online/official_ohsvgp_m32_rff128/seed1/blocks.csv,missing_per_task_metrics,runs/task1_10/online/official_ohsvgp_m32_rff128/seed1/result.json
long,online,official_ohsvgp_m32_rff128,official_ohsvgp_m32_rff128,1,Task4,,,,failure,runs/task1_10/online/official_ohsvgp_m32_rff128/seed1/blocks.csv,missing_per_task_metrics,runs/task1_10/online/official_ohsvgp_m32_rff128/seed1/result.json
long,online,official_ohsvgp_m32_rff128,official_ohsvgp_m32_rff128,1,Task5,,,,failure,runs/task1_10/online/official_ohsvgp_m32_rff128/seed1/blocks.csv,missing_per_task_metrics,runs/task1_10/online/official_ohsvgp_m32_rff128/seed1/result.json
long,online,official_ohsvgp_m32_rff128,official_ohsvgp_m32_rff128,1,Task6,,,,failure,runs/task1_10/online/official_ohsvgp_m32_rff128/seed1/blocks.csv,missing_per_task_metrics,runs/task1_10/online/official_ohsvgp_m32_rff128/seed1/result.json
long,online,official_ohsvgp_m32_rff128,official_ohsvgp_m32_rff128,1,Task7,,,,failure,runs/task1_10/online/official_ohsvgp_m32_rff128/seed1/blocks.csv,missing_per_task_metrics,runs/task1_10/online/official_ohsvgp_m32_rff128/seed1/result.json
long,online,official_ohsvgp_m32_rff128,official_ohsvgp_m32_rff128,1,Task8,,,,failure,runs/task1_10/online/official_ohsvgp_m32_rff128/seed1/blocks.csv,missing_per_task_metrics,runs/task1_10/online/official_ohsvgp_m32_rff128/seed1/result.json
long,online,official_ohsvgp_m32_rff128,official_ohsvgp_m32_rff128,1,Task9,,,,failure,runs/task1_10/online/official_ohsvgp_m32_rff128/seed1/blocks.csv,missing_per_task_metrics,runs/task1_10/online/official_ohsvgp_m32_rff128/seed1/result.json
long,online,official_ohsvgp_m32_rff128,official_ohsvgp_m32_rff128,1,Task10,,,,failure,runs/task1_10/online/official_ohsvgp_m32_rff128/seed1/blocks.csv,missing_per_task_metrics,runs/task1_10/online/official_ohsvgp_m32_rff128/seed1/result.json
long,online,official_ohsvgp_m32_rff128,official_ohsvgp_m32_rff128,2,Task2,,,,failure,runs/task1_10/online/official_ohsvgp_m32_rff128/seed2/blocks.csv,missing_per_task_metrics,runs/task1_10/online/official_ohsvgp_m32_rff128/seed2/result.json
long,online,official_ohsvgp_m32_rff128,official_ohsvgp_m32_rff128,2,Task3,,,,failure,runs/task1_10/online/official_ohsvgp_m32_rff128/seed2/blocks.csv,missing_per_task_metrics,runs/task1_10/online/official_ohsvgp_m32_rff128/seed2/result.json
long,online,official_ohsvgp_m32_rff128,official_ohsvgp_m32_rff128,2,Task4,,,,failure,runs/task1_10/online/official_ohsvgp_m32_rff128/seed2/blocks.csv,missing_per_task_metrics,runs/task1_10/online/official_ohsvgp_m32_rff128/seed2/result.json
long,online,official_ohsvgp_m32_rff128,official_ohsvgp_m32_rff128,2,Task5,,,,failure,runs/task1_10/online/official_ohsvgp_m32_rff128/seed2/blocks.csv,missing_per_task_metrics,runs/task1_10/online/official_ohsvgp_m32_rff128/seed2/result.json
long,online,official_ohsvgp_m32_rff128,official_ohsvgp_m32_rff128,2,Task6,,,,failure,runs/task1_10/online/official_ohsvgp_m32_rff128/seed2/blocks.csv,missing_per_task_metrics,runs/task1_10/online/official_ohsvgp_m32_rff128/seed2/result.json
long,online,official_ohsvgp_m32_rff128,official_ohsvgp_m32_rff128,2,Task7,,,,failure,runs/task1_10/online/official_ohsvgp_m32_rff128/seed2/blocks.csv,missing_per_task_metrics,runs/task1_10/online/official_ohsvgp_m32_rff128/seed2/result.json
long,online,official_ohsvgp_m32_rff128,official_ohsvgp_m32_rff128,2,Task8,,,,failure,runs/task1_10/online/official_ohsvgp_m32_rff128/seed2/blocks.csv,missing_per_task_metrics,runs/task1_10/online/official_ohsvgp_m32_rff128/seed2/result.json
long,online,official_ohsvgp_m32_rff128,official_ohsvgp_m32_rff128,2,Task9,,,,failure,runs/task1_10/online/official_ohsvgp_m32_rff128/seed2/blocks.csv,missing_per_task_metrics,runs/task1_10/online/official_ohsvgp_m32_rff128/seed2/result.json
long,online,official_ohsvgp_m32_rff128,official_ohsvgp_m32_rff128,2,Task10,,,,failure,runs/task1_10/online/official_ohsvgp_m32_rff128/seed2/blocks.csv,missing_per_task_metrics,runs/task1_10/online/official_ohsvgp_m32_rff128/seed2/result.json
long,online,official_ohsvgp_m32_rff128,official_ohsvgp_m32_rff128,3,Task2,,,,failure,runs/task1_10/online/official_ohsvgp_m32_rff128/seed3/blocks.csv,missing_per_task_metrics,runs/task1_10/online/official_ohsvgp_m32_rff128/seed3/result.json
long,online,official_ohsvgp_m32_rff128,official_ohsvgp_m32_rff128,3,Task3,,,,failure,runs/task1_10/online/official_ohsvgp_m32_rff128/seed3/blocks.csv,missing_per_task_metrics,runs/task1_10/online/official_ohsvgp_m32_rff128/seed3/result.json
long,online,official_ohsvgp_m32_rff128,official_ohsvgp_m32_rff128,3,Task4,,,,failure,runs/task1_10/online/official_ohsvgp_m32_rff128/seed3/blocks.csv,missing_per_task_metrics,runs/task1_10/online/official_ohsvgp_m32_rff128/seed3/result.json
long,online,official_ohsvgp_m32_rff128,official_ohsvgp_m32_rff128,3,Task5,,,,failure,runs/task1_10/online/official_ohsvgp_m32_rff128/seed3/blocks.csv,missing_per_task_metrics,runs/task1_10/online/official_ohsvgp_m32_rff128/seed3/result.json
long,online,official_ohsvgp_m32_rff128,official_ohsvgp_m32_rff128,3,Task6,,,,failure,runs/task1_10/online/official_ohsvgp_m32_rff128/seed3/blocks.csv,missing_per_task_metrics,runs/task1_10/online/official_ohsvgp_m32_rff128/seed3/result.json
long,online,official_ohsvgp_m32_rff128,official_ohsvgp_m32_rff128,3,Task7,,,,failure,runs/task1_10/online/official_ohsvgp_m32_rff128/seed3/blocks.csv,missing_per_task_metrics,runs/task1_10/online/official_ohsvgp_m32_rff128/seed3/result.json
long,online,official_ohsvgp_m32_rff128,official_ohsvgp_m32_rff128,3,Task8,,,,failure,runs/task1_10/online/official_ohsvgp_m32_rff128/seed3/blocks.csv,missing_per_task_metrics,runs/task1_10/online/official_ohsvgp_m32_rff128/seed3/result.json
long,online,official_ohsvgp_m32_rff128,official_ohsvgp_m32_rff128,3,Task9,,,,failure,runs/task1_10/online/official_ohsvgp_m32_rff128/seed3/blocks.csv,missing_per_task_metrics,runs/task1_10/online/official_ohsvgp_m32_rff128/seed3/result.json
long,online,official_ohsvgp_m32_rff128,official_ohsvgp_m32_rff128,3,Task10,,,,failure,runs/task1_10/online/official_ohsvgp_m32_rff128/seed3/blocks.csv,missing_per_task_metrics,runs/task1_10/online/official_ohsvgp_m32_rff128/seed3/result.json
long,online,official_ohsvgp_m32_rff128,official_ohsvgp_m32_rff128,4,Task2,,,,failure,runs/task1_10/online/official_ohsvgp_m32_rff128/seed4/blocks.csv,missing_per_task_metrics,runs/task1_10/online/official_ohsvgp_m32_rff128/seed4/result.json
long,online,official_ohsvgp_m32_rff128,official_ohsvgp_m32_rff128,4,Task3,,,,failure,runs/task1_10/online/official_ohsvgp_m32_rff128/seed4/blocks.csv,missing_per_task_metrics,runs/task1_10/online/official_ohsvgp_m32_rff128/seed4/result.json
long,online,official_ohsvgp_m32_rff128,official_ohsvgp_m32_rff128,4,Task4,,,,failure,runs/task1_10/online/official_ohsvgp_m32_rff128/seed4/blocks.csv,missing_per_task_metrics,runs/task1_10/online/official_ohsvgp_m32_rff128/seed4/result.json
long,online,official_ohsvgp_m32_rff128,official_ohsvgp_m32_rff128,4,Task5,,,,failure,runs/task1_10/online/official_ohsvgp_m32_rff128/seed4/blocks.csv,missing_per_task_metrics,runs/task1_10/online/official_ohsvgp_m32_rff128/seed4/result.json
long,online,official_ohsvgp_m32_rff128,official_ohsvgp_m32_rff128,4,Task6,,,,failure,runs/task1_10/online/official_ohsvgp_m32_rff128/seed4/blocks.csv,missing_per_task_metrics,runs/task1_10/online/official_ohsvgp_m32_rff128/seed4/result.json
long,online,official_ohsvgp_m32_rff128,official_ohsvgp_m32_rff128,4,Task7,,,,failure,runs/task1_10/online/official_ohsvgp_m32_rff128/seed4/blocks.csv,missing_per_task_metrics,runs/task1_10/online/official_ohsvgp_m32_rff128/seed4/result.json
long,online,official_ohsvgp_m32_rff128,official_ohsvgp_m32_rff128,4,Task8,,,,failure,runs/task1_10/online/official_ohsvgp_m32_rff128/seed4/blocks.csv,missing_per_task_metrics,runs/task1_10/online/official_ohsvgp_m32_rff128/seed4/result.json
long,online,official_ohsvgp_m32_rff128,official_ohsvgp_m32_rff128,4,Task9,,,,failure,runs/task1_10/online/official_ohsvgp_m32_rff128/seed4/blocks.csv,missing_per_task_metrics,runs/task1_10/online/official_ohsvgp_m32_rff128/seed4/result.json
long,online,official_ohsvgp_m32_rff128,official_ohsvgp_m32_rff128,4,Task10,,,,failure,runs/task1_10/online/official_ohsvgp_m32_rff128/seed4/blocks.csv,missing_per_task_metrics,runs/task1_10/online/official_ohsvgp_m32_rff128/seed4/result.json
long,online,routeb_cumulative_hippo_mt128_ms128,routeb_cumulative_hippo_mt128_ms128,0,Task2,0.08068275271739114,-1.0476285091781412,0.9591666666666666,complete,runs/task1_10/online/routeb_cumulative_hippo_mt128_ms128/seed0/blocks.csv,,runs/task1_10/online/routeb_cumulative_hippo_mt128_ms128/seed0/result.json
long,online,routeb_cumulative_hippo_mt128_ms128,routeb_cumulative_hippo_mt128_ms128,0,Task3,0.06508124304732897,-1.1712773072508367,0.9875,complete,runs/task1_10/online/routeb_cumulative_hippo_mt128_ms128/seed0/blocks.csv,,runs/task1_10/online/routeb_cumulative_hippo_mt128_ms128/seed0/result.json
long,online,routeb_cumulative_hippo_mt128_ms128,routeb_cumulative_hippo_mt128_ms128,0,Task4,0.08268795423145471,-1.0412721067242217,0.9575,complete,runs/task1_10/online/routeb_cumulative_hippo_mt128_ms128/seed0/blocks.csv,,runs/task1_10/online/routeb_cumulative_hippo_mt128_ms128/seed0/result.json
long,online,routeb_cumulative_hippo_mt128_ms128,routeb_cumulative_hippo_mt128_ms128,0,Task5,0.1508013781241767,-0.23517217649076427,0.7391666666666666,complete,runs/task1_10/online/routeb_cumulative_hippo_mt128_ms128/seed0/blocks.csv,,runs/task1_10/online/routeb_cumulative_hippo_mt128_ms128/seed0/result.json
long,online,routeb_cumulative_hippo_mt128_ms128,routeb_cumulative_hippo_mt128_ms128,0,Task6,0.15541383741488948,-0.19348322784226568,0.7708333333333334,complete,runs/task1_10/online/routeb_cumulative_hippo_mt128_ms128/seed0/blocks.csv,,runs/task1_10/online/routeb_cumulative_hippo_mt128_ms128/seed0/result.json
long,online,routeb_cumulative_hippo_mt128_ms128,routeb_cumulative_hippo_mt128_ms128,0,Task7,0.14957817854507222,-0.3322337047880071,0.7716666666666666,complete,runs/task1_10/online/routeb_cumulative_hippo_mt128_ms128/seed0/blocks.csv,,runs/task1_10/online/routeb_cumulative_hippo_mt128_ms128/seed0/result.json
long,online,routeb_cumulative_hippo_mt128_ms128,routeb_cumulative_hippo_mt128_ms128,0,Task8,0.15855503390222098,-0.17053439707043977,0.725,complete,runs/task1_10/online/routeb_cumulative_hippo_mt128_ms128/seed0/blocks.csv,,runs/task1_10/online/routeb_cumulative_hippo_mt128_ms128/seed0/result.json
long,online,routeb_cumulative_hippo_mt128_ms128,routeb_cumulative_hippo_mt128_ms128,0,Task9,0.1546973002734899,-0.2096406249591422,0.7383333333333333,complete,runs/task1_10/online/routeb_cumulative_hippo_mt128_ms128/seed0/blocks.csv,,runs/task1_10/online/routeb_cumulative_hippo_mt128_ms128/seed0/result.json
long,online,routeb_cumulative_hippo_mt128_ms128,routeb_cumulative_hippo_mt128_ms128,0,Task10,0.14369367321883225,-0.39862738196725633,0.7866666666666666,complete,runs/task1_10/online/routeb_cumulative_hippo_mt128_ms128/seed0/blocks.csv,,runs/task1_10/online/routeb_cumulative_hippo_mt128_ms128/seed0/result.json
long,online,routeb_cumulative_hippo_mt128_ms128,routeb_cumulative_hippo_mt128_ms128,1,Task2,0.08735953988487187,-0.9863674493990799,0.9425,complete,runs/task1_10/online/routeb_cumulative_hippo_mt128_ms128/seed1/blocks.csv,,runs/task1_10/online/routeb_cumulative_hippo_mt128_ms128/seed1/result.json
long,online,routeb_cumulative_hippo_mt128_ms128,routeb_cumulative_hippo_mt128_ms128,1,Task3,0.06328927052814627,-1.1823928347486983,0.9883333333333333,complete,runs/task1_10/online/routeb_cumulative_hippo_mt128_ms128/seed1/blocks.csv,,runs/task1_10/online/routeb_cumulative_hippo_mt128_ms128/seed1/result.json
long,online,routeb_cumulative_hippo_mt128_ms128,routeb_cumulative_hippo_mt128_ms128,1,Task4,0.08604800729515903,-1.0214806076417464,0.9566666666666667,complete,runs/task1_10/online/routeb_cumulative_hippo_mt128_ms128/seed1/blocks.csv,,runs/task1_10/online/routeb_cumulative_hippo_mt128_ms128/seed1/result.json
long,online,routeb_cumulative_hippo_mt128_ms128,routeb_cumulative_hippo_mt128_ms128,1,Task5,0.1529848492023475,-0.2507243386291027,0.755,complete,runs/task1_10/online/routeb_cumulative_hippo_mt128_ms128/seed1/blocks.csv,,runs/task1_10/online/routeb_cumulative_hippo_mt128_ms128/seed1/result.json
long,online,routeb_cumulative_hippo_mt128_ms128,routeb_cumulative_hippo_mt128_ms128,1,Task6,0.1597859263599311,-0.15874354822276918,0.7858333333333334,complete,runs/task1_10/online/routeb_cumulative_hippo_mt128_ms128/seed1/blocks.csv,,runs/task1_10/online/routeb_cumulative_hippo_mt128_ms128/seed1/result.json
long,online,routeb_cumulative_hippo_mt128_ms128,routeb_cumulative_hippo_mt128_ms128,1,Task7,0.1792707379012425,0.1800691631383418,0.6641666666666667,complete,runs/task1_10/online/routeb_cumulative_hippo_mt128_ms128/seed1/blocks.csv,,runs/task1_10/online/routeb_cumulative_hippo_mt128_ms128/seed1/result.json
long,online,routeb_cumulative_hippo_mt128_ms128,routeb_cumulative_hippo_mt128_ms128,1,Task8,0.13608000078414542,-0.5065857990817714,0.8391666666666666,complete,runs/task1_10/online/routeb_cumulative_hippo_mt128_ms128/seed1/blocks.csv,,runs/task1_10/online/routeb_cumulative_hippo_mt128_ms128/seed1/result.json
long,online,routeb_cumulative_hippo_mt128_ms128,routeb_cumulative_hippo_mt128_ms128,1,Task9,0.1751348643901252,0.10286651567191717,0.7083333333333334,complete,runs/task1_10/online/routeb_cumulative_hippo_mt128_ms128/seed1/blocks.csv,,runs/task1_10/online/routeb_cumulative_hippo_mt128_ms128/seed1/result.json
long,online,routeb_cumulative_hippo_mt128_ms128,routeb_cumulative_hippo_mt128_ms128,1,Task10,0.16124700280432452,-0.17791134715758503,0.7408333333333333,complete,runs/task1_10/online/routeb_cumulative_hippo_mt128_ms128/seed1/blocks.csv,,runs/task1_10/online/routeb_cumulative_hippo_mt128_ms128/seed1/result.json
long,online,routeb_cumulative_hippo_mt128_ms128,routeb_cumulative_hippo_mt128_ms128,2,Task2,0.08238973232581805,-1.0339318144477618,0.9608333333333333,complete,runs/task1_10/online/routeb_cumulative_hippo_mt128_ms128/seed2/blocks.csv,,runs/task1_10/online/routeb_cumulative_hippo_mt128_ms128/seed2/result.json
long,online,routeb_cumulative_hippo_mt128_ms128,routeb_cumulative_hippo_mt128_ms128,2,Task3,0.06433741850872737,-1.1689298492122233,0.99,complete,runs/task1_10/online/routeb_cumulative_hippo_mt128_ms128/seed2/blocks.csv,,runs/task1_10/online/routeb_cumulative_hippo_mt128_ms128/seed2/result.json
long,online,routeb_cumulative_hippo_mt128_ms128,routeb_cumulative_hippo_mt128_ms128,2,Task4,0.08466582805273842,-1.0282470164035737,0.95,complete,runs/task1_10/online/routeb_cumulative_hippo_mt128_ms128/seed2/blocks.csv,,runs/task1_10/online/routeb_cumulative_hippo_mt128_ms128/seed2/result.json
long,online,routeb_cumulative_hippo_mt128_ms128,routeb_cumulative_hippo_mt128_ms128,2,Task5,0.1465057223099902,-0.3369363003115838,0.7791666666666667,complete,runs/task1_10/online/routeb_cumulative_hippo_mt128_ms128/seed2/blocks.csv,,runs/task1_10/online/routeb_cumulative_hippo_mt128_ms128/seed2/result.json
long,online,routeb_cumulative_hippo_mt128_ms128,routeb_cumulative_hippo_mt128_ms128,2,Task6,0.15668495507759725,-0.17729337990375843,0.7816666666666666,complete,runs/task1_10/online/routeb_cumulative_hippo_mt128_ms128/seed2/blocks.csv,,runs/task1_10/online/routeb_cumulative_hippo_mt128_ms128/seed2/result.json
long,online,routeb_cumulative_hippo_mt128_ms128,routeb_cumulative_hippo_mt128_ms128,2,Task7,0.16935539320448606,0.007285194975903758,0.71,complete,runs/task1_10/online/routeb_cumulative_hippo_mt128_ms128/seed2/blocks.csv,,runs/task1_10/online/routeb_cumulative_hippo_mt128_ms128/seed2/result.json
long,online,routeb_cumulative_hippo_mt128_ms128,routeb_cumulative_hippo_mt128_ms128,2,Task8,0.13774339198848595,-0.47798881402699306,0.8158333333333333,complete,runs/task1_10/online/routeb_cumulative_hippo_mt128_ms128/seed2/blocks.csv,,runs/task1_10/online/routeb_cumulative_hippo_mt128_ms128/seed2/result.json
long,online,routeb_cumulative_hippo_mt128_ms128,routeb_cumulative_hippo_mt128_ms128,2,Task9,0.17581507019347514,0.05803325402545763,0.7108333333333333,complete,runs/task1_10/online/routeb_cumulative_hippo_mt128_ms128/seed2/blocks.csv,,runs/task1_10/online/routeb_cumulative_hippo_mt128_ms128/seed2/result.json
long,online,routeb_cumulative_hippo_mt128_ms128,routeb_cumulative_hippo_mt128_ms128,2,Task10,0.15038440514878962,-0.31871698533412846,0.7641666666666667,complete,runs/task1_10/online/routeb_cumulative_hippo_mt128_ms128/seed2/blocks.csv,,runs/task1_10/online/routeb_cumulative_hippo_mt128_ms128/seed2/result.json
long,online,routeb_cumulative_hippo_mt128_ms128,routeb_cumulative_hippo_mt128_ms128,3,Task2,0.08340420635992989,-1.0144164003126173,0.9625,complete,runs/task1_10/online/routeb_cumulative_hippo_mt128_ms128/seed3/blocks.csv,,runs/task1_10/online/routeb_cumulative_hippo_mt128_ms128/seed3/result.json
long,online,routeb_cumulative_hippo_mt128_ms128,routeb_cumulative_hippo_mt128_ms128,3,Task3,0.06399518609623799,-1.1544099841753548,0.9908333333333333,complete,runs/task1_10/online/routeb_cumulative_hippo_mt128_ms128/seed3/blocks.csv,,runs/task1_10/online/routeb_cumulative_hippo_mt128_ms128/seed3/result.json
long,online,routeb_cumulative_hippo_mt128_ms128,routeb_cumulative_hippo_mt128_ms128,3,Task4,0.0863895340222173,-1.002714323480317,0.955,complete,runs/task1_10/online/routeb_cumulative_hippo_mt128_ms128/seed3/blocks.csv,,runs/task1_10/online/routeb_cumulative_hippo_mt128_ms128/seed3/result.json
long,online,routeb_cumulative_hippo_mt128_ms128,routeb_cumulative_hippo_mt128_ms128,3,Task5,0.16272604905251084,-0.14898629798979646,0.7308333333333333,complete,runs/task1_10/online/routeb_cumulative_hippo_mt128_ms128/seed3/blocks.csv,,runs/task1_10/online/routeb_cumulative_hippo_mt128_ms128/seed3/result.json
long,online,routeb_cumulative_hippo_mt128_ms128,routeb_cumulative_hippo_mt128_ms128,3,Task6,0.1657364588660132,-0.09217043530152237,0.7508333333333334,complete,runs/task1_10/online/routeb_cumulative_hippo_mt128_ms128/seed3/blocks.csv,,runs/task1_10/online/routeb_cumulative_hippo_mt128_ms128/seed3/result.json
long,online,routeb_cumulative_hippo_mt128_ms128,routeb_cumulative_hippo_mt128_ms128,3,Task7,0.1423182095913745,-0.49823233249003407,0.8183333333333334,complete,runs/task1_10/online/routeb_cumulative_hippo_mt128_ms128/seed3/blocks.csv,,runs/task1_10/online/routeb_cumulative_hippo_mt128_ms128/seed3/result.json
long,online,routeb_cumulative_hippo_mt128_ms128,routeb_cumulative_hippo_mt128_ms128,3,Task8,0.16412542968273638,-0.1766754733199468,0.7241666666666666,complete,runs/task1_10/online/routeb_cumulative_hippo_mt128_ms128/seed3/blocks.csv,,runs/task1_10/online/routeb_cumulative_hippo_mt128_ms128/seed3/result.json
long,online,routeb_cumulative_hippo_mt128_ms128,routeb_cumulative_hippo_mt128_ms128,3,Task9,0.15457796266204094,-0.3284750186021891,0.78,complete,runs/task1_10/online/routeb_cumulative_hippo_mt128_ms128/seed3/blocks.csv,,runs/task1_10/online/routeb_cumulative_hippo_mt128_ms128/seed3/result.json
long,online,routeb_cumulative_hippo_mt128_ms128,routeb_cumulative_hippo_mt128_ms128,3,Task10,0.1412630795680445,-0.44859333132454876,0.805,complete,runs/task1_10/online/routeb_cumulative_hippo_mt128_ms128/seed3/blocks.csv,,runs/task1_10/online/routeb_cumulative_hippo_mt128_ms128/seed3/result.json
long,online,routeb_cumulative_hippo_mt128_ms128,routeb_cumulative_hippo_mt128_ms128,4,Task2,0.08574622473957061,-0.9960979315580945,0.9433333333333334,complete,runs/task1_10/online/routeb_cumulative_hippo_mt128_ms128/seed4/blocks.csv,,runs/task1_10/online/routeb_cumulative_hippo_mt128_ms128/seed4/result.json
long,online,routeb_cumulative_hippo_mt128_ms128,routeb_cumulative_hippo_mt128_ms128,4,Task3,0.07095843906216448,-1.1150971590938037,0.9858333333333333,complete,runs/task1_10/online/routeb_cumulative_hippo_mt128_ms128/seed4/blocks.csv,,runs/task1_10/online/routeb_cumulative_hippo_mt128_ms128/seed4/result.json
long,online,routeb_cumulative_hippo_mt128_ms128,routeb_cumulative_hippo_mt128_ms128,4,Task4,0.09084789390241386,-0.9722496365034833,0.9433333333333334,complete,runs/task1_10/online/routeb_cumulative_hippo_mt128_ms128/seed4/blocks.csv,,runs/task1_10/online/routeb_cumulative_hippo_mt128_ms128/seed4/result.json
long,online,routeb_cumulative_hippo_mt128_ms128,routeb_cumulative_hippo_mt128_ms128,4,Task5,0.14409297358318984,-0.4163511841868997,0.7841666666666667,complete,runs/task1_10/online/routeb_cumulative_hippo_mt128_ms128/seed4/blocks.csv,,runs/task1_10/online/routeb_cumulative_hippo_mt128_ms128/seed4/result.json
long,online,routeb_cumulative_hippo_mt128_ms128,routeb_cumulative_hippo_mt128_ms128,4,Task6,0.16251220782519715,-0.1881962942437528,0.7741666666666667,complete,runs/task1_10/online/routeb_cumulative_hippo_mt128_ms128/seed4/blocks.csv,,runs/task1_10/online/routeb_cumulative_hippo_mt128_ms128/seed4/result.json
long,online,routeb_cumulative_hippo_mt128_ms128,routeb_cumulative_hippo_mt128_ms128,4,Task7,0.14728067521012592,-0.42810346487296236,0.7883333333333333,complete,runs/task1_10/online/routeb_cumulative_hippo_mt128_ms128/seed4/blocks.csv,,runs/task1_10/online/routeb_cumulative_hippo_mt128_ms128/seed4/result.json
long,online,routeb_cumulative_hippo_mt128_ms128,routeb_cumulative_hippo_mt128_ms128,4,Task8,0.17710491983313256,0.004930354437753929,0.695,complete,runs/task1_10/online/routeb_cumulative_hippo_mt128_ms128/seed4/blocks.csv,,runs/task1_10/online/routeb_cumulative_hippo_mt128_ms128/seed4/result.json
long,online,routeb_cumulative_hippo_mt128_ms128,routeb_cumulative_hippo_mt128_ms128,4,Task9,0.16485572942667956,-0.20671797274959886,0.7491666666666666,complete,runs/task1_10/online/routeb_cumulative_hippo_mt128_ms128/seed4/blocks.csv,,runs/task1_10/online/routeb_cumulative_hippo_mt128_ms128/seed4/result.json
long,online,routeb_cumulative_hippo_mt128_ms128,routeb_cumulative_hippo_mt128_ms128,4,Task10,0.15226971174070092,-0.32926067250472607,0.7841666666666667,complete,runs/task1_10/online/routeb_cumulative_hippo_mt128_ms128/seed4/blocks.csv,,runs/task1_10/online/routeb_cumulative_hippo_mt128_ms128/seed4/result.json
long,online,routeb_cumulative_hippo_mt128_ms64,routeb_cumulative_hippo_mt128_ms64,0,Task2,0.08884285817230116,-0.8560537621438558,0.98,complete,runs/task1_10/online/routeb_cumulative_hippo_mt128_ms64/seed0/blocks.csv,,runs/task1_10/online/routeb_cumulative_hippo_mt128_ms64/seed0/result.json
long,online,routeb_cumulative_hippo_mt128_ms64,routeb_cumulative_hippo_mt128_ms64,0,Task3,0.07144832188602794,-0.945039821398401,0.9983333333333333,complete,runs/task1_10/online/routeb_cumulative_hippo_mt128_ms64/seed0/blocks.csv,,runs/task1_10/online/routeb_cumulative_hippo_mt128_ms64/seed0/result.json
long,online,routeb_cumulative_hippo_mt128_ms64,routeb_cumulative_hippo_mt128_ms64,0,Task4,0.09287292715589543,-0.8494377007043793,0.9775,complete,runs/task1_10/online/routeb_cumulative_hippo_mt128_ms64/seed0/blocks.csv,,runs/task1_10/online/routeb_cumulative_hippo_mt128_ms64/seed0/result.json
long,online,routeb_cumulative_hippo_mt128_ms64,routeb_cumulative_hippo_mt128_ms64,0,Task5,0.16368769016645152,-0.29359263880855063,0.8241666666666667,complete,runs/task1_10/online/routeb_cumulative_hippo_mt128_ms64/seed0/blocks.csv,,runs/task1_10/online/routeb_cumulative_hippo_mt128_ms64/seed0/result.json
long,online,routeb_cumulative_hippo_mt128_ms64,routeb_cumulative_hippo_mt128_ms64,0,Task6,0.16324875415624227,-0.30144797573434184,0.8383333333333334,complete,runs/task1_10/online/routeb_cumulative_hippo_mt128_ms64/seed0/blocks.csv,,runs/task1_10/online/routeb_cumulative_hippo_mt128_ms64/seed0/result.json
long,online,routeb_cumulative_hippo_mt128_ms64,routeb_cumulative_hippo_mt128_ms64,0,Task7,0.16032155269171708,-0.38540541999612904,0.87,complete,runs/task1_10/online/routeb_cumulative_hippo_mt128_ms64/seed0/blocks.csv,,runs/task1_10/online/routeb_cumulative_hippo_mt128_ms64/seed0/result.json
long,online,routeb_cumulative_hippo_mt128_ms64,routeb_cumulative_hippo_mt128_ms64,0,Task8,0.17404641611677596,-0.22003538503693026,0.8025,complete,runs/task1_10/online/routeb_cumulative_hippo_mt128_ms64/seed0/blocks.csv,,runs/task1_10/online/routeb_cumulative_hippo_mt128_ms64/seed0/result.json
long,online,routeb_cumulative_hippo_mt128_ms64,routeb_cumulative_hippo_mt128_ms64,0,Task9,0.1703895633541848,-0.22204183031374783,0.8108333333333333,complete,runs/task1_10/online/routeb_cumulative_hippo_mt128_ms64/seed0/blocks.csv,,runs/task1_10/online/routeb_cumulative_hippo_mt128_ms64/seed0/result.json
long,online,routeb_cumulative_hippo_mt128_ms64,routeb_cumulative_hippo_mt128_ms64,0,Task10,0.15761564947480602,-0.359881950899168,0.8375,complete,runs/task1_10/online/routeb_cumulative_hippo_mt128_ms64/seed0/blocks.csv,,runs/task1_10/online/routeb_cumulative_hippo_mt128_ms64/seed0/result.json
long,online,routeb_cumulative_hippo_mt128_ms64,routeb_cumulative_hippo_mt128_ms64,1,Task2,0.09455253119939983,-0.843839526389877,0.9691666666666666,complete,runs/task1_10/online/routeb_cumulative_hippo_mt128_ms64/seed1/blocks.csv,,runs/task1_10/online/routeb_cumulative_hippo_mt128_ms64/seed1/result.json
long,online,routeb_cumulative_hippo_mt128_ms64,routeb_cumulative_hippo_mt128_ms64,1,Task3,0.0733839982072166,-0.9661605353307785,0.9975,complete,runs/task1_10/online/routeb_cumulative_hippo_mt128_ms64/seed1/blocks.csv,,runs/task1_10/online/routeb_cumulative_hippo_mt128_ms64/seed1/result.json
long,online,routeb_cumulative_hippo_mt128_ms64,routeb_cumulative_hippo_mt128_ms64,1,Task4,0.09637189587974745,-0.8436468508434556,0.975,complete,runs/task1_10/online/routeb_cumulative_hippo_mt128_ms64/seed1/blocks.csv,,runs/task1_10/online/routeb_cumulative_hippo_mt128_ms64/seed1/result.json
long,online,routeb_cumulative_hippo_mt128_ms64,routeb_cumulative_hippo_mt128_ms64,1,Task5,0.1625568515353467,-0.2657333686631755,0.8391666666666666,complete,runs/task1_10/online/routeb_cumulative_hippo_mt128_ms64/seed1/blocks.csv,,runs/task1_10/online/routeb_cumulative_hippo_mt128_ms64/seed1/result.json
long,online,routeb_cumulative_hippo_mt128_ms64,routeb_cumulative_hippo_mt128_ms64,1,Task6,0.1662696833084307,-0.2286213787495233,0.8441666666666666,complete,runs/task1_10/online/routeb_cumulative_hippo_mt128_ms64/seed1/blocks.csv,,runs/task1_10/online/routeb_cumulative_hippo_mt128_ms64/seed1/result.json
long,online,routeb_cumulative_hippo_mt128_ms64,routeb_cumulative_hippo_mt128_ms64,1,Task7,0.19098494134805138,0.01207572828382099,0.7475,complete,runs/task1_10/online/routeb_cumulative_hippo_mt128_ms64/seed1/blocks.csv,,runs/task1_10/online/routeb_cumulative_hippo_mt128_ms64/seed1/result.json
long,online,routeb_cumulative_hippo_mt128_ms64,routeb_cumulative_hippo_mt128_ms64,1,Task8,0.15921169176809247,-0.4158460847145713,0.865,complete,runs/task1_10/online/routeb_cumulative_hippo_mt128_ms64/seed1/blocks.csv,,runs/task1_10/online/routeb_cumulative_hippo_mt128_ms64/seed1/result.json
long,online,routeb_cumulative_hippo_mt128_ms64,routeb_cumulative_hippo_mt128_ms64,1,Task9,0.183902197285337,-0.07407169599102187,0.7775,complete,runs/task1_10/online/routeb_cumulative_hippo_mt128_ms64/seed1/blocks.csv,,runs/task1_10/online/routeb_cumulative_hippo_mt128_ms64/seed1/result.json
long,online,routeb_cumulative_hippo_mt128_ms64,routeb_cumulative_hippo_mt128_ms64,1,Task10,0.16969918879105267,-0.2751769762988645,0.8216666666666667,complete,runs/task1_10/online/routeb_cumulative_hippo_mt128_ms64/seed1/blocks.csv,,runs/task1_10/online/routeb_cumulative_hippo_mt128_ms64/seed1/result.json
long,online,routeb_cumulative_hippo_mt128_ms64,routeb_cumulative_hippo_mt128_ms64,2,Task2,0.08830731192474327,-0.8512437592884416,0.9775,complete,runs/task1_10/online/routeb_cumulative_hippo_mt128_ms64/seed2/blocks.csv,,runs/task1_10/online/routeb_cumulative_hippo_mt128_ms64/seed2/result.json
long,online,routeb_cumulative_hippo_mt128_ms64,routeb_cumulative_hippo_mt128_ms64,2,Task3,0.07128464988266804,-0.959938857740774,0.9975,complete,runs/task1_10/online/routeb_cumulative_hippo_mt128_ms64/seed2/blocks.csv,,runs/task1_10/online/routeb_cumulative_hippo_mt128_ms64/seed2/result.json
long,online,routeb_cumulative_hippo_mt128_ms64,routeb_cumulative_hippo_mt128_ms64,2,Task4,0.0986332664129979,-0.8189532790588888,0.9658333333333333,complete,runs/task1_10/online/routeb_cumulative_hippo_mt128_ms64/seed2/blocks.csv,,runs/task1_10/online/routeb_cumulative_hippo_mt128_ms64/seed2/result.json
long,online,routeb_cumulative_hippo_mt128_ms64,routeb_cumulative_hippo_mt128_ms64,2,Task5,0.15570402829063074,-0.38249965272903375,0.8458333333333333,complete,runs/task1_10/online/routeb_cumulative_hippo_mt128_ms64/seed2/blocks.csv,,runs/task1_10/online/routeb_cumulative_hippo_mt128_ms64/seed2/result.json
long,online,routeb_cumulative_hippo_mt128_ms64,routeb_cumulative_hippo_mt128_ms64,2,Task6,0.16437153264702484,-0.2467451312997079,0.845,complete,runs/task1_10/online/routeb_cumulative_hippo_mt128_ms64/seed2/blocks.csv,,runs/task1_10/online/routeb_cumulative_hippo_mt128_ms64/seed2/result.json
long,online,routeb_cumulative_hippo_mt128_ms64,routeb_cumulative_hippo_mt128_ms64,2,Task7,0.17619365961076705,-0.14325358283068668,0.8008333333333333,complete,runs/task1_10/online/routeb_cumulative_hippo_mt128_ms64/seed2/blocks.csv,,runs/task1_10/online/routeb_cumulative_hippo_mt128_ms64/seed2/result.json
long,online,routeb_cumulative_hippo_mt128_ms64,routeb_cumulative_hippo_mt128_ms64,2,Task8,0.17257676851515627,-0.30160171852143886,0.8108333333333333,complete,runs/task1_10/online/routeb_cumulative_hippo_mt128_ms64/seed2/blocks.csv,,runs/task1_10/online/routeb_cumulative_hippo_mt128_ms64/seed2/result.json
long,online,routeb_cumulative_hippo_mt128_ms64,routeb_cumulative_hippo_mt128_ms64,2,Task9,0.18465148476327606,-0.10988917404522448,0.8016666666666666,complete,runs/task1_10/online/routeb_cumulative_hippo_mt128_ms64/seed2/blocks.csv,,runs/task1_10/online/routeb_cumulative_hippo_mt128_ms64/seed2/result.json
long,online,routeb_cumulative_hippo_mt128_ms64,routeb_cumulative_hippo_mt128_ms64,2,Task10,0.16785919516601314,-0.3101913615398396,0.8291666666666667,complete,runs/task1_10/online/routeb_cumulative_hippo_mt128_ms64/seed2/blocks.csv,,runs/task1_10/online/routeb_cumulative_hippo_mt128_ms64/seed2/result.json
long,online,routeb_cumulative_hippo_mt128_ms64,routeb_cumulative_hippo_mt128_ms64,3,Task2,0.09115506472150241,-0.8388328643701984,0.9775,complete,runs/task1_10/online/routeb_cumulative_hippo_mt128_ms64/seed3/blocks.csv,,runs/task1_10/online/routeb_cumulative_hippo_mt128_ms64/seed3/result.json
long,online,routeb_cumulative_hippo_mt128_ms64,routeb_cumulative_hippo_mt128_ms64,3,Task3,0.07570251168653301,-0.9425600874130524,0.9975,complete,runs/task1_10/online/routeb_cumulative_hippo_mt128_ms64/seed3/blocks.csv,,runs/task1_10/online/routeb_cumulative_hippo_mt128_ms64/seed3/result.json
long,online,routeb_cumulative_hippo_mt128_ms64,routeb_cumulative_hippo_mt128_ms64,3,Task4,0.10312000153428993,-0.7770980479668335,0.9566666666666667,complete,runs/task1_10/online/routeb_cumulative_hippo_mt128_ms64/seed3/blocks.csv,,runs/task1_10/online/routeb_cumulative_hippo_mt128_ms64/seed3/result.json
long,online,routeb_cumulative_hippo_mt128_ms64,routeb_cumulative_hippo_mt128_ms64,3,Task5,0.16878480753457695,-0.232118579235595,0.83,complete,runs/task1_10/online/routeb_cumulative_hippo_mt128_ms64/seed3/blocks.csv,,runs/task1_10/online/routeb_cumulative_hippo_mt128_ms64/seed3/result.json
long,online,routeb_cumulative_hippo_mt128_ms64,routeb_cumulative_hippo_mt128_ms64,3,Task6,0.17427396083093194,-0.2580720620971493,0.8291666666666667,complete,runs/task1_10/online/routeb_cumulative_hippo_mt128_ms64/seed3/blocks.csv,,runs/task1_10/online/routeb_cumulative_hippo_mt128_ms64/seed3/result.json
long,online,routeb_cumulative_hippo_mt128_ms64,routeb_cumulative_hippo_mt128_ms64,3,Task7,0.15194818771805124,-0.4738398673365517,0.8733333333333333,complete,runs/task1_10/online/routeb_cumulative_hippo_mt128_ms64/seed3/blocks.csv,,runs/task1_10/online/routeb_cumulative_hippo_mt128_ms64/seed3/result.json
long,online,routeb_cumulative_hippo_mt128_ms64,routeb_cumulative_hippo_mt128_ms64,3,Task8,0.18202879125216606,-0.10038605848715192,0.7875,complete,runs/task1_10/online/routeb_cumulative_hippo_mt128_ms64/seed3/blocks.csv,,runs/task1_10/online/routeb_cumulative_hippo_mt128_ms64/seed3/result.json
long,online,routeb_cumulative_hippo_mt128_ms64,routeb_cumulative_hippo_mt128_ms64,3,Task9,0.16960429983146544,-0.2800196006314959,0.8191666666666667,complete,runs/task1_10/online/routeb_cumulative_hippo_mt128_ms64/seed3/blocks.csv,,runs/task1_10/online/routeb_cumulative_hippo_mt128_ms64/seed3/result.json
long,online,routeb_cumulative_hippo_mt128_ms64,routeb_cumulative_hippo_mt128_ms64,3,Task10,0.15635996188527712,-0.41359489020045953,0.8641666666666666,complete,runs/task1_10/online/routeb_cumulative_hippo_mt128_ms64/seed3/blocks.csv,,runs/task1_10/online/routeb_cumulative_hippo_mt128_ms64/seed3/result.json
long,online,routeb_cumulative_hippo_mt128_ms64,routeb_cumulative_hippo_mt128_ms64,4,Task2,0.09388311373377824,-0.8176552980336863,0.975,complete,runs/task1_10/online/routeb_cumulative_hippo_mt128_ms64/seed4/blocks.csv,,runs/task1_10/online/routeb_cumulative_hippo_mt128_ms64/seed4/result.json
long,online,routeb_cumulative_hippo_mt128_ms64,routeb_cumulative_hippo_mt128_ms64,4,Task3,0.0758713779384003,-0.9126076638706073,0.995,complete,runs/task1_10/online/routeb_cumulative_hippo_mt128_ms64/seed4/blocks.csv,,runs/task1_10/online/routeb_cumulative_hippo_mt128_ms64/seed4/result.json
long,online,routeb_cumulative_hippo_mt128_ms64,routeb_cumulative_hippo_mt128_ms64,4,Task4,0.09954227251802636,-0.7733083959963217,0.9666666666666667,complete,runs/task1_10/online/routeb_cumulative_hippo_mt128_ms64/seed4/blocks.csv,,runs/task1_10/online/routeb_cumulative_hippo_mt128_ms64/seed4/result.json
long,online,routeb_cumulative_hippo_mt128_ms64,routeb_cumulative_hippo_mt128_ms64,4,Task5,0.1596189273848201,-0.3483285617558339,0.8383333333333334,complete,runs/task1_10/online/routeb_cumulative_hippo_mt128_ms64/seed4/blocks.csv,,runs/task1_10/online/routeb_cumulative_hippo_mt128_ms64/seed4/result.json
long,online,routeb_cumulative_hippo_mt128_ms64,routeb_cumulative_hippo_mt128_ms64,4,Task6,0.17539040987474525,-0.2874429305783704,0.8425,complete,runs/task1_10/online/routeb_cumulative_hippo_mt128_ms64/seed4/blocks.csv,,runs/task1_10/online/routeb_cumulative_hippo_mt128_ms64/seed4/result.json
long,online,routeb_cumulative_hippo_mt128_ms64,routeb_cumulative_hippo_mt128_ms64,4,Task7,0.1604270231046066,-0.4236613438533244,0.8675,complete,runs/task1_10/online/routeb_cumulative_hippo_mt128_ms64/seed4/blocks.csv,,runs/task1_10/online/routeb_cumulative_hippo_mt128_ms64/seed4/result.json
long,online,routeb_cumulative_hippo_mt128_ms64,routeb_cumulative_hippo_mt128_ms64,4,Task8,0.20487722581006487,0.048146988774688544,0.7558333333333334,complete,runs/task1_10/online/routeb_cumulative_hippo_mt128_ms64/seed4/blocks.csv,,runs/task1_10/online/routeb_cumulative_hippo_mt128_ms64/seed4/result.json
long,online,routeb_cumulative_hippo_mt128_ms64,routeb_cumulative_hippo_mt128_ms64,4,Task9,0.1803221341932986,-0.16479216096491212,0.8116666666666666,complete,runs/task1_10/online/routeb_cumulative_hippo_mt128_ms64/seed4/blocks.csv,,runs/task1_10/online/routeb_cumulative_hippo_mt128_ms64/seed4/result.json
long,online,routeb_cumulative_hippo_mt128_ms64,routeb_cumulative_hippo_mt128_ms64,4,Task10,0.179524953041705,-0.29427386151374585,0.8391666666666666,complete,runs/task1_10/online/routeb_cumulative_hippo_mt128_ms64/seed4/blocks.csv,,runs/task1_10/online/routeb_cumulative_hippo_mt128_ms64/seed4/result.json
long,online,routeb_cumulative_hippo_mt64_ms64,routeb_cumulative_hippo_mt64_ms64,0,Task2,0.08826067245464778,-0.8588602706709046,0.98,complete,runs/task1_10/online/routeb_cumulative_hippo_mt64_ms64/seed0/blocks.csv,,runs/task1_10/online/routeb_cumulative_hippo_mt64_ms64/seed0/result.json
long,online,routeb_cumulative_hippo_mt64_ms64,routeb_cumulative_hippo_mt64_ms64,0,Task3,0.07129456451407062,-0.9462170016552174,0.9966666666666667,complete,runs/task1_10/online/routeb_cumulative_hippo_mt64_ms64/seed0/blocks.csv,,runs/task1_10/online/routeb_cumulative_hippo_mt64_ms64/seed0/result.json
long,online,routeb_cumulative_hippo_mt64_ms64,routeb_cumulative_hippo_mt64_ms64,0,Task4,0.08327941808977758,-0.8860160506272586,0.9808333333333333,complete,runs/task1_10/online/routeb_cumulative_hippo_mt64_ms64/seed0/blocks.csv,,runs/task1_10/online/routeb_cumulative_hippo_mt64_ms64/seed0/result.json
long,online,routeb_cumulative_hippo_mt64_ms64,routeb_cumulative_hippo_mt64_ms64,0,Task5,0.1764952466627117,-0.1543426494707913,0.785,complete,runs/task1_10/online/routeb_cumulative_hippo_mt64_ms64/seed0/blocks.csv,,runs/task1_10/online/routeb_cumulative_hippo_mt64_ms64/seed0/result.json
long,online,routeb_cumulative_hippo_mt64_ms64,routeb_cumulative_hippo_mt64_ms64,0,Task6,0.18364263151641974,-0.10792717096075348,0.7975,complete,runs/task1_10/online/routeb_cumulative_hippo_mt64_ms64/seed0/blocks.csv,,runs/task1_10/online/routeb_cumulative_hippo_mt64_ms64/seed0/result.json
long,online,routeb_cumulative_hippo_mt64_ms64,routeb_cumulative_hippo_mt64_ms64,0,Task7,0.16700882963912478,-0.3052403584113701,0.86,complete,runs/task1_10/online/routeb_cumulative_hippo_mt64_ms64/seed0/blocks.csv,,runs/task1_10/online/routeb_cumulative_hippo_mt64_ms64/seed0/result.json
long,online,routeb_cumulative_hippo_mt64_ms64,routeb_cumulative_hippo_mt64_ms64,0,Task8,0.20441798376579642,0.01317468221606821,0.7491666666666666,complete,runs/task1_10/online/routeb_cumulative_hippo_mt64_ms64/seed0/blocks.csv,,runs/task1_10/online/routeb_cumulative_hippo_mt64_ms64/seed0/result.json
long,online,routeb_cumulative_hippo_mt64_ms64,routeb_cumulative_hippo_mt64_ms64,0,Task9,0.20987638369214046,0.11851187118048652,0.76,complete,runs/task1_10/online/routeb_cumulative_hippo_mt64_ms64/seed0/blocks.csv,,runs/task1_10/online/routeb_cumulative_hippo_mt64_ms64/seed0/result.json
long,online,routeb_cumulative_hippo_mt64_ms64,routeb_cumulative_hippo_mt64_ms64,0,Task10,0.2143335011718892,0.06936465785755783,0.7358333333333333,complete,runs/task1_10/online/routeb_cumulative_hippo_mt64_ms64/seed0/blocks.csv,,runs/task1_10/online/routeb_cumulative_hippo_mt64_ms64/seed0/result.json
long,online,routeb_cumulative_hippo_mt64_ms64,routeb_cumulative_hippo_mt64_ms64,1,Task2,0.0940841577261171,-0.8464062092679889,0.97,complete,runs/task1_10/online/routeb_cumulative_hippo_mt64_ms64/seed1/blocks.csv,,runs/task1_10/online/routeb_cumulative_hippo_mt64_ms64/seed1/result.json
long,online,routeb_cumulative_hippo_mt64_ms64,routeb_cumulative_hippo_mt64_ms64,1,Task3,0.07769969616925196,-0.944132995797526,0.9925,complete,runs/task1_10/online/routeb_cumulative_hippo_mt64_ms64/seed1/blocks.csv,,runs/task1_10/online/routeb_cumulative_hippo_mt64_ms64/seed1/result.json
long,online,routeb_cumulative_hippo_mt64_ms64,routeb_cumulative_hippo_mt64_ms64,1,Task4,0.09940699327176307,-0.8273965834907725,0.9683333333333334,complete,runs/task1_10/online/routeb_cumulative_hippo_mt64_ms64/seed1/blocks.csv,,runs/task1_10/online/routeb_cumulative_hippo_mt64_ms64/seed1/result.json
long,online,routeb_cumulative_hippo_mt64_ms64,routeb_cumulative_hippo_mt64_ms64,1,Task5,0.18776402762530625,0.009301879861877017,0.7841666666666667,complete,runs/task1_10/online/routeb_cumulative_hippo_mt64_ms64/seed1/blocks.csv,,runs/task1_10/online/routeb_cumulative_hippo_mt64_ms64/seed1/result.json
long,online,routeb_cumulative_hippo_mt64_ms64,routeb_cumulative_hippo_mt64_ms64,1,Task6,0.1880338659937625,-0.00828595611540699,0.7591666666666667,complete,runs/task1_10/online/routeb_cumulative_hippo_mt64_ms64/seed1/blocks.csv,,runs/task1_10/online/routeb_cumulative_hippo_mt64_ms64/seed1/result.json
long,online,routeb_cumulative_hippo_mt64_ms64,routeb_cumulative_hippo_mt64_ms64,1,Task7,0.17893050452487444,-0.24326617439695955,0.8366666666666667,complete,runs/task1_10/online/routeb_cumulative_hippo_mt64_ms64/seed1/blocks.csv,,runs/task1_10/online/routeb_cumulative_hippo_mt64_ms64/seed1/result.json
long,online,routeb_cumulative_hippo_mt64_ms64,routeb_cumulative_hippo_mt64_ms64,1,Task8,0.2100551737543689,-0.0002596094220621303,0.7533333333333333,complete,runs/task1_10/online/routeb_cumulative_hippo_mt64_ms64/seed1/blocks.csv,,runs/task1_10/online/routeb_cumulative_hippo_mt64_ms64/seed1/result.json
long,online,routeb_cumulative_hippo_mt64_ms64,routeb_cumulative_hippo_mt64_ms64,1,Task9,0.20210752040090493,0.0004836122928263779,0.7783333333333333,complete,runs/task1_10/online/routeb_cumulative_hippo_mt64_ms64/seed1/blocks.csv,,runs/task1_10/online/routeb_cumulative_hippo_mt64_ms64/seed1/result.json
long,online,routeb_cumulative_hippo_mt64_ms64,routeb_cumulative_hippo_mt64_ms64,1,Task10,0.23076464457924323,0.3215236177324122,0.6875,complete,runs/task1_10/online/routeb_cumulative_hippo_mt64_ms64/seed1/blocks.csv,,runs/task1_10/online/routeb_cumulative_hippo_mt64_ms64/seed1/result.json
long,online,routeb_cumulative_hippo_mt64_ms64,routeb_cumulative_hippo_mt64_ms64,2,Task2,0.08774694071734274,-0.8541049727412172,0.9783333333333334,complete,runs/task1_10/online/routeb_cumulative_hippo_mt64_ms64/seed2/blocks.csv,,runs/task1_10/online/routeb_cumulative_hippo_mt64_ms64/seed2/result.json
long,online,routeb_cumulative_hippo_mt64_ms64,routeb_cumulative_hippo_mt64_ms64,2,Task3,0.07369831786623608,-0.9484794730579472,0.9908333333333333,complete,runs/task1_10/online/routeb_cumulative_hippo_mt64_ms64/seed2/blocks.csv,,runs/task1_10/online/routeb_cumulative_hippo_mt64_ms64/seed2/result.json
long,online,routeb_cumulative_hippo_mt64_ms64,routeb_cumulative_hippo_mt64_ms64,2,Task4,0.09413986500305789,-0.8343228057912104,0.9675,complete,runs/task1_10/online/routeb_cumulative_hippo_mt64_ms64/seed2/blocks.csv,,runs/task1_10/online/routeb_cumulative_hippo_mt64_ms64/seed2/result.json
long,online,routeb_cumulative_hippo_mt64_ms64,routeb_cumulative_hippo_mt64_ms64,2,Task5,0.18673895712345565,-0.06584535053243909,0.7791666666666667,complete,runs/task1_10/online/routeb_cumulative_hippo_mt64_ms64/seed2/blocks.csv,,runs/task1_10/online/routeb_cumulative_hippo_mt64_ms64/seed2/result.json
long,online,routeb_cumulative_hippo_mt64_ms64,routeb_cumulative_hippo_mt64_ms64,2,Task6,0.19034382208440295,-0.04579929381458006,0.78,complete,runs/task1_10/online/routeb_cumulative_hippo_mt64_ms64/seed2/blocks.csv,,runs/task1_10/online/routeb_cumulative_hippo_mt64_ms64/seed2/result.json
long,online,routeb_cumulative_hippo_mt64_ms64,routeb_cumulative_hippo_mt64_ms64,2,Task7,0.157300913101222,-0.4027751103667663,0.8666666666666667,complete,runs/task1_10/online/routeb_cumulative_hippo_mt64_ms64/seed2/blocks.csv,,runs/task1_10/online/routeb_cumulative_hippo_mt64_ms64/seed2/result.json
long,online,routeb_cumulative_hippo_mt64_ms64,routeb_cumulative_hippo_mt64_ms64,2,Task8,0.215723932122829,0.07976364918954186,0.7333333333333333,complete,runs/task1_10/online/routeb_cumulative_hippo_mt64_ms64/seed2/blocks.csv,,runs/task1_10/online/routeb_cumulative_hippo_mt64_ms64/seed2/result.json
long,online,routeb_cumulative_hippo_mt64_ms64,routeb_cumulative_hippo_mt64_ms64,2,Task9,0.19850316025157283,-0.09042846371080714,0.7916666666666666,complete,runs/task1_10/online/routeb_cumulative_hippo_mt64_ms64/seed2/blocks.csv,,runs/task1_10/online/routeb_cumulative_hippo_mt64_ms64/seed2/result.json
long,online,routeb_cumulative_hippo_mt64_ms64,routeb_cumulative_hippo_mt64_ms64,2,Task10,0.2395557089327929,0.36309530881151875,0.6875,complete,runs/task1_10/online/routeb_cumulative_hippo_mt64_ms64/seed2/blocks.csv,,runs/task1_10/online/routeb_cumulative_hippo_mt64_ms64/seed2/result.json
long,online,routeb_cumulative_hippo_mt64_ms64,routeb_cumulative_hippo_mt64_ms64,3,Task2,0.09052421340405697,-0.8417577444840474,0.9783333333333334,complete,runs/task1_10/online/routeb_cumulative_hippo_mt64_ms64/seed3/blocks.csv,,runs/task1_10/online/routeb_cumulative_hippo_mt64_ms64/seed3/result.json
long,online,routeb_cumulative_hippo_mt64_ms64,routeb_cumulative_hippo_mt64_ms64,3,Task3,0.07524318267053676,-0.9508139860362199,0.9983333333333333,complete,runs/task1_10/online/routeb_cumulative_hippo_mt64_ms64/seed3/blocks.csv,,runs/task1_10/online/routeb_cumulative_hippo_mt64_ms64/seed3/result.json
long,online,routeb_cumulative_hippo_mt64_ms64,routeb_cumulative_hippo_mt64_ms64,3,Task4,0.09365334605553262,-0.8279122060725197,0.9708333333333333,complete,runs/task1_10/online/routeb_cumulative_hippo_mt64_ms64/seed3/blocks.csv,,runs/task1_10/online/routeb_cumulative_hippo_mt64_ms64/seed3/result.json
long,online,routeb_cumulative_hippo_mt64_ms64,routeb_cumulative_hippo_mt64_ms64,3,Task5,0.18018271803668806,-0.15586467642335616,0.7908333333333334,complete,runs/task1_10/online/routeb_cumulative_hippo_mt64_ms64/seed3/blocks.csv,,runs/task1_10/online/routeb_cumulative_hippo_mt64_ms64/seed3/result.json
long,online,routeb_cumulative_hippo_mt64_ms64,routeb_cumulative_hippo_mt64_ms64,3,Task6,0.19720672805490025,-0.013939490723295318,0.7725,complete,runs/task1_10/online/routeb_cumulative_hippo_mt64_ms64/seed3/blocks.csv,,runs/task1_10/online/routeb_cumulative_hippo_mt64_ms64/seed3/result.json
long,online,routeb_cumulative_hippo_mt64_ms64,routeb_cumulative_hippo_mt64_ms64,3,Task7,0.16002478662254285,-0.4371579354465422,0.8741666666666666,complete,runs/task1_10/online/routeb_cumulative_hippo_mt64_ms64/seed3/blocks.csv,,runs/task1_10/online/routeb_cumulative_hippo_mt64_ms64/seed3/result.json
long,online,routeb_cumulative_hippo_mt64_ms64,routeb_cumulative_hippo_mt64_ms64,3,Task8,0.20462286488635148,-0.00809377008043142,0.7491666666666666,complete,runs/task1_10/online/routeb_cumulative_hippo_mt64_ms64/seed3/blocks.csv,,runs/task1_10/online/routeb_cumulative_hippo_mt64_ms64/seed3/result.json
long,online,routeb_cumulative_hippo_mt64_ms64,routeb_cumulative_hippo_mt64_ms64,3,Task9,0.20056689993967416,0.020478512478773088,0.7841666666666667,complete,runs/task1_10/online/routeb_cumulative_hippo_mt64_ms64/seed3/blocks.csv,,runs/task1_10/online/routeb_cumulative_hippo_mt64_ms64/seed3/result.json
long,online,routeb_cumulative_hippo_mt64_ms64,routeb_cumulative_hippo_mt64_ms64,3,Task10,0.2051245870727001,0.03337866474051691,0.7708333333333334,complete,runs/task1_10/online/routeb_cumulative_hippo_mt64_ms64/seed3/blocks.csv,,runs/task1_10/online/routeb_cumulative_hippo_mt64_ms64/seed3/result.json
long,online,routeb_cumulative_hippo_mt64_ms64,routeb_cumulative_hippo_mt64_ms64,4,Task2,0.09336823149893828,-0.8205802537901229,0.9766666666666667,complete,runs/task1_10/online/routeb_cumulative_hippo_mt64_ms64/seed4/blocks.csv,,runs/task1_10/online/routeb_cumulative_hippo_mt64_ms64/seed4/result.json
long,online,routeb_cumulative_hippo_mt64_ms64,routeb_cumulative_hippo_mt64_ms64,4,Task3,0.0771916334851706,-0.9162774306030402,0.9933333333333333,complete,runs/task1_10/online/routeb_cumulative_hippo_mt64_ms64/seed4/blocks.csv,,runs/task1_10/online/routeb_cumulative_hippo_mt64_ms64/seed4/result.json
long,online,routeb_cumulative_hippo_mt64_ms64,routeb_cumulative_hippo_mt64_ms64,4,Task4,0.09293459234172957,-0.8250559227539291,0.9808333333333333,complete,runs/task1_10/online/routeb_cumulative_hippo_mt64_ms64/seed4/blocks.csv,,runs/task1_10/online/routeb_cumulative_hippo_mt64_ms64/seed4/result.json
long,online,routeb_cumulative_hippo_mt64_ms64,routeb_cumulative_hippo_mt64_ms64,4,Task5,0.17950874303509476,-0.11959871682657118,0.7975,complete,runs/task1_10/online/routeb_cumulative_hippo_mt64_ms64/seed4/blocks.csv,,runs/task1_10/online/routeb_cumulative_hippo_mt64_ms64/seed4/result.json
long,online,routeb_cumulative_hippo_mt64_ms64,routeb_cumulative_hippo_mt64_ms64,4,Task6,0.20013682583727063,0.003951942142450994,0.7566666666666667,complete,runs/task1_10/online/routeb_cumulative_hippo_mt64_ms64/seed4/blocks.csv,,runs/task1_10/online/routeb_cumulative_hippo_mt64_ms64/seed4/result.json
long,online,routeb_cumulative_hippo_mt64_ms64,routeb_cumulative_hippo_mt64_ms64,4,Task7,0.1718979598999709,-0.3636000207561229,0.8641666666666666,complete,runs/task1_10/online/routeb_cumulative_hippo_mt64_ms64/seed4/blocks.csv,,runs/task1_10/online/routeb_cumulative_hippo_mt64_ms64/seed4/result.json
long,online,routeb_cumulative_hippo_mt64_ms64,routeb_cumulative_hippo_mt64_ms64,4,Task8,0.22829007933937537,0.168918606866047,0.7241666666666666,complete,runs/task1_10/online/routeb_cumulative_hippo_mt64_ms64/seed4/blocks.csv,,runs/task1_10/online/routeb_cumulative_hippo_mt64_ms64/seed4/result.json
long,online,routeb_cumulative_hippo_mt64_ms64,routeb_cumulative_hippo_mt64_ms64,4,Task9,0.22374676110454936,0.17926536306299498,0.7491666666666666,complete,runs/task1_10/online/routeb_cumulative_hippo_mt64_ms64/seed4/blocks.csv,,runs/task1_10/online/routeb_cumulative_hippo_mt64_ms64/seed4/result.json
long,online,routeb_cumulative_hippo_mt64_ms64,routeb_cumulative_hippo_mt64_ms64,4,Task10,0.22419176129286117,0.1527476562055437,0.7625,complete,runs/task1_10/online/routeb_cumulative_hippo_mt64_ms64/seed4/blocks.csv,,runs/task1_10/online/routeb_cumulative_hippo_mt64_ms64/seed4/result.json
long,online,routeb_global_inducing_mt128_ms128,routeb_global_inducing_mt128_ms128,0,Task2,0.12159893630391663,-0.19660088285244232,0.9841666666666666,complete,runs/task1_10/online/routeb_global_inducing_mt128_ms128/seed0/blocks.csv,,runs/task1_10/online/routeb_global_inducing_mt128_ms128/seed0/result.json
long,online,routeb_global_inducing_mt128_ms128,routeb_global_inducing_mt128_ms128,0,Task3,0.07774771939960198,-0.3839054102855574,0.9875,complete,runs/task1_10/online/routeb_global_inducing_mt128_ms128/seed0/blocks.csv,,runs/task1_10/online/routeb_global_inducing_mt128_ms128/seed0/result.json
long,online,routeb_global_inducing_mt128_ms128,routeb_global_inducing_mt128_ms128,0,Task4,0.14929320351425865,0.0037182719712704564,0.9066666666666666,complete,runs/task1_10/online/routeb_global_inducing_mt128_ms128/seed0/blocks.csv,,runs/task1_10/online/routeb_global_inducing_mt128_ms128/seed0/result.json
long,online,routeb_global_inducing_mt128_ms128,routeb_global_inducing_mt128_ms128,0,Task5,0.22881350901030328,0.3530308155596957,0.9091666666666667,complete,runs/task1_10/online/routeb_global_inducing_mt128_ms128/seed0/blocks.csv,,runs/task1_10/online/routeb_global_inducing_mt128_ms128/seed0/result.json
long,online,routeb_global_inducing_mt128_ms128,routeb_global_inducing_mt128_ms128,0,Task6,0.23733584134704575,0.3562377772348549,0.9883333333333333,complete,runs/task1_10/online/routeb_global_inducing_mt128_ms128/seed0/blocks.csv,,runs/task1_10/online/routeb_global_inducing_mt128_ms128/seed0/result.json
long,online,routeb_global_inducing_mt128_ms128,routeb_global_inducing_mt128_ms128,0,Task7,0.203150821657117,0.4115490385910068,1.0,complete,runs/task1_10/online/routeb_global_inducing_mt128_ms128/seed0/blocks.csv,,runs/task1_10/online/routeb_global_inducing_mt128_ms128/seed0/result.json
long,online,routeb_global_inducing_mt128_ms128,routeb_global_inducing_mt128_ms128,0,Task8,0.22114380054487215,0.41227893617102496,0.9991666666666666,complete,runs/task1_10/online/routeb_global_inducing_mt128_ms128/seed0/blocks.csv,,runs/task1_10/online/routeb_global_inducing_mt128_ms128/seed0/result.json
long,online,routeb_global_inducing_mt128_ms128,routeb_global_inducing_mt128_ms128,0,Task9,0.19186466055193574,0.2667998035196529,1.0,complete,runs/task1_10/online/routeb_global_inducing_mt128_ms128/seed0/blocks.csv,,runs/task1_10/online/routeb_global_inducing_mt128_ms128/seed0/result.json
long,online,routeb_global_inducing_mt128_ms128,routeb_global_inducing_mt128_ms128,0,Task10,0.1990603820050334,1.2249763175398305,0.8733333333333333,complete,runs/task1_10/online/routeb_global_inducing_mt128_ms128/seed0/blocks.csv,,runs/task1_10/online/routeb_global_inducing_mt128_ms128/seed0/result.json
long,online,routeb_global_inducing_mt128_ms128,routeb_global_inducing_mt128_ms128,1,Task2,0.12416394884981231,-0.15985962007358373,0.9908333333333333,complete,runs/task1_10/online/routeb_global_inducing_mt128_ms128/seed1/blocks.csv,,runs/task1_10/online/routeb_global_inducing_mt128_ms128/seed1/result.json
long,online,routeb_global_inducing_mt128_ms128,routeb_global_inducing_mt128_ms128,1,Task3,0.08170406274416135,-0.3437728172795526,0.9875,complete,runs/task1_10/online/routeb_global_inducing_mt128_ms128/seed1/blocks.csv,,runs/task1_10/online/routeb_global_inducing_mt128_ms128/seed1/result.json
long,online,routeb_global_inducing_mt128_ms128,routeb_global_inducing_mt128_ms128,1,Task4,0.15281042040762285,0.03857656086201413,0.915,complete,runs/task1_10/online/routeb_global_inducing_mt128_ms128/seed1/blocks.csv,,runs/task1_10/online/routeb_global_inducing_mt128_ms128/seed1/result.json
long,online,routeb_global_inducing_mt128_ms128,routeb_global_inducing_mt128_ms128,1,Task5,0.23341293239815233,0.46060219971532584,0.895,complete,runs/task1_10/online/routeb_global_inducing_mt128_ms128/seed1/blocks.csv,,runs/task1_10/online/routeb_global_inducing_mt128_ms128/seed1/result.json
long,online,routeb_global_inducing_mt128_ms128,routeb_global_inducing_mt128_ms128,1,Task6,0.2630854980582635,0.421646793741153,0.9866666666666667,complete,runs/task1_10/online/routeb_global_inducing_mt128_ms128/seed1/blocks.csv,,runs/task1_10/online/routeb_global_inducing_mt128_ms128/seed1/result.json
long,online,routeb_global_inducing_mt128_ms128,routeb_global_inducing_mt128_ms128,1,Task7,0.21462150287743037,0.46201801621621114,1.0,complete,runs/task1_10/online/routeb_global_inducing_mt128_ms128/seed1/blocks.csv,,runs/task1_10/online/routeb_global_inducing_mt128_ms128/seed1/result.json
long,online,routeb_global_inducing_mt128_ms128,routeb_global_inducing_mt128_ms128,1,Task8,0.2157822043989926,0.45130526869520093,0.9983333333333333,complete,runs/task1_10/online/routeb_global_inducing_mt128_ms128/seed1/blocks.csv,,runs/task1_10/online/routeb_global_inducing_mt128_ms128/seed1/result.json
long,online,routeb_global_inducing_mt128_ms128,routeb_global_inducing_mt128_ms128,1,Task9,0.19342904157563434,0.3145026723482385,0.9991666666666666,complete,runs/task1_10/online/routeb_global_inducing_mt128_ms128/seed1/blocks.csv,,runs/task1_10/online/routeb_global_inducing_mt128_ms128/seed1/result.json
long,online,routeb_global_inducing_mt128_ms128,routeb_global_inducing_mt128_ms128,1,Task10,0.20707673863176723,1.1827649612148607,0.8733333333333333,complete,runs/task1_10/online/routeb_global_inducing_mt128_ms128/seed1/blocks.csv,,runs/task1_10/online/routeb_global_inducing_mt128_ms128/seed1/result.json
long,online,routeb_global_inducing_mt128_ms128,routeb_global_inducing_mt128_ms128,2,Task2,0.12123721565380095,-0.18971010052038187,0.9883333333333333,complete,runs/task1_10/online/routeb_global_inducing_mt128_ms128/seed2/blocks.csv,,runs/task1_10/online/routeb_global_inducing_mt128_ms128/seed2/result.json
long,online,routeb_global_inducing_mt128_ms128,routeb_global_inducing_mt128_ms128,2,Task3,0.07799304933991882,-0.376733941620058,0.9891666666666666,complete,runs/task1_10/online/routeb_global_inducing_mt128_ms128/seed2/blocks.csv,,runs/task1_10/online/routeb_global_inducing_mt128_ms128/seed2/result.json
long,online,routeb_global_inducing_mt128_ms128,routeb_global_inducing_mt128_ms128,2,Task4,0.15321837230098517,0.024452627654035185,0.915,complete,runs/task1_10/online/routeb_global_inducing_mt128_ms128/seed2/blocks.csv,,runs/task1_10/online/routeb_global_inducing_mt128_ms128/seed2/result.json
long,online,routeb_global_inducing_mt128_ms128,routeb_global_inducing_mt128_ms128,2,Task5,0.23197843801505993,0.44980275441671136,0.8966666666666666,complete,runs/task1_10/online/routeb_global_inducing_mt128_ms128/seed2/blocks.csv,,runs/task1_10/online/routeb_global_inducing_mt128_ms128/seed2/result.json
long,online,routeb_global_inducing_mt128_ms128,routeb_global_inducing_mt128_ms128,2,Task6,0.2408079931468199,0.37005701142302505,0.9875,complete,runs/task1_10/online/routeb_global_inducing_mt128_ms128/seed2/blocks.csv,,runs/task1_10/online/routeb_global_inducing_mt128_ms128/seed2/result.json
long,online,routeb_global_inducing_mt128_ms128,routeb_global_inducing_mt128_ms128,2,Task7,0.19369896234172107,0.4134428204638067,1.0,complete,runs/task1_10/online/routeb_global_inducing_mt128_ms128/seed2/blocks.csv,,runs/task1_10/online/routeb_global_inducing_mt128_ms128/seed2/result.json
long,online,routeb_global_inducing_mt128_ms128,routeb_global_inducing_mt128_ms128,2,Task8,0.21279137860402617,0.41390783398874265,0.9983333333333333,complete,runs/task1_10/online/routeb_global_inducing_mt128_ms128/seed2/blocks.csv,,runs/task1_10/online/routeb_global_inducing_mt128_ms128/seed2/result.json
long,online,routeb_global_inducing_mt128_ms128,routeb_global_inducing_mt128_ms128,2,Task9,0.1919568370773257,0.28176498008133954,0.9966666666666667,complete,runs/task1_10/online/routeb_global_inducing_mt128_ms128/seed2/blocks.csv,,runs/task1_10/online/routeb_global_inducing_mt128_ms128/seed2/result.json
long,online,routeb_global_inducing_mt128_ms128,routeb_global_inducing_mt128_ms128,2,Task10,0.1971403103825578,1.043753956164694,0.88,complete,runs/task1_10/online/routeb_global_inducing_mt128_ms128/seed2/blocks.csv,,runs/task1_10/online/routeb_global_inducing_mt128_ms128/seed2/result.json
long,online,routeb_global_inducing_mt128_ms128,routeb_global_inducing_mt128_ms128,3,Task2,0.12483785802413747,-0.23648086151329803,0.9858333333333333,complete,runs/task1_10/online/routeb_global_inducing_mt128_ms128/seed3/blocks.csv,,runs/task1_10/online/routeb_global_inducing_mt128_ms128/seed3/result.json
long,online,routeb_global_inducing_mt128_ms128,routeb_global_inducing_mt128_ms128,3,Task3,0.06906209781365223,-0.4676792358401577,0.9975,complete,runs/task1_10/online/routeb_global_inducing_mt128_ms128/seed3/blocks.csv,,runs/task1_10/online/routeb_global_inducing_mt128_ms128/seed3/result.json
long,online,routeb_global_inducing_mt128_ms128,routeb_global_inducing_mt128_ms128,3,Task4,0.15092433823829432,-0.07555165615861512,0.9125,complete,runs/task1_10/online/routeb_global_inducing_mt128_ms128/seed3/blocks.csv,,runs/task1_10/online/routeb_global_inducing_mt128_ms128/seed3/result.json
long,online,routeb_global_inducing_mt128_ms128,routeb_global_inducing_mt128_ms128,3,Task5,0.23653451847367937,0.45050725528981633,0.8925,complete,runs/task1_10/online/routeb_global_inducing_mt128_ms128/seed3/blocks.csv,,runs/task1_10/online/routeb_global_inducing_mt128_ms128/seed3/result.json
long,online,routeb_global_inducing_mt128_ms128,routeb_global_inducing_mt128_ms128,3,Task6,0.2592046196164338,0.32438421082608576,0.9733333333333334,complete,runs/task1_10/online/routeb_global_inducing_mt128_ms128/seed3/blocks.csv,,runs/task1_10/online/routeb_global_inducing_mt128_ms128/seed3/result.json
long,online,routeb_global_inducing_mt128_ms128,routeb_global_inducing_mt128_ms128,3,Task7,0.19332425527215022,0.3304832992119602,1.0,complete,runs/task1_10/online/routeb_global_inducing_mt128_ms128/seed3/blocks.csv,,runs/task1_10/online/routeb_global_inducing_mt128_ms128/seed3/result.json
long,online,routeb_global_inducing_mt128_ms128,routeb_global_inducing_mt128_ms128,3,Task8,0.21157871486801286,0.33224963861154844,0.9991666666666666,complete,runs/task1_10/online/routeb_global_inducing_mt128_ms128/seed3/blocks.csv,,runs/task1_10/online/routeb_global_inducing_mt128_ms128/seed3/result.json
long,online,routeb_global_inducing_mt128_ms128,routeb_global_inducing_mt128_ms128,3,Task9,0.1903788507797693,0.20030832896374687,0.9975,complete,runs/task1_10/online/routeb_global_inducing_mt128_ms128/seed3/blocks.csv,,runs/task1_10/online/routeb_global_inducing_mt128_ms128/seed3/result.json
long,online,routeb_global_inducing_mt128_ms128,routeb_global_inducing_mt128_ms128,3,Task10,0.18961792681499068,0.9170537655252279,0.8808333333333334,complete,runs/task1_10/online/routeb_global_inducing_mt128_ms128/seed3/blocks.csv,,runs/task1_10/online/routeb_global_inducing_mt128_ms128/seed3/result.json
long,online,routeb_global_inducing_mt128_ms128,routeb_global_inducing_mt128_ms128,4,Task2,0.12128220845925271,-0.17950221023666732,0.98,complete,runs/task1_10/online/routeb_global_inducing_mt128_ms128/seed4/blocks.csv,,runs/task1_10/online/routeb_global_inducing_mt128_ms128/seed4/result.json
long,online,routeb_global_inducing_mt128_ms128,routeb_global_inducing_mt128_ms128,4,Task3,0.08536333305702333,-0.36163506845282223,0.9825,complete,runs/task1_10/online/routeb_global_inducing_mt128_ms128/seed4/blocks.csv,,runs/task1_10/online/routeb_global_inducing_mt128_ms128/seed4/result.json
long,online,routeb_global_inducing_mt128_ms128,routeb_global_inducing_mt128_ms128,4,Task4,0.15588175523432998,-0.004794771404869239,0.9133333333333333,complete,runs/task1_10/online/routeb_global_inducing_mt128_ms128/seed4/blocks.csv,,runs/task1_10/online/routeb_global_inducing_mt128_ms128/seed4/result.json
long,online,routeb_global_inducing_mt128_ms128,routeb_global_inducing_mt128_ms128,4,Task5,0.23212644991829268,0.3744268747001618,0.9075,complete,runs/task1_10/online/routeb_global_inducing_mt128_ms128/seed4/blocks.csv,,runs/task1_10/online/routeb_global_inducing_mt128_ms128/seed4/result.json
long,online,routeb_global_inducing_mt128_ms128,routeb_global_inducing_mt128_ms128,4,Task6,0.261337877137288,0.3830513888856558,0.9858333333333333,complete,runs/task1_10/online/routeb_global_inducing_mt128_ms128/seed4/blocks.csv,,runs/task1_10/online/routeb_global_inducing_mt128_ms128/seed4/result.json
long,online,routeb_global_inducing_mt128_ms128,routeb_global_inducing_mt128_ms128,4,Task7,0.21387062677483157,0.4175003388530494,1.0,complete,runs/task1_10/online/routeb_global_inducing_mt128_ms128/seed4/blocks.csv,,runs/task1_10/online/routeb_global_inducing_mt128_ms128/seed4/result.json
long,online,routeb_global_inducing_mt128_ms128,routeb_global_inducing_mt128_ms128,4,Task8,0.21866895025711922,0.4099142342267485,0.9975,complete,runs/task1_10/online/routeb_global_inducing_mt128_ms128/seed4/blocks.csv,,runs/task1_10/online/routeb_global_inducing_mt128_ms128/seed4/result.json
long,online,routeb_global_inducing_mt128_ms128,routeb_global_inducing_mt128_ms128,4,Task9,0.2089889819150501,0.28844315071646004,0.995,complete,runs/task1_10/online/routeb_global_inducing_mt128_ms128/seed4/blocks.csv,,runs/task1_10/online/routeb_global_inducing_mt128_ms128/seed4/result.json
long,online,routeb_global_inducing_mt128_ms128,routeb_global_inducing_mt128_ms128,4,Task10,0.2054085615522059,1.0171492158769417,0.8766666666666667,complete,runs/task1_10/online/routeb_global_inducing_mt128_ms128/seed4/blocks.csv,,runs/task1_10/online/routeb_global_inducing_mt128_ms128/seed4/result.json
long,online,routeb_global_inducing_mt128_ms64,routeb_global_inducing_mt128_ms64,0,Task2,0.1259466917756211,-0.14293765167866476,0.9916666666666667,complete,runs/task1_10/online/routeb_global_inducing_mt128_ms64/seed0/blocks.csv,,runs/task1_10/online/routeb_global_inducing_mt128_ms64/seed0/result.json
long,online,routeb_global_inducing_mt128_ms64,routeb_global_inducing_mt128_ms64,0,Task3,0.08468205062554887,-0.30629154945312487,0.9925,complete,runs/task1_10/online/routeb_global_inducing_mt128_ms64/seed0/blocks.csv,,runs/task1_10/online/routeb_global_inducing_mt128_ms64/seed0/result.json
long,online,routeb_global_inducing_mt128_ms64,routeb_global_inducing_mt128_ms64,0,Task4,0.15925038092191557,-0.0170864540888237,0.9375,complete,runs/task1_10/online/routeb_global_inducing_mt128_ms64/seed0/blocks.csv,,runs/task1_10/online/routeb_global_inducing_mt128_ms64/seed0/result.json
long,online,routeb_global_inducing_mt128_ms64,routeb_global_inducing_mt128_ms64,0,Task5,0.24028076895642253,0.3039697685621331,0.9275,complete,runs/task1_10/online/routeb_global_inducing_mt128_ms64/seed0/blocks.csv,,runs/task1_10/online/routeb_global_inducing_mt128_ms64/seed0/result.json
long,online,routeb_global_inducing_mt128_ms64,routeb_global_inducing_mt128_ms64,0,Task6,0.24129761788317883,0.36815630773520375,0.99,complete,runs/task1_10/online/routeb_global_inducing_mt128_ms64/seed0/blocks.csv,,runs/task1_10/online/routeb_global_inducing_mt128_ms64/seed0/result.json
long,online,routeb_global_inducing_mt128_ms64,routeb_global_inducing_mt128_ms64,0,Task7,0.20677526949691544,0.41854527315450296,1.0,complete,runs/task1_10/online/routeb_global_inducing_mt128_ms64/seed0/blocks.csv,,runs/task1_10/online/routeb_global_inducing_mt128_ms64/seed0/result.json
long,online,routeb_global_inducing_mt128_ms64,routeb_global_inducing_mt128_ms64,0,Task8,0.22916611442403712,0.4234151691680042,0.9991666666666666,complete,runs/task1_10/online/routeb_global_inducing_mt128_ms64/seed0/blocks.csv,,runs/task1_10/online/routeb_global_inducing_mt128_ms64/seed0/result.json
long,online,routeb_global_inducing_mt128_ms64,routeb_global_inducing_mt128_ms64,0,Task9,0.20414927607754785,0.2887480780709971,0.9966666666666667,complete,runs/task1_10/online/routeb_global_inducing_mt128_ms64/seed0/blocks.csv,,runs/task1_10/online/routeb_global_inducing_mt128_ms64/seed0/result.json
long,online,routeb_global_inducing_mt128_ms64,routeb_global_inducing_mt128_ms64,0,Task10,0.20826779093092135,0.7078488598472199,0.8975,complete,runs/task1_10/online/routeb_global_inducing_mt128_ms64/seed0/blocks.csv,,runs/task1_10/online/routeb_global_inducing_mt128_ms64/seed0/result.json
long,online,routeb_global_inducing_mt128_ms64,routeb_global_inducing_mt128_ms64,1,Task2,0.13206791848615415,-0.10691527027867272,0.995,complete,runs/task1_10/online/routeb_global_inducing_mt128_ms64/seed1/blocks.csv,,runs/task1_10/online/routeb_global_inducing_mt128_ms64/seed1/result.json
long,online,routeb_global_inducing_mt128_ms64,routeb_global_inducing_mt128_ms64,1,Task3,0.09219725563670436,-0.2766502228091792,0.995,complete,runs/task1_10/online/routeb_global_inducing_mt128_ms64/seed1/blocks.csv,,runs/task1_10/online/routeb_global_inducing_mt128_ms64/seed1/result.json
long,online,routeb_global_inducing_mt128_ms64,routeb_global_inducing_mt128_ms64,1,Task4,0.16244841643286465,0.036684760659287705,0.9291666666666667,complete,runs/task1_10/online/routeb_global_inducing_mt128_ms64/seed1/blocks.csv,,runs/task1_10/online/routeb_global_inducing_mt128_ms64/seed1/result.json
long,online,routeb_global_inducing_mt128_ms64,routeb_global_inducing_mt128_ms64,1,Task5,0.24000061340139306,0.39261356670598263,0.9116666666666666,complete,runs/task1_10/online/routeb_global_inducing_mt128_ms64/seed1/blocks.csv,,runs/task1_10/online/routeb_global_inducing_mt128_ms64/seed1/result.json
long,online,routeb_global_inducing_mt128_ms64,routeb_global_inducing_mt128_ms64,1,Task6,0.2672402935192509,0.4320187375307311,0.9916666666666667,complete,runs/task1_10/online/routeb_global_inducing_mt128_ms64/seed1/blocks.csv,,runs/task1_10/online/routeb_global_inducing_mt128_ms64/seed1/result.json
long,online,routeb_global_inducing_mt128_ms64,routeb_global_inducing_mt128_ms64,1,Task7,0.22078327440494525,0.46962093599169435,1.0,complete,runs/task1_10/online/routeb_global_inducing_mt128_ms64/seed1/blocks.csv,,runs/task1_10/online/routeb_global_inducing_mt128_ms64/seed1/result.json
long,online,routeb_global_inducing_mt128_ms64,routeb_global_inducing_mt128_ms64,1,Task8,0.23144450132296374,0.46479774560776366,0.9983333333333333,complete,runs/task1_10/online/routeb_global_inducing_mt128_ms64/seed1/blocks.csv,,runs/task1_10/online/routeb_global_inducing_mt128_ms64/seed1/result.json
long,online,routeb_global_inducing_mt128_ms64,routeb_global_inducing_mt128_ms64,1,Task9,0.2013045790672413,0.3299586846463871,0.9983333333333333,complete,runs/task1_10/online/routeb_global_inducing_mt128_ms64/seed1/blocks.csv,,runs/task1_10/online/routeb_global_inducing_mt128_ms64/seed1/result.json
long,online,routeb_global_inducing_mt128_ms64,routeb_global_inducing_mt128_ms64,1,Task10,0.21723069757586913,0.6585511320589407,0.8991666666666667,complete,runs/task1_10/online/routeb_global_inducing_mt128_ms64/seed1/blocks.csv,,runs/task1_10/online/routeb_global_inducing_mt128_ms64/seed1/result.json
long,online,routeb_global_inducing_mt128_ms64,routeb_global_inducing_mt128_ms64,2,Task2,0.1291161831836377,-0.13156721283918785,0.9933333333333333,complete,runs/task1_10/online/routeb_global_inducing_mt128_ms64/seed2/blocks.csv,,runs/task1_10/online/routeb_global_inducing_mt128_ms64/seed2/result.json
long,online,routeb_global_inducing_mt128_ms64,routeb_global_inducing_mt128_ms64,2,Task3,0.08344297485231135,-0.31257598836443456,0.9941666666666666,complete,runs/task1_10/online/routeb_global_inducing_mt128_ms64/seed2/blocks.csv,,runs/task1_10/online/routeb_global_inducing_mt128_ms64/seed2/result.json
long,online,routeb_global_inducing_mt128_ms64,routeb_global_inducing_mt128_ms64,2,Task4,0.1670681091265115,0.018780957603787816,0.935,complete,runs/task1_10/online/routeb_global_inducing_mt128_ms64/seed2/blocks.csv,,runs/task1_10/online/routeb_global_inducing_mt128_ms64/seed2/result.json
long,online,routeb_global_inducing_mt128_ms64,routeb_global_inducing_mt128_ms64,2,Task5,0.23785688740025338,0.3547472030758797,0.9175,complete,runs/task1_10/online/routeb_global_inducing_mt128_ms64/seed2/blocks.csv,,runs/task1_10/online/routeb_global_inducing_mt128_ms64/seed2/result.json
long,online,routeb_global_inducing_mt128_ms64,routeb_global_inducing_mt128_ms64,2,Task6,0.24622168470324757,0.38069639325860977,0.9891666666666666,complete,runs/task1_10/online/routeb_global_inducing_mt128_ms64/seed2/blocks.csv,,runs/task1_10/online/routeb_global_inducing_mt128_ms64/seed2/result.json
long,online,routeb_global_inducing_mt128_ms64,routeb_global_inducing_mt128_ms64,2,Task7,0.19640022834537563,0.4194641530626374,1.0,complete,runs/task1_10/online/routeb_global_inducing_mt128_ms64/seed2/blocks.csv,,runs/task1_10/online/routeb_global_inducing_mt128_ms64/seed2/result.json
long,online,routeb_global_inducing_mt128_ms64,routeb_global_inducing_mt128_ms64,2,Task8,0.23035737623382913,0.4312909170144974,0.9975,complete,runs/task1_10/online/routeb_global_inducing_mt128_ms64/seed2/blocks.csv,,runs/task1_10/online/routeb_global_inducing_mt128_ms64/seed2/result.json
long,online,routeb_global_inducing_mt128_ms64,routeb_global_inducing_mt128_ms64,2,Task9,0.19644444035375258,0.29192708330188966,0.9975,complete,runs/task1_10/online/routeb_global_inducing_mt128_ms64/seed2/blocks.csv,,runs/task1_10/online/routeb_global_inducing_mt128_ms64/seed2/result.json
long,online,routeb_global_inducing_mt128_ms64,routeb_global_inducing_mt128_ms64,2,Task10,0.21045164261173205,0.6451314881663561,0.9025,complete,runs/task1_10/online/routeb_global_inducing_mt128_ms64/seed2/blocks.csv,,runs/task1_10/online/routeb_global_inducing_mt128_ms64/seed2/result.json
long,online,routeb_global_inducing_mt128_ms64,routeb_global_inducing_mt128_ms64,3,Task2,0.1328775747148067,-0.17118826360964348,0.9883333333333333,complete,runs/task1_10/online/routeb_global_inducing_mt128_ms64/seed3/blocks.csv,,runs/task1_10/online/routeb_global_inducing_mt128_ms64/seed3/result.json
long,online,routeb_global_inducing_mt128_ms64,routeb_global_inducing_mt128_ms64,3,Task3,0.07525244796093652,-0.3767942787705486,0.9966666666666667,complete,runs/task1_10/online/routeb_global_inducing_mt128_ms64/seed3/blocks.csv,,runs/task1_10/online/routeb_global_inducing_mt128_ms64/seed3/result.json
long,online,routeb_global_inducing_mt128_ms64,routeb_global_inducing_mt128_ms64,3,Task4,0.16519625091446896,-0.07492933349957873,0.9375,complete,runs/task1_10/online/routeb_global_inducing_mt128_ms64/seed3/blocks.csv,,runs/task1_10/online/routeb_global_inducing_mt128_ms64/seed3/result.json
long,online,routeb_global_inducing_mt128_ms64,routeb_global_inducing_mt128_ms64,3,Task5,0.23510173951986935,0.2944931979330143,0.9216666666666666,complete,runs/task1_10/online/routeb_global_inducing_mt128_ms64/seed3/blocks.csv,,runs/task1_10/online/routeb_global_inducing_mt128_ms64/seed3/result.json
long,online,routeb_global_inducing_mt128_ms64,routeb_global_inducing_mt128_ms64,3,Task6,0.2637433873304659,0.3361200525707107,0.9766666666666667,complete,runs/task1_10/online/routeb_global_inducing_mt128_ms64/seed3/blocks.csv,,runs/task1_10/online/routeb_global_inducing_mt128_ms64/seed3/result.json
long,online,routeb_global_inducing_mt128_ms64,routeb_global_inducing_mt128_ms64,3,Task7,0.1983555446040067,0.33928700341081464,1.0,complete,runs/task1_10/online/routeb_global_inducing_mt128_ms64/seed3/blocks.csv,,runs/task1_10/online/routeb_global_inducing_mt128_ms64/seed3/result.json
long,online,routeb_global_inducing_mt128_ms64,routeb_global_inducing_mt128_ms64,3,Task8,0.21818415371081487,0.3439516257721082,0.9991666666666666,complete,runs/task1_10/online/routeb_global_inducing_mt128_ms64/seed3/blocks.csv,,runs/task1_10/online/routeb_global_inducing_mt128_ms64/seed3/result.json
long,online,routeb_global_inducing_mt128_ms64,routeb_global_inducing_mt128_ms64,3,Task9,0.20232031655808166,0.2216751372968119,0.9983333333333333,complete,runs/task1_10/online/routeb_global_inducing_mt128_ms64/seed3/blocks.csv,,runs/task1_10/online/routeb_global_inducing_mt128_ms64/seed3/result.json
long,online,routeb_global_inducing_mt128_ms64,routeb_global_inducing_mt128_ms64,3,Task10,0.20473557439666817,0.524946521060957,0.8983333333333333,complete,runs/task1_10/online/routeb_global_inducing_mt128_ms64/seed3/blocks.csv,,runs/task1_10/online/routeb_global_inducing_mt128_ms64/seed3/result.json
long,online,routeb_global_inducing_mt128_ms64,routeb_global_inducing_mt128_ms64,4,Task2,0.1304410903843512,-0.11765019356789895,0.9866666666666667,complete,runs/task1_10/online/routeb_global_inducing_mt128_ms64/seed4/blocks.csv,,runs/task1_10/online/routeb_global_inducing_mt128_ms64/seed4/result.json
long,online,routeb_global_inducing_mt128_ms64,routeb_global_inducing_mt128_ms64,4,Task3,0.09394823418342313,-0.28809917884536523,0.9925,complete,runs/task1_10/online/routeb_global_inducing_mt128_ms64/seed4/blocks.csv,,runs/task1_10/online/routeb_global_inducing_mt128_ms64/seed4/result.json
long,online,routeb_global_inducing_mt128_ms64,routeb_global_inducing_mt128_ms64,4,Task4,0.17647199704267053,0.03242924987303194,0.935,complete,runs/task1_10/online/routeb_global_inducing_mt128_ms64/seed4/blocks.csv,,runs/task1_10/online/routeb_global_inducing_mt128_ms64/seed4/result.json
long,online,routeb_global_inducing_mt128_ms64,routeb_global_inducing_mt128_ms64,4,Task5,0.24162042832836889,0.3296537949827175,0.9316666666666666,complete,runs/task1_10/online/routeb_global_inducing_mt128_ms64/seed4/blocks.csv,,runs/task1_10/online/routeb_global_inducing_mt128_ms64/seed4/result.json
long,online,routeb_global_inducing_mt128_ms64,routeb_global_inducing_mt128_ms64,4,Task6,0.26740900454639804,0.3976340661738978,0.985,complete,runs/task1_10/online/routeb_global_inducing_mt128_ms64/seed4/blocks.csv,,runs/task1_10/online/routeb_global_inducing_mt128_ms64/seed4/result.json
long,online,routeb_global_inducing_mt128_ms64,routeb_global_inducing_mt128_ms64,4,Task7,0.2160297171247244,0.42343816751659347,1.0,complete,runs/task1_10/online/routeb_global_inducing_mt128_ms64/seed4/blocks.csv,,runs/task1_10/online/routeb_global_inducing_mt128_ms64/seed4/result.json
long,online,routeb_global_inducing_mt128_ms64,routeb_global_inducing_mt128_ms64,4,Task8,0.2338427343183206,0.4253730653470044,0.9983333333333333,complete,runs/task1_10/online/routeb_global_inducing_mt128_ms64/seed4/blocks.csv,,runs/task1_10/online/routeb_global_inducing_mt128_ms64/seed4/result.json
long,online,routeb_global_inducing_mt128_ms64,routeb_global_inducing_mt128_ms64,4,Task9,0.2218017832368944,0.3091756657778411,0.9966666666666667,complete,runs/task1_10/online/routeb_global_inducing_mt128_ms64/seed4/blocks.csv,,runs/task1_10/online/routeb_global_inducing_mt128_ms64/seed4/result.json
long,online,routeb_global_inducing_mt128_ms64,routeb_global_inducing_mt128_ms64,4,Task10,0.22688104846650825,0.6339521385658571,0.9066666666666666,complete,runs/task1_10/online/routeb_global_inducing_mt128_ms64/seed4/blocks.csv,,runs/task1_10/online/routeb_global_inducing_mt128_ms64/seed4/result.json
long,online,routeb_global_inducing_mt64_ms64,routeb_global_inducing_mt64_ms64,0,Task2,0.17721257426666817,0.22160090722996903,0.9816666666666667,complete,runs/task1_10/online/routeb_global_inducing_mt64_ms64/seed0/blocks.csv,,runs/task1_10/online/routeb_global_inducing_mt64_ms64/seed0/result.json
long,online,routeb_global_inducing_mt64_ms64,routeb_global_inducing_mt64_ms64,0,Task3,0.13575791557892894,0.18288981415125047,0.9858333333333333,complete,runs/task1_10/online/routeb_global_inducing_mt64_ms64/seed0/blocks.csv,,runs/task1_10/online/routeb_global_inducing_mt64_ms64/seed0/result.json
long,online,routeb_global_inducing_mt64_ms64,routeb_global_inducing_mt64_ms64,0,Task4,0.18796967323344912,0.25866410595633993,0.9608333333333333,complete,runs/task1_10/online/routeb_global_inducing_mt64_ms64/seed0/blocks.csv,,runs/task1_10/online/routeb_global_inducing_mt64_ms64/seed0/result.json
long,online,routeb_global_inducing_mt64_ms64,routeb_global_inducing_mt64_ms64,0,Task5,0.2881225672567436,0.44808520519661926,0.9166666666666666,complete,runs/task1_10/online/routeb_global_inducing_mt64_ms64/seed0/blocks.csv,,runs/task1_10/online/routeb_global_inducing_mt64_ms64/seed0/result.json
long,online,routeb_global_inducing_mt64_ms64,routeb_global_inducing_mt64_ms64,0,Task6,0.2905299862753994,0.8262554427418517,0.9016666666666666,complete,runs/task1_10/online/routeb_global_inducing_mt64_ms64/seed0/blocks.csv,,runs/task1_10/online/routeb_global_inducing_mt64_ms64/seed0/result.json
long,online,routeb_global_inducing_mt64_ms64,routeb_global_inducing_mt64_ms64,0,Task7,0.34955646596400675,1.511442541772094,0.8225,complete,runs/task1_10/online/routeb_global_inducing_mt64_ms64/seed0/blocks.csv,,runs/task1_10/online/routeb_global_inducing_mt64_ms64/seed0/result.json
long,online,routeb_global_inducing_mt64_ms64,routeb_global_inducing_mt64_ms64,0,Task8,0.4451530283900456,3.064265319701955,0.7741666666666667,complete,runs/task1_10/online/routeb_global_inducing_mt64_ms64/seed0/blocks.csv,,runs/task1_10/online/routeb_global_inducing_mt64_ms64/seed0/result.json
long,online,routeb_global_inducing_mt64_ms64,routeb_global_inducing_mt64_ms64,0,Task9,0.3612110401984737,1.8981564267876012,0.7958333333333333,complete,runs/task1_10/online/routeb_global_inducing_mt64_ms64/seed0/blocks.csv,,runs/task1_10/online/routeb_global_inducing_mt64_ms64/seed0/result.json
long,online,routeb_global_inducing_mt64_ms64,routeb_global_inducing_mt64_ms64,0,Task10,0.25383734223462684,1.239233351201998,0.8566666666666667,complete,runs/task1_10/online/routeb_global_inducing_mt64_ms64/seed0/blocks.csv,,runs/task1_10/online/routeb_global_inducing_mt64_ms64/seed0/result.json
long,online,routeb_global_inducing_mt64_ms64,routeb_global_inducing_mt64_ms64,1,Task2,0.18621666787312532,0.25987593402213677,0.9866666666666667,complete,runs/task1_10/online/routeb_global_inducing_mt64_ms64/seed1/blocks.csv,,runs/task1_10/online/routeb_global_inducing_mt64_ms64/seed1/result.json
long,online,routeb_global_inducing_mt64_ms64,routeb_global_inducing_mt64_ms64,1,Task3,0.14047366750697532,0.21381768642578222,0.9891666666666666,complete,runs/task1_10/online/routeb_global_inducing_mt64_ms64/seed1/blocks.csv,,runs/task1_10/online/routeb_global_inducing_mt64_ms64/seed1/result.json
long,online,routeb_global_inducing_mt64_ms64,routeb_global_inducing_mt64_ms64,1,Task4,0.19683103479831604,0.3077588040390111,0.955,complete,runs/task1_10/online/routeb_global_inducing_mt64_ms64/seed1/blocks.csv,,runs/task1_10/online/routeb_global_inducing_mt64_ms64/seed1/result.json
long,online,routeb_global_inducing_mt64_ms64,routeb_global_inducing_mt64_ms64,1,Task5,0.3036974918253335,0.4791945402059008,0.9241666666666667,complete,runs/task1_10/online/routeb_global_inducing_mt64_ms64/seed1/blocks.csv,,runs/task1_10/online/routeb_global_inducing_mt64_ms64/seed1/result.json
long,online,routeb_global_inducing_mt64_ms64,routeb_global_inducing_mt64_ms64,1,Task6,0.32547668983376277,1.0058229291695167,0.8908333333333334,complete,runs/task1_10/online/routeb_global_inducing_mt64_ms64/seed1/blocks.csv,,runs/task1_10/online/routeb_global_inducing_mt64_ms64/seed1/result.json
long,online,routeb_global_inducing_mt64_ms64,routeb_global_inducing_mt64_ms64,1,Task7,0.34952369696142077,1.4320301038435905,0.83,complete,runs/task1_10/online/routeb_global_inducing_mt64_ms64/seed1/blocks.csv,,runs/task1_10/online/routeb_global_inducing_mt64_ms64/seed1/result.json
long,online,routeb_global_inducing_mt64_ms64,routeb_global_inducing_mt64_ms64,1,Task8,0.4319918913192085,2.901136673837593,0.7883333333333333,complete,runs/task1_10/online/routeb_global_inducing_mt64_ms64/seed1/blocks.csv,,runs/task1_10/online/routeb_global_inducing_mt64_ms64/seed1/result.json
long,online,routeb_global_inducing_mt64_ms64,routeb_global_inducing_mt64_ms64,1,Task9,0.3304223583341903,1.4704823408503704,0.8308333333333333,complete,runs/task1_10/online/routeb_global_inducing_mt64_ms64/seed1/blocks.csv,,runs/task1_10/online/routeb_global_inducing_mt64_ms64/seed1/result.json
long,online,routeb_global_inducing_mt64_ms64,routeb_global_inducing_mt64_ms64,1,Task10,0.26007943177709786,1.391944158740087,0.8616666666666667,complete,runs/task1_10/online/routeb_global_inducing_mt64_ms64/seed1/blocks.csv,,runs/task1_10/online/routeb_global_inducing_mt64_ms64/seed1/result.json
long,online,routeb_global_inducing_mt64_ms64,routeb_global_inducing_mt64_ms64,2,Task2,0.18238874193014115,0.23157189559784114,0.98,complete,runs/task1_10/online/routeb_global_inducing_mt64_ms64/seed2/blocks.csv,,runs/task1_10/online/routeb_global_inducing_mt64_ms64/seed2/result.json
long,online,routeb_global_inducing_mt64_ms64,routeb_global_inducing_mt64_ms64,2,Task3,0.13473480140648184,0.18530627468420552,0.9833333333333333,complete,runs/task1_10/online/routeb_global_inducing_mt64_ms64/seed2/blocks.csv,,runs/task1_10/online/routeb_global_inducing_mt64_ms64/seed2/result.json
long,online,routeb_global_inducing_mt64_ms64,routeb_global_inducing_mt64_ms64,2,Task4,0.20265887526734985,0.3126889156028005,0.9525,complete,runs/task1_10/online/routeb_global_inducing_mt64_ms64/seed2/blocks.csv,,runs/task1_10/online/routeb_global_inducing_mt64_ms64/seed2/result.json
long,online,routeb_global_inducing_mt64_ms64,routeb_global_inducing_mt64_ms64,2,Task5,0.29640460758253795,0.4861759083906559,0.9175,complete,runs/task1_10/online/routeb_global_inducing_mt64_ms64/seed2/blocks.csv,,runs/task1_10/online/routeb_global_inducing_mt64_ms64/seed2/result.json
long,online,routeb_global_inducing_mt64_ms64,routeb_global_inducing_mt64_ms64,2,Task6,0.29976946476056787,0.9540999444909899,0.895,complete,runs/task1_10/online/routeb_global_inducing_mt64_ms64/seed2/blocks.csv,,runs/task1_10/online/routeb_global_inducing_mt64_ms64/seed2/result.json
long,online,routeb_global_inducing_mt64_ms64,routeb_global_inducing_mt64_ms64,2,Task7,0.341461041169213,1.4114659452640383,0.8308333333333333,complete,runs/task1_10/online/routeb_global_inducing_mt64_ms64/seed2/blocks.csv,,runs/task1_10/online/routeb_global_inducing_mt64_ms64/seed2/result.json
long,online,routeb_global_inducing_mt64_ms64,routeb_global_inducing_mt64_ms64,2,Task8,0.42946721257780357,2.8253025697646605,0.7866666666666666,complete,runs/task1_10/online/routeb_global_inducing_mt64_ms64/seed2/blocks.csv,,runs/task1_10/online/routeb_global_inducing_mt64_ms64/seed2/result.json
long,online,routeb_global_inducing_mt64_ms64,routeb_global_inducing_mt64_ms64,2,Task9,0.35133774280631336,1.6078142940081621,0.8025,complete,runs/task1_10/online/routeb_global_inducing_mt64_ms64/seed2/blocks.csv,,runs/task1_10/online/routeb_global_inducing_mt64_ms64/seed2/result.json
long,online,routeb_global_inducing_mt64_ms64,routeb_global_inducing_mt64_ms64,2,Task10,0.25966064026627445,1.5106555506178267,0.86,complete,runs/task1_10/online/routeb_global_inducing_mt64_ms64/seed2/blocks.csv,,runs/task1_10/online/routeb_global_inducing_mt64_ms64/seed2/result.json
long,online,routeb_global_inducing_mt64_ms64,routeb_global_inducing_mt64_ms64,3,Task2,0.193939514757006,0.18335661738059486,0.9766666666666667,complete,runs/task1_10/online/routeb_global_inducing_mt64_ms64/seed3/blocks.csv,,runs/task1_10/online/routeb_global_inducing_mt64_ms64/seed3/result.json
long,online,routeb_global_inducing_mt64_ms64,routeb_global_inducing_mt64_ms64,3,Task3,0.11985120991438951,0.10205462430362017,0.9808333333333333,complete,runs/task1_10/online/routeb_global_inducing_mt64_ms64/seed3/blocks.csv,,runs/task1_10/online/routeb_global_inducing_mt64_ms64/seed3/result.json
long,online,routeb_global_inducing_mt64_ms64,routeb_global_inducing_mt64_ms64,3,Task4,0.19842548550836264,0.21299629817922308,0.9575,complete,runs/task1_10/online/routeb_global_inducing_mt64_ms64/seed3/blocks.csv,,runs/task1_10/online/routeb_global_inducing_mt64_ms64/seed3/result.json
long,online,routeb_global_inducing_mt64_ms64,routeb_global_inducing_mt64_ms64,3,Task5,0.2913491071973317,0.49119594123580007,0.91,complete,runs/task1_10/online/routeb_global_inducing_mt64_ms64/seed3/blocks.csv,,runs/task1_10/online/routeb_global_inducing_mt64_ms64/seed3/result.json
long,online,routeb_global_inducing_mt64_ms64,routeb_global_inducing_mt64_ms64,3,Task6,0.3092903411350358,0.7403069190331153,0.885,complete,runs/task1_10/online/routeb_global_inducing_mt64_ms64/seed3/blocks.csv,,runs/task1_10/online/routeb_global_inducing_mt64_ms64/seed3/result.json
long,online,routeb_global_inducing_mt64_ms64,routeb_global_inducing_mt64_ms64,3,Task7,0.35420529375506793,1.5572968031080932,0.81,complete,runs/task1_10/online/routeb_global_inducing_mt64_ms64/seed3/blocks.csv,,runs/task1_10/online/routeb_global_inducing_mt64_ms64/seed3/result.json
long,online,routeb_global_inducing_mt64_ms64,routeb_global_inducing_mt64_ms64,3,Task8,0.43375022596789,2.827326585891225,0.7558333333333334,complete,runs/task1_10/online/routeb_global_inducing_mt64_ms64/seed3/blocks.csv,,runs/task1_10/online/routeb_global_inducing_mt64_ms64/seed3/result.json
long,online,routeb_global_inducing_mt64_ms64,routeb_global_inducing_mt64_ms64,3,Task9,0.3606474094680662,1.9154618130133296,0.7966666666666666,complete,runs/task1_10/online/routeb_global_inducing_mt64_ms64/seed3/blocks.csv,,runs/task1_10/online/routeb_global_inducing_mt64_ms64/seed3/result.json
long,online,routeb_global_inducing_mt64_ms64,routeb_global_inducing_mt64_ms64,3,Task10,0.25818478756558916,1.1747144369441438,0.8483333333333334,complete,runs/task1_10/online/routeb_global_inducing_mt64_ms64/seed3/blocks.csv,,runs/task1_10/online/routeb_global_inducing_mt64_ms64/seed3/result.json
long,online,routeb_global_inducing_mt64_ms64,routeb_global_inducing_mt64_ms64,4,Task2,0.18118747693706955,0.23503464243784264,0.9808333333333333,complete,runs/task1_10/online/routeb_global_inducing_mt64_ms64/seed4/blocks.csv,,runs/task1_10/online/routeb_global_inducing_mt64_ms64/seed4/result.json
long,online,routeb_global_inducing_mt64_ms64,routeb_global_inducing_mt64_ms64,4,Task3,0.1352110934226765,0.17175640358430577,0.9825,complete,runs/task1_10/online/routeb_global_inducing_mt64_ms64/seed4/blocks.csv,,runs/task1_10/online/routeb_global_inducing_mt64_ms64/seed4/result.json
long,online,routeb_global_inducing_mt64_ms64,routeb_global_inducing_mt64_ms64,4,Task4,0.205856692177217,0.30602058870332427,0.9575,complete,runs/task1_10/online/routeb_global_inducing_mt64_ms64/seed4/blocks.csv,,runs/task1_10/online/routeb_global_inducing_mt64_ms64/seed4/result.json
long,online,routeb_global_inducing_mt64_ms64,routeb_global_inducing_mt64_ms64,4,Task5,0.30495096025756074,0.5226101952372733,0.925,complete,runs/task1_10/online/routeb_global_inducing_mt64_ms64/seed4/blocks.csv,,runs/task1_10/online/routeb_global_inducing_mt64_ms64/seed4/result.json
long,online,routeb_global_inducing_mt64_ms64,routeb_global_inducing_mt64_ms64,4,Task6,0.31839153249375207,0.7871323894751773,0.8875,complete,runs/task1_10/online/routeb_global_inducing_mt64_ms64/seed4/blocks.csv,,runs/task1_10/online/routeb_global_inducing_mt64_ms64/seed4/result.json
long,online,routeb_global_inducing_mt64_ms64,routeb_global_inducing_mt64_ms64,4,Task7,0.35442963012368556,1.5901823625616551,0.8241666666666667,complete,runs/task1_10/online/routeb_global_inducing_mt64_ms64/seed4/blocks.csv,,runs/task1_10/online/routeb_global_inducing_mt64_ms64/seed4/result.json
long,online,routeb_global_inducing_mt64_ms64,routeb_global_inducing_mt64_ms64,4,Task8,0.439167376250361,3.295557307753338,0.7775,complete,runs/task1_10/online/routeb_global_inducing_mt64_ms64/seed4/blocks.csv,,runs/task1_10/online/routeb_global_inducing_mt64_ms64/seed4/result.json
long,online,routeb_global_inducing_mt64_ms64,routeb_global_inducing_mt64_ms64,4,Task9,0.35045186273286805,1.8987028271374562,0.8258333333333333,complete,runs/task1_10/online/routeb_global_inducing_mt64_ms64/seed4/blocks.csv,,runs/task1_10/online/routeb_global_inducing_mt64_ms64/seed4/result.json
long,online,routeb_global_inducing_mt64_ms64,routeb_global_inducing_mt64_ms64,4,Task10,0.2584328358892625,1.2293451478831683,0.8708333333333333,complete,runs/task1_10/online/routeb_global_inducing_mt64_ms64/seed4/blocks.csv,,runs/task1_10/online/routeb_global_inducing_mt64_ms64/seed4/result.json
