scope,branch,method,label,seed,status,run_dir,result_path,prediction_path,issues,artifacts_complete,rmse,nll,coverage90,final_rmse,runtime_seconds,prediction_seconds,peak_allocated_mib,peak_reserved_mib,peak_nvidia_mib,state_mib,block_id,block_start,block_stop,hours,mean_predictive_std,update_seconds,block_index,task,source_path,failure,coverage50,coverage80,coverage95,factor_preparation_seconds,feature_loading_seconds,mean_interval_width90,peak_cuda_allocated_mib,persistent_state_bytes,solver_backend,solver_device,solver_dtype,temporal_factor_device
short,online,bui_osgpr_mt2_ms64,bui_osgpr_mt2_ms64,0,complete,runs/task1_2/online/bui_osgpr_mt2_ms64/seed0,runs/task1_2/online/bui_osgpr_mt2_ms64/seed0/result.json,runs/task1_2/online/bui_osgpr_mt2_ms64/seed0/predictions.npz,,True,0.5062364692874178,0.8227429621389489,0.983,0.6381142825286642,6.836722929030657,0.07103660516440868,58.843994140625,,,0.25390625,0,0,10,10,0.6984922114697779,1.9453794490545988,0,,runs/task1_2/online/bui_osgpr_mt2_ms64/seed0/blocks.csv,,,,,,,,,,,,,
short,online,bui_osgpr_mt2_ms64,bui_osgpr_mt2_ms64,0,complete,runs/task1_2/online/bui_osgpr_mt2_ms64/seed0,runs/task1_2/online/bui_osgpr_mt2_ms64/seed0/result.json,runs/task1_2/online/bui_osgpr_mt2_ms64/seed0/predictions.npz,,True,0.38286877953665893,0.7103338611041022,0.9935,0.6381142825286642,6.836722929030657,0.09260690957307816,58.843994140625,,,0.25390625,1,10,20,10,0.6984922114697779,0.17922458425164223,1,,runs/task1_2/online/bui_osgpr_mt2_ms64/seed0/blocks.csv,,,,,,,,,,,,,
short,online,bui_osgpr_mt2_ms64,bui_osgpr_mt2_ms64,0,complete,runs/task1_2/online/bui_osgpr_mt2_ms64/seed0,runs/task1_2/online/bui_osgpr_mt2_ms64/seed0/result.json,runs/task1_2/online/bui_osgpr_mt2_ms64/seed0/predictions.npz,,True,0.3671630549101507,0.6982617132964906,0.998,0.6381142825286642,6.836722929030657,0.10013431310653687,58.843994140625,,,0.25390625,2,20,30,10,0.6984922114697779,0.14598941616714,2,,runs/task1_2/online/bui_osgpr_mt2_ms64/seed0/blocks.csv,,,,,,,,,,,,,
short,online,bui_osgpr_mt2_ms64,bui_osgpr_mt2_ms64,0,complete,runs/task1_2/online/bui_osgpr_mt2_ms64/seed0,runs/task1_2/online/bui_osgpr_mt2_ms64/seed0/result.json,runs/task1_2/online/bui_osgpr_mt2_ms64/seed0/predictions.npz,,True,0.34987165161683254,0.685555466515595,0.996,0.6381142825286642,6.836722929030657,0.097595589235425,58.843994140625,,,0.25390625,3,30,40,10,0.6984922114697779,0.14562702924013138,3,,runs/task1_2/online/bui_osgpr_mt2_ms64/seed0/blocks.csv,,,,,,,,,,,,,
short,online,bui_osgpr_mt2_ms64,bui_osgpr_mt2_ms64,0,complete,runs/task1_2/online/bui_osgpr_mt2_ms64/seed0,runs/task1_2/online/bui_osgpr_mt2_ms64/seed0/result.json,runs/task1_2/online/bui_osgpr_mt2_ms64/seed0/predictions.npz,,True,0.5262531472293858,0.843922894214918,0.9785,0.6381142825286642,6.836722929030657,0.09080233611166477,58.843994140625,,,0.25390625,4,40,50,10,0.6984922114697779,0.14780153892934322,4,,runs/task1_2/online/bui_osgpr_mt2_ms64/seed0/blocks.csv,,,,,,,,,,,,,
short,online,bui_osgpr_mt2_ms64,bui_osgpr_mt2_ms64,0,complete,runs/task1_2/online/bui_osgpr_mt2_ms64/seed0,runs/task1_2/online/bui_osgpr_mt2_ms64/seed0/result.json,runs/task1_2/online/bui_osgpr_mt2_ms64/seed0/predictions.npz,,True,0.6304013406555617,0.9673760672633718,0.9405,0.6381142825286642,6.836722929030657,0.09209631010890007,58.843994140625,,,0.25390625,5,50,60,10,0.6984922114697779,0.15373161993920803,5,,runs/task1_2/online/bui_osgpr_mt2_ms64/seed0/blocks.csv,,,,,,,,,,,,,
short,online,bui_osgpr_mt2_ms64,bui_osgpr_mt2_ms64,0,complete,runs/task1_2/online/bui_osgpr_mt2_ms64/seed0,runs/task1_2/online/bui_osgpr_mt2_ms64/seed0/result.json,runs/task1_2/online/bui_osgpr_mt2_ms64/seed0/predictions.npz,,True,0.5513190093126801,0.8716035181714876,0.9825,0.6381142825286642,6.836722929030657,0.09225455485284328,58.843994140625,,,0.25390625,6,60,70,10,0.6984922114697779,0.15325422026216984,6,,runs/task1_2/online/bui_osgpr_mt2_ms64/seed0/blocks.csv,,,,,,,,,,,,,
short,online,bui_osgpr_mt2_ms64,bui_osgpr_mt2_ms64,0,complete,runs/task1_2/online/bui_osgpr_mt2_ms64/seed0,runs/task1_2/online/bui_osgpr_mt2_ms64/seed0/result.json,runs/task1_2/online/bui_osgpr_mt2_ms64/seed0/predictions.npz,,True,0.5748252201855238,0.8987318764367922,0.9405,0.6381142825286642,6.836722929030657,0.09911201521754265,58.843994140625,,,0.25390625,7,70,80,10,0.6984922114697779,0.14544479176402092,7,,runs/task1_2/online/bui_osgpr_mt2_ms64/seed0/blocks.csv,,,,,,,,,,,,,
short,online,bui_osgpr_mt2_ms64,bui_osgpr_mt2_ms64,0,complete,runs/task1_2/online/bui_osgpr_mt2_ms64/seed0,runs/task1_2/online/bui_osgpr_mt2_ms64/seed0/result.json,runs/task1_2/online/bui_osgpr_mt2_ms64/seed0/predictions.npz,,True,0.48979558774341764,0.8059609015329252,0.9815,0.6381142825286642,6.836722929030657,0.09109038859605789,58.843994140625,,,0.25390625,8,80,90,10,0.6984922114697779,0.14693081937730312,8,,runs/task1_2/online/bui_osgpr_mt2_ms64/seed0/blocks.csv,,,,,,,,,,,,,
short,online,bui_osgpr_mt2_ms64,bui_osgpr_mt2_ms64,0,complete,runs/task1_2/online/bui_osgpr_mt2_ms64/seed0,runs/task1_2/online/bui_osgpr_mt2_ms64/seed0/result.json,runs/task1_2/online/bui_osgpr_mt2_ms64/seed0/predictions.npz,,True,0.6020053666532934,0.9315121526608454,0.959,0.6381142825286642,6.836722929030657,0.09104832448065281,58.843994140625,,,0.25390625,9,90,100,10,0.6984922114697779,0.15376594848930836,9,,runs/task1_2/online/bui_osgpr_mt2_ms64/seed0/blocks.csv,,,,,,,,,,,,,
short,online,bui_osgpr_mt2_ms64,bui_osgpr_mt2_ms64,0,complete,runs/task1_2/online/bui_osgpr_mt2_ms64/seed0,runs/task1_2/online/bui_osgpr_mt2_ms64/seed0/result.json,runs/task1_2/online/bui_osgpr_mt2_ms64/seed0/predictions.npz,,True,0.6713752302567897,1.0220386959120873,0.923,0.6381142825286642,6.836722929030657,0.09236595593392849,58.843994140625,,,0.25390625,10,100,110,10,0.6984922114697779,0.15398934297263622,10,,runs/task1_2/online/bui_osgpr_mt2_ms64/seed0/blocks.csv,,,,,,,,,,,,,
short,online,bui_osgpr_mt2_ms64,bui_osgpr_mt2_ms64,0,complete,runs/task1_2/online/bui_osgpr_mt2_ms64/seed0,runs/task1_2/online/bui_osgpr_mt2_ms64/seed0/result.json,runs/task1_2/online/bui_osgpr_mt2_ms64/seed0/predictions.npz,,True,1.044422429159377,1.6779977379892654,0.699,0.6381142825286642,6.836722929030657,0.09328915923833847,58.843994140625,,,0.25390625,11,110,120,10,0.6984922114697779,0.14885051362216473,11,,runs/task1_2/online/bui_osgpr_mt2_ms64/seed0/blocks.csv,,,,,,,,,,,,,
short,online,bui_osgpr_mt2_ms64,bui_osgpr_mt2_ms64,0,complete,runs/task1_2/online/bui_osgpr_mt2_ms64/seed0,runs/task1_2/online/bui_osgpr_mt2_ms64/seed0/result.json,runs/task1_2/online/bui_osgpr_mt2_ms64/seed0/predictions.npz,,True,1.0996611980565272,1.7993736706125638,0.619,0.6381142825286642,6.836722929030657,0.09947684966027737,58.843994140625,,,0.25390625,12,120,130,10,0.6984922114697778,0.14424488693475723,12,,runs/task1_2/online/bui_osgpr_mt2_ms64/seed0/blocks.csv,,,,,,,,,,,,,
short,online,bui_osgpr_mt2_ms64,bui_osgpr_mt2_ms64,0,complete,runs/task1_2/online/bui_osgpr_mt2_ms64/seed0,runs/task1_2/online/bui_osgpr_mt2_ms64/seed0/result.json,runs/task1_2/online/bui_osgpr_mt2_ms64/seed0/predictions.npz,,True,0.6732615773867107,1.0246380980961887,0.9195,0.6381142825286642,6.836722929030657,0.09560857526957989,58.843994140625,,,0.25390625,13,130,140,10,0.6984922114697715,0.14359365962445736,13,,runs/task1_2/online/bui_osgpr_mt2_ms64/seed0/blocks.csv,,,,,,,,,,,,,
short,online,bui_osgpr_mt2_ms64,bui_osgpr_mt2_ms64,0,complete,runs/task1_2/online/bui_osgpr_mt2_ms64/seed0,runs/task1_2/online/bui_osgpr_mt2_ms64/seed0/result.json,runs/task1_2/online/bui_osgpr_mt2_ms64/seed0/predictions.npz,,True,0.5830564645111822,0.9084992218367178,0.9455,0.6381142825286642,6.836722929030657,0.0911635272204876,58.843994140625,,,0.25390625,14,140,150,10,0.6984922114666292,0.15468364022672176,14,,runs/task1_2/online/bui_osgpr_mt2_ms64/seed0/blocks.csv,,,,,,,,,,,,,
short,online,bui_osgpr_mt2_ms64,bui_osgpr_mt2_ms64,0,complete,runs/task1_2/online/bui_osgpr_mt2_ms64/seed0,runs/task1_2/online/bui_osgpr_mt2_ms64/seed0/result.json,runs/task1_2/online/bui_osgpr_mt2_ms64/seed0/predictions.npz,,True,0.8137268379687114,1.2386921187941011,0.8455,0.6381142825286642,6.836722929030657,0.09175986796617508,58.843994140625,,,0.25390625,15,150,160,10,0.6984921448473154,0.14456676691770554,15,,runs/task1_2/online/bui_osgpr_mt2_ms64/seed0/blocks.csv,,,,,,,,,,,,,
short,online,bui_osgpr_mt2_ms64,bui_osgpr_mt2_ms64,0,complete,runs/task1_2/online/bui_osgpr_mt2_ms64/seed0,runs/task1_2/online/bui_osgpr_mt2_ms64/seed0/result.json,runs/task1_2/online/bui_osgpr_mt2_ms64/seed0/predictions.npz,,True,0.6786823514047481,1.03210118447036,0.917,0.6381142825286642,6.836722929030657,0.09104771353304386,58.843994140625,,,0.25390625,16,160,170,10,0.6983820958143772,0.1542486846446991,16,,runs/task1_2/online/bui_osgpr_mt2_ms64/seed0/blocks.csv,,,,,,,,,,,,,
short,online,bui_osgpr_mt2_ms64,bui_osgpr_mt2_ms64,0,complete,runs/task1_2/online/bui_osgpr_mt2_ms64/seed0,runs/task1_2/online/bui_osgpr_mt2_ms64/seed0/result.json,runs/task1_2/online/bui_osgpr_mt2_ms64/seed0/predictions.npz,,True,0.5408562685888536,0.8478058253352246,0.974,0.6381142825286642,6.836722929030657,0.09092823974788189,58.843994140625,,,0.25390625,17,170,180,10,0.6806464564365192,0.1548130139708519,17,,runs/task1_2/online/bui_osgpr_mt2_ms64/seed0/blocks.csv,,,,,,,,,,,,,
short,online,bui_osgpr_mt2_ms64,bui_osgpr_mt2_ms64,0,complete,runs/task1_2/online/bui_osgpr_mt2_ms64/seed0,runs/task1_2/online/bui_osgpr_mt2_ms64/seed0/result.json,runs/task1_2/online/bui_osgpr_mt2_ms64/seed0/predictions.npz,,True,0.2685544212689131,1.1043053836160466,0.8708333333333333,0.6381142825286642,6.836722929030657,0.09645719081163406,58.843994140625,,,0.25390625,18,180,186,6,0.3898131422754729,0.1487571932375431,18,,runs/task1_2/online/bui_osgpr_mt2_ms64/seed0/blocks.csv,,,,,,,,,,,,,
short,online,bui_osgpr_mt2_ms64,bui_osgpr_mt2_ms64,1,complete,runs/task1_2/online/bui_osgpr_mt2_ms64/seed1,runs/task1_2/online/bui_osgpr_mt2_ms64/seed1/result.json,runs/task1_2/online/bui_osgpr_mt2_ms64/seed1/predictions.npz,,True,0.49168981629355707,0.8301849783810726,0.991,0.627145816604073,6.723474912345409,0.06734240800142288,58.843994140625,,,0.25390625,0,0,10,10,0.7288288050476653,1.9459227751940489,0,,runs/task1_2/online/bui_osgpr_mt2_ms64/seed1/blocks.csv,,,,,,,,,,,,,
short,online,bui_osgpr_mt2_ms64,bui_osgpr_mt2_ms64,1,complete,runs/task1_2/online/bui_osgpr_mt2_ms64/seed1,runs/task1_2/online/bui_osgpr_mt2_ms64/seed1/result.json,runs/task1_2/online/bui_osgpr_mt2_ms64/seed1/predictions.npz,,True,0.3572857321508666,0.7227794601122564,0.9975,0.627145816604073,6.723474912345409,0.1028344351798296,58.843994140625,,,0.25390625,1,10,20,10,0.7288288050476653,0.17444312758743763,1,,runs/task1_2/online/bui_osgpr_mt2_ms64/seed1/blocks.csv,,,,,,,,,,,,,
short,online,bui_osgpr_mt2_ms64,bui_osgpr_mt2_ms64,1,complete,runs/task1_2/online/bui_osgpr_mt2_ms64/seed1,runs/task1_2/online/bui_osgpr_mt2_ms64/seed1/result.json,runs/task1_2/online/bui_osgpr_mt2_ms64/seed1/predictions.npz,,True,0.3779358590368941,0.7370703714238327,0.998,0.627145816604073,6.723474912345409,0.08875356428325176,58.843994140625,,,0.25390625,2,20,30,10,0.7288288050476653,0.14386949129402637,2,,runs/task1_2/online/bui_osgpr_mt2_ms64/seed1/blocks.csv,,,,,,,,,,,,,
short,online,bui_osgpr_mt2_ms64,bui_osgpr_mt2_ms64,1,complete,runs/task1_2/online/bui_osgpr_mt2_ms64/seed1,runs/task1_2/online/bui_osgpr_mt2_ms64/seed1/result.json,runs/task1_2/online/bui_osgpr_mt2_ms64/seed1/predictions.npz,,True,0.35503420038743694,0.7212698245344676,0.996,0.627145816604073,6.723474912345409,0.09278284013271332,58.843994140625,,,0.25390625,3,30,40,10,0.7288288050476653,0.14226805418729782,3,,runs/task1_2/online/bui_osgpr_mt2_ms64/seed1/blocks.csv,,,,,,,,,,,,,
short,online,bui_osgpr_mt2_ms64,bui_osgpr_mt2_ms64,1,complete,runs/task1_2/online/bui_osgpr_mt2_ms64/seed1,runs/task1_2/online/bui_osgpr_mt2_ms64/seed1/result.json,runs/task1_2/online/bui_osgpr_mt2_ms64/seed1/predictions.npz,,True,0.5186367957119228,0.8558115689398227,0.981,0.627145816604073,6.723474912345409,0.09373339638113976,58.843994140625,,,0.25390625,4,40,50,10,0.7288288050476653,0.15151694603264332,4,,runs/task1_2/online/bui_osgpr_mt2_ms64/seed1/blocks.csv,,,,,,,,,,,,,
short,online,bui_osgpr_mt2_ms64,bui_osgpr_mt2_ms64,1,complete,runs/task1_2/online/bui_osgpr_mt2_ms64/seed1,runs/task1_2/online/bui_osgpr_mt2_ms64/seed1/result.json,runs/task1_2/online/bui_osgpr_mt2_ms64/seed1/predictions.npz,,True,0.5764684479162719,0.9154244903364738,0.954,0.627145816604073,6.723474912345409,0.08945293352007866,58.843994140625,,,0.25390625,5,50,60,10,0.7288288050476653,0.1476876512169838,5,,runs/task1_2/online/bui_osgpr_mt2_ms64/seed1/blocks.csv,,,,,,,,,,,,,
short,online,bui_osgpr_mt2_ms64,bui_osgpr_mt2_ms64,1,complete,runs/task1_2/online/bui_osgpr_mt2_ms64/seed1,runs/task1_2/online/bui_osgpr_mt2_ms64/seed1/result.json,runs/task1_2/online/bui_osgpr_mt2_ms64/seed1/predictions.npz,,True,0.49516851340709717,0.8334163758096388,0.9925,0.627145816604073,6.723474912345409,0.08954628556966782,58.843994140625,,,0.25390625,6,60,70,10,0.7288288050476653,0.16049909591674805,6,,runs/task1_2/online/bui_osgpr_mt2_ms64/seed1/blocks.csv,,,,,,,,,,,,,
short,online,bui_osgpr_mt2_ms64,bui_osgpr_mt2_ms64,1,complete,runs/task1_2/online/bui_osgpr_mt2_ms64/seed1,runs/task1_2/online/bui_osgpr_mt2_ms64/seed1/result.json,runs/task1_2/online/bui_osgpr_mt2_ms64/seed1/predictions.npz,,True,0.5328540869096448,0.8698830988142018,0.959,0.627145816604073,6.723474912345409,0.09065596014261246,58.843994140625,,,0.25390625,7,70,80,10,0.7288288050476653,0.15446578711271286,7,,runs/task1_2/online/bui_osgpr_mt2_ms64/seed1/blocks.csv,,,,,,,,,,,,,
short,online,bui_osgpr_mt2_ms64,bui_osgpr_mt2_ms64,1,complete,runs/task1_2/online/bui_osgpr_mt2_ms64/seed1,runs/task1_2/online/bui_osgpr_mt2_ms64/seed1/result.json,runs/task1_2/online/bui_osgpr_mt2_ms64/seed1/predictions.npz,,True,0.4524558954083198,0.7953175687529042,0.992,0.627145816604073,6.723474912345409,0.0962943285703659,58.843994140625,,,0.25390625,8,80,90,10,0.7288288050476653,0.1450317483395338,8,,runs/task1_2/online/bui_osgpr_mt2_ms64/seed1/blocks.csv,,,,,,,,,,,,,
short,online,bui_osgpr_mt2_ms64,bui_osgpr_mt2_ms64,1,complete,runs/task1_2/online/bui_osgpr_mt2_ms64/seed1,runs/task1_2/online/bui_osgpr_mt2_ms64/seed1/result.json,runs/task1_2/online/bui_osgpr_mt2_ms64/seed1/predictions.npz,,True,0.5873674803570056,0.9273643343282868,0.9825,0.627145816604073,6.723474912345409,0.09850522689521313,58.843994140625,,,0.25390625,9,90,100,10,0.7288288050476653,0.141741793602705,9,,runs/task1_2/online/bui_osgpr_mt2_ms64/seed1/blocks.csv,,,,,,,,,,,,,
short,online,bui_osgpr_mt2_ms64,bui_osgpr_mt2_ms64,1,complete,runs/task1_2/online/bui_osgpr_mt2_ms64/seed1,runs/task1_2/online/bui_osgpr_mt2_ms64/seed1/result.json,runs/task1_2/online/bui_osgpr_mt2_ms64/seed1/predictions.npz,,True,0.7029801719052335,1.0677850541567522,0.9305,0.627145816604073,6.723474912345409,0.09341805055737495,58.843994140625,,,0.25390625,10,100,110,10,0.7288288050476653,0.14155406318604946,10,,runs/task1_2/online/bui_osgpr_mt2_ms64/seed1/blocks.csv,,,,,,,,,,,,,
short,online,bui_osgpr_mt2_ms64,bui_osgpr_mt2_ms64,1,complete,runs/task1_2/online/bui_osgpr_mt2_ms64/seed1,runs/task1_2/online/bui_osgpr_mt2_ms64/seed1/result.json,runs/task1_2/online/bui_osgpr_mt2_ms64/seed1/predictions.npz,,True,1.0733125383896673,1.6869767894267298,0.6945,0.627145816604073,6.723474912345409,0.0898373294621706,58.843994140625,,,0.25390625,11,110,120,10,0.7288288050476653,0.14498466812074184,11,,runs/task1_2/online/bui_osgpr_mt2_ms64/seed1/blocks.csv,,,,,,,,,,,,,
short,online,bui_osgpr_mt2_ms64,bui_osgpr_mt2_ms64,1,complete,runs/task1_2/online/bui_osgpr_mt2_ms64/seed1,runs/task1_2/online/bui_osgpr_mt2_ms64/seed1/result.json,runs/task1_2/online/bui_osgpr_mt2_ms64/seed1/predictions.npz,,True,1.0807947671379332,1.7021478961003214,0.6895,0.627145816604073,6.723474912345409,0.08853993937373161,58.843994140625,,,0.25390625,12,120,130,10,0.7288288050476652,0.14435620419681072,12,,runs/task1_2/online/bui_osgpr_mt2_ms64/seed1/blocks.csv,,,,,,,,,,,,,
short,online,bui_osgpr_mt2_ms64,bui_osgpr_mt2_ms64,1,complete,runs/task1_2/online/bui_osgpr_mt2_ms64/seed1,runs/task1_2/online/bui_osgpr_mt2_ms64/seed1/result.json,runs/task1_2/online/bui_osgpr_mt2_ms64/seed1/predictions.npz,,True,0.6528938942325573,1.0038620675408856,0.9435,0.627145816604073,6.723474912345409,0.08846336416900158,58.843994140625,,,0.25390625,13,130,140,10,0.728828805047661,0.14273113943636417,13,,runs/task1_2/online/bui_osgpr_mt2_ms64/seed1/blocks.csv,,,,,,,,,,,,,
short,online,bui_osgpr_mt2_ms64,bui_osgpr_mt2_ms64,1,complete,runs/task1_2/online/bui_osgpr_mt2_ms64/seed1,runs/task1_2/online/bui_osgpr_mt2_ms64/seed1/result.json,runs/task1_2/online/bui_osgpr_mt2_ms64/seed1/predictions.npz,,True,0.5631245879675526,0.901110846426835,0.9615,0.627145816604073,6.723474912345409,0.08862562105059624,58.843994140625,,,0.25390625,14,140,150,10,0.7288288050454319,0.14429829642176628,14,,runs/task1_2/online/bui_osgpr_mt2_ms64/seed1/blocks.csv,,,,,,,,,,,,,
short,online,bui_osgpr_mt2_ms64,bui_osgpr_mt2_ms64,1,complete,runs/task1_2/online/bui_osgpr_mt2_ms64/seed1,runs/task1_2/online/bui_osgpr_mt2_ms64/seed1/result.json,runs/task1_2/online/bui_osgpr_mt2_ms64/seed1/predictions.npz,,True,0.8143521872855602,1.2268504611463504,0.877,0.627145816604073,6.723474912345409,0.08936376124620438,58.843994140625,,,0.25390625,15,150,160,10,0.7288287532256104,0.14402605406939983,15,,runs/task1_2/online/bui_osgpr_mt2_ms64/seed1/blocks.csv,,,,,,,,,,,,,
short,online,bui_osgpr_mt2_ms64,bui_osgpr_mt2_ms64,1,complete,runs/task1_2/online/bui_osgpr_mt2_ms64/seed1,runs/task1_2/online/bui_osgpr_mt2_ms64/seed1/result.json,runs/task1_2/online/bui_osgpr_mt2_ms64/seed1/predictions.npz,,True,0.6586913214449703,1.0109696284537588,0.9575,0.627145816604073,6.723474912345409,0.08923270180821419,58.843994140625,,,0.25390625,16,160,170,10,0.728729372954211,0.1475642416626215,16,,runs/task1_2/online/bui_osgpr_mt2_ms64/seed1/blocks.csv,,,,,,,,,,,,,
short,online,bui_osgpr_mt2_ms64,bui_osgpr_mt2_ms64,1,complete,runs/task1_2/online/bui_osgpr_mt2_ms64/seed1,runs/task1_2/online/bui_osgpr_mt2_ms64/seed1/result.json,runs/task1_2/online/bui_osgpr_mt2_ms64/seed1/predictions.npz,,True,0.5448278835594829,0.8694100791606868,0.974,0.627145816604073,6.723474912345409,0.08837202750146389,58.843994140625,,,0.25390625,17,170,180,10,0.7111507391357806,0.1427859254181385,17,,runs/task1_2/online/bui_osgpr_mt2_ms64/seed1/blocks.csv,,,,,,,,,,,,,
short,online,bui_osgpr_mt2_ms64,bui_osgpr_mt2_ms64,1,complete,runs/task1_2/online/bui_osgpr_mt2_ms64/seed1,runs/task1_2/online/bui_osgpr_mt2_ms64/seed1/result.json,runs/task1_2/online/bui_osgpr_mt2_ms64/seed1/predictions.npz,,True,0.2756892215989877,1.1203096435450663,0.8766666666666667,0.627145816604073,6.723474912345409,0.08894488215446472,58.843994140625,,,0.25390625,18,180,186,6,0.407444243212981,0.1423699762672186,18,,runs/task1_2/online/bui_osgpr_mt2_ms64/seed1/blocks.csv,,,,,,,,,,,,,
short,online,bui_osgpr_mt2_ms64,bui_osgpr_mt2_ms64,2,complete,runs/task1_2/online/bui_osgpr_mt2_ms64/seed2,runs/task1_2/online/bui_osgpr_mt2_ms64/seed2/result.json,runs/task1_2/online/bui_osgpr_mt2_ms64/seed2/predictions.npz,,True,0.47923269868045665,0.8006551251144258,0.9945,0.6307335134277987,6.7829581797122955,0.0696931891143322,58.843994140625,,,0.25390625,0,0,10,10,0.7053084774395934,1.8986024260520935,0,,runs/task1_2/online/bui_osgpr_mt2_ms64/seed2/blocks.csv,,,,,,,,,,,,,
short,online,bui_osgpr_mt2_ms64,bui_osgpr_mt2_ms64,2,complete,runs/task1_2/online/bui_osgpr_mt2_ms64/seed2,runs/task1_2/online/bui_osgpr_mt2_ms64/seed2/result.json,runs/task1_2/online/bui_osgpr_mt2_ms64/seed2/predictions.npz,,True,0.36753814778275934,0.7055925268987211,0.996,0.6307335134277987,6.7829581797122955,0.09085046499967575,58.843994140625,,,0.25390625,1,10,20,10,0.7053084774395934,0.16743291728198528,1,,runs/task1_2/online/bui_osgpr_mt2_ms64/seed2/blocks.csv,,,,,,,,,,,,,
short,online,bui_osgpr_mt2_ms64,bui_osgpr_mt2_ms64,2,complete,runs/task1_2/online/bui_osgpr_mt2_ms64/seed2,runs/task1_2/online/bui_osgpr_mt2_ms64/seed2/result.json,runs/task1_2/online/bui_osgpr_mt2_ms64/seed2/predictions.npz,,True,0.3835728801372766,0.7176978852498253,0.993,0.6307335134277987,6.7829581797122955,0.09067951701581478,58.843994140625,,,0.25390625,2,20,30,10,0.7053084774395934,0.1448074672371149,2,,runs/task1_2/online/bui_osgpr_mt2_ms64/seed2/blocks.csv,,,,,,,,,,,,,
short,online,bui_osgpr_mt2_ms64,bui_osgpr_mt2_ms64,2,complete,runs/task1_2/online/bui_osgpr_mt2_ms64/seed2,runs/task1_2/online/bui_osgpr_mt2_ms64/seed2/result.json,runs/task1_2/online/bui_osgpr_mt2_ms64/seed2/predictions.npz,,True,0.36268682513573647,0.7020318822195107,0.9945,0.6307335134277987,6.7829581797122955,0.08983911387622356,58.843994140625,,,0.25390625,3,30,40,10,0.7053084774395934,0.14597506076097488,3,,runs/task1_2/online/bui_osgpr_mt2_ms64/seed2/blocks.csv,,,,,,,,,,,,,
short,online,bui_osgpr_mt2_ms64,bui_osgpr_mt2_ms64,2,complete,runs/task1_2/online/bui_osgpr_mt2_ms64/seed2,runs/task1_2/online/bui_osgpr_mt2_ms64/seed2/result.json,runs/task1_2/online/bui_osgpr_mt2_ms64/seed2/predictions.npz,,True,0.5249462248042975,0.8467940659240036,0.9805,0.6307335134277987,6.7829581797122955,0.09293392300605774,58.843994140625,,,0.25390625,4,40,50,10,0.7053084774395934,0.1448016371577978,4,,runs/task1_2/online/bui_osgpr_mt2_ms64/seed2/blocks.csv,,,,,,,,,,,,,
short,online,bui_osgpr_mt2_ms64,bui_osgpr_mt2_ms64,2,complete,runs/task1_2/online/bui_osgpr_mt2_ms64/seed2,runs/task1_2/online/bui_osgpr_mt2_ms64/seed2/result.json,runs/task1_2/online/bui_osgpr_mt2_ms64/seed2/predictions.npz,,True,0.599842374734206,0.9314665294416458,0.9435,0.6307335134277987,6.7829581797122955,0.09360889159142971,58.843994140625,,,0.25390625,5,50,60,10,0.7053084774395934,0.1435726247727871,5,,runs/task1_2/online/bui_osgpr_mt2_ms64/seed2/blocks.csv,,,,,,,,,,,,,
short,online,bui_osgpr_mt2_ms64,bui_osgpr_mt2_ms64,2,complete,runs/task1_2/online/bui_osgpr_mt2_ms64/seed2,runs/task1_2/online/bui_osgpr_mt2_ms64/seed2/result.json,runs/task1_2/online/bui_osgpr_mt2_ms64/seed2/predictions.npz,,True,0.520154361156007,0.841760516472847,0.987,0.6307335134277987,6.7829581797122955,0.1075611487030983,58.843994140625,,,0.25390625,6,60,70,10,0.7053084774395934,0.14756250008940697,6,,runs/task1_2/online/bui_osgpr_mt2_ms64/seed2/blocks.csv,,,,,,,,,,,,,
short,online,bui_osgpr_mt2_ms64,bui_osgpr_mt2_ms64,2,complete,runs/task1_2/online/bui_osgpr_mt2_ms64/seed2,runs/task1_2/online/bui_osgpr_mt2_ms64/seed2/result.json,runs/task1_2/online/bui_osgpr_mt2_ms64/seed2/predictions.npz,,True,0.5381360807751018,0.8608875620170702,0.949,0.6307335134277987,6.7829581797122955,0.09565997309982777,58.843994140625,,,0.25390625,7,70,80,10,0.7053084774395934,0.14745809696614742,7,,runs/task1_2/online/bui_osgpr_mt2_ms64/seed2/blocks.csv,,,,,,,,,,,,,
short,online,bui_osgpr_mt2_ms64,bui_osgpr_mt2_ms64,2,complete,runs/task1_2/online/bui_osgpr_mt2_ms64/seed2,runs/task1_2/online/bui_osgpr_mt2_ms64/seed2/result.json,runs/task1_2/online/bui_osgpr_mt2_ms64/seed2/predictions.npz,,True,0.46036229571205756,0.7828340596538401,0.989,0.6307335134277987,6.7829581797122955,0.09266642481088638,58.843994140625,,,0.25390625,8,80,90,10,0.7053084774395934,0.14360478520393372,8,,runs/task1_2/online/bui_osgpr_mt2_ms64/seed2/blocks.csv,,,,,,,,,,,,,
short,online,bui_osgpr_mt2_ms64,bui_osgpr_mt2_ms64,2,complete,runs/task1_2/online/bui_osgpr_mt2_ms64/seed2,runs/task1_2/online/bui_osgpr_mt2_ms64/seed2/result.json,runs/task1_2/online/bui_osgpr_mt2_ms64/seed2/predictions.npz,,True,0.5864474059547482,0.9154950814545328,0.9745,0.6307335134277987,6.7829581797122955,0.08976715989410877,58.843994140625,,,0.25390625,9,90,100,10,0.7053084774395934,0.14672857895493507,9,,runs/task1_2/online/bui_osgpr_mt2_ms64/seed2/blocks.csv,,,,,,,,,,,,,
short,online,bui_osgpr_mt2_ms64,bui_osgpr_mt2_ms64,2,complete,runs/task1_2/online/bui_osgpr_mt2_ms64/seed2,runs/task1_2/online/bui_osgpr_mt2_ms64/seed2/result.json,runs/task1_2/online/bui_osgpr_mt2_ms64/seed2/predictions.npz,,True,0.7067144033787698,1.0718138536940178,0.913,0.6307335134277987,6.7829581797122955,0.09402657486498356,58.843994140625,,,0.25390625,10,100,110,10,0.7053084774395934,0.1505839042365551,10,,runs/task1_2/online/bui_osgpr_mt2_ms64/seed2/blocks.csv,,,,,,,,,,,,,
short,online,bui_osgpr_mt2_ms64,bui_osgpr_mt2_ms64,2,complete,runs/task1_2/online/bui_osgpr_mt2_ms64/seed2,runs/task1_2/online/bui_osgpr_mt2_ms64/seed2/result.json,runs/task1_2/online/bui_osgpr_mt2_ms64/seed2/predictions.npz,,True,1.0867110459632205,1.7567891112432508,0.6695,0.6307335134277987,6.7829581797122955,0.09018431231379509,58.843994140625,,,0.25390625,11,110,120,10,0.7053084774395934,0.1465671882033348,11,,runs/task1_2/online/bui_osgpr_mt2_ms64/seed2/blocks.csv,,,,,,,,,,,,,
short,online,bui_osgpr_mt2_ms64,bui_osgpr_mt2_ms64,2,complete,runs/task1_2/online/bui_osgpr_mt2_ms64/seed2,runs/task1_2/online/bui_osgpr_mt2_ms64/seed2/result.json,runs/task1_2/online/bui_osgpr_mt2_ms64/seed2/predictions.npz,,True,1.0596120335223707,1.6983289032062465,0.6715,0.6307335134277987,6.7829581797122955,0.12734166532754898,58.843994140625,,,0.25390625,12,120,130,10,0.7053084774395934,0.17259233258664608,12,,runs/task1_2/online/bui_osgpr_mt2_ms64/seed2/blocks.csv,,,,,,,,,,,,,
short,online,bui_osgpr_mt2_ms64,bui_osgpr_mt2_ms64,2,complete,runs/task1_2/online/bui_osgpr_mt2_ms64/seed2,runs/task1_2/online/bui_osgpr_mt2_ms64/seed2/result.json,runs/task1_2/online/bui_osgpr_mt2_ms64/seed2/predictions.npz,,True,0.6535260736818943,0.9990955326939905,0.9375,0.6307335134277987,6.7829581797122955,0.08970688469707966,58.843994140625,,,0.25390625,13,130,140,10,0.7053084774395872,0.15844043903052807,13,,runs/task1_2/online/bui_osgpr_mt2_ms64/seed2/blocks.csv,,,,,,,,,,,,,
short,online,bui_osgpr_mt2_ms64,bui_osgpr_mt2_ms64,2,complete,runs/task1_2/online/bui_osgpr_mt2_ms64/seed2,runs/task1_2/online/bui_osgpr_mt2_ms64/seed2/result.json,runs/task1_2/online/bui_osgpr_mt2_ms64/seed2/predictions.npz,,True,0.5859462047491206,0.9149044761453821,0.948,0.6307335134277987,6.7829581797122955,0.09675179421901703,58.843994140625,,,0.25390625,14,140,150,10,0.7053084774364433,0.15017619915306568,14,,runs/task1_2/online/bui_osgpr_mt2_ms64/seed2/blocks.csv,,,,,,,,,,,,,
short,online,bui_osgpr_mt2_ms64,bui_osgpr_mt2_ms64,2,complete,runs/task1_2/online/bui_osgpr_mt2_ms64/seed2,runs/task1_2/online/bui_osgpr_mt2_ms64/seed2/result.json,runs/task1_2/online/bui_osgpr_mt2_ms64/seed2/predictions.npz,,True,0.8069380234168243,1.2242921518005363,0.869,0.6307335134277987,6.7829581797122955,0.0939441230148077,58.843994140625,,,0.25390625,15,150,160,10,0.70530840851932,0.14752697758376598,15,,runs/task1_2/online/bui_osgpr_mt2_ms64/seed2/blocks.csv,,,,,,,,,,,,,
short,online,bui_osgpr_mt2_ms64,bui_osgpr_mt2_ms64,2,complete,runs/task1_2/online/bui_osgpr_mt2_ms64/seed2,runs/task1_2/online/bui_osgpr_mt2_ms64/seed2/result.json,runs/task1_2/online/bui_osgpr_mt2_ms64/seed2/predictions.npz,,True,0.6679558311621565,1.0182125436807585,0.9365,0.6307335134277987,6.7829581797122955,0.09441478550434113,58.843994140625,,,0.25390625,16,160,170,10,0.7051977656447307,0.1440871525555849,16,,runs/task1_2/online/bui_osgpr_mt2_ms64/seed2/blocks.csv,,,,,,,,,,,,,
short,online,bui_osgpr_mt2_ms64,bui_osgpr_mt2_ms64,2,complete,runs/task1_2/online/bui_osgpr_mt2_ms64/seed2,runs/task1_2/online/bui_osgpr_mt2_ms64/seed2/result.json,runs/task1_2/online/bui_osgpr_mt2_ms64/seed2/predictions.npz,,True,0.5366539285488305,0.8476035316401124,0.974,0.6307335134277987,6.7829581797122955,0.08947383612394333,58.843994140625,,,0.25390625,17,170,180,10,0.6873073649197313,0.14737067185342312,17,,runs/task1_2/online/bui_osgpr_mt2_ms64/seed2/blocks.csv,,,,,,,,,,,,,
short,online,bui_osgpr_mt2_ms64,bui_osgpr_mt2_ms64,2,complete,runs/task1_2/online/bui_osgpr_mt2_ms64/seed2,runs/task1_2/online/bui_osgpr_mt2_ms64/seed2/result.json,runs/task1_2/online/bui_osgpr_mt2_ms64/seed2/predictions.npz,,True,0.27638607594578546,1.3508409874029856,0.8658333333333333,0.6307335134277987,6.7829581797122955,0.09403695538640022,58.843994140625,,,0.25390625,18,180,186,6,0.3925251855577128,0.14888706803321838,18,,runs/task1_2/online/bui_osgpr_mt2_ms64/seed2/blocks.csv,,,,,,,,,,,,,
short,online,bui_osgpr_mt2_ms64,bui_osgpr_mt2_ms64,3,complete,runs/task1_2/online/bui_osgpr_mt2_ms64/seed3,runs/task1_2/online/bui_osgpr_mt2_ms64/seed3/result.json,runs/task1_2/online/bui_osgpr_mt2_ms64/seed3/predictions.npz,,True,0.5308863243889472,0.8207467609249034,0.9795,0.6268802098671533,6.631210891529918,0.07093592546880245,58.843994140625,,,0.25390625,0,0,10,10,0.6481417473273184,1.9157722443342209,0,,runs/task1_2/online/bui_osgpr_mt2_ms64/seed3/blocks.csv,,,,,,,,,,,,,
short,online,bui_osgpr_mt2_ms64,bui_osgpr_mt2_ms64,3,complete,runs/task1_2/online/bui_osgpr_mt2_ms64/seed3,runs/task1_2/online/bui_osgpr_mt2_ms64/seed3/result.json,runs/task1_2/online/bui_osgpr_mt2_ms64/seed3/predictions.npz,,True,0.3977179533155212,0.6735623613532726,0.99,0.6268802098671533,6.631210891529918,0.08955365978181362,58.843994140625,,,0.25390625,1,10,20,10,0.6481417473273184,0.1696038842201233,1,,runs/task1_2/online/bui_osgpr_mt2_ms64/seed3/blocks.csv,,,,,,,,,,,,,
short,online,bui_osgpr_mt2_ms64,bui_osgpr_mt2_ms64,3,complete,runs/task1_2/online/bui_osgpr_mt2_ms64/seed3,runs/task1_2/online/bui_osgpr_mt2_ms64/seed3/result.json,runs/task1_2/online/bui_osgpr_mt2_ms64/seed3/predictions.npz,,True,0.36049695469754295,0.6399723343318432,0.999,0.6268802098671533,6.631210891529918,0.0935942493379116,58.843994140625,,,0.25390625,2,20,30,10,0.6481417473273184,0.14721620082855225,2,,runs/task1_2/online/bui_osgpr_mt2_ms64/seed3/blocks.csv,,,,,,,,,,,,,
short,online,bui_osgpr_mt2_ms64,bui_osgpr_mt2_ms64,3,complete,runs/task1_2/online/bui_osgpr_mt2_ms64/seed3,runs/task1_2/online/bui_osgpr_mt2_ms64/seed3/result.json,runs/task1_2/online/bui_osgpr_mt2_ms64/seed3/predictions.npz,,True,0.3525442725950186,0.6332230414172905,0.993,0.6268802098671533,6.631210891529918,0.09395025111734867,58.843994140625,,,0.25390625,3,30,40,10,0.6481417473273184,0.1407228708267212,3,,runs/task1_2/online/bui_osgpr_mt2_ms64/seed3/blocks.csv,,,,,,,,,,,,,
short,online,bui_osgpr_mt2_ms64,bui_osgpr_mt2_ms64,3,complete,runs/task1_2/online/bui_osgpr_mt2_ms64/seed3,runs/task1_2/online/bui_osgpr_mt2_ms64/seed3/result.json,runs/task1_2/online/bui_osgpr_mt2_ms64/seed3/predictions.npz,,True,0.5111699439375123,0.7962928473330506,0.9675,0.6268802098671533,6.631210891529918,0.08890010416507721,58.843994140625,,,0.25390625,4,40,50,10,0.6481417473273184,0.14614336006343365,4,,runs/task1_2/online/bui_osgpr_mt2_ms64/seed3/blocks.csv,,,,,,,,,,,,,
short,online,bui_osgpr_mt2_ms64,bui_osgpr_mt2_ms64,3,complete,runs/task1_2/online/bui_osgpr_mt2_ms64/seed3,runs/task1_2/online/bui_osgpr_mt2_ms64/seed3/result.json,runs/task1_2/online/bui_osgpr_mt2_ms64/seed3/predictions.npz,,True,0.6242025454018014,0.9490396411301042,0.9055,0.6268802098671533,6.631210891529918,0.09302866831421852,58.843994140625,,,0.25390625,5,50,60,10,0.6481417473273184,0.14415288716554642,5,,runs/task1_2/online/bui_osgpr_mt2_ms64/seed3/blocks.csv,,,,,,,,,,,,,
short,online,bui_osgpr_mt2_ms64,bui_osgpr_mt2_ms64,3,complete,runs/task1_2/online/bui_osgpr_mt2_ms64/seed3,runs/task1_2/online/bui_osgpr_mt2_ms64/seed3/result.json,runs/task1_2/online/bui_osgpr_mt2_ms64/seed3/predictions.npz,,True,0.514208668781841,0.8000014101910455,0.977,0.6268802098671533,6.631210891529918,0.08864955976605415,58.843994140625,,,0.25390625,6,60,70,10,0.6481417473273184,0.14646054804325104,6,,runs/task1_2/online/bui_osgpr_mt2_ms64/seed3/blocks.csv,,,,,,,,,,,,,
short,online,bui_osgpr_mt2_ms64,bui_osgpr_mt2_ms64,3,complete,runs/task1_2/online/bui_osgpr_mt2_ms64/seed3,runs/task1_2/online/bui_osgpr_mt2_ms64/seed3/result.json,runs/task1_2/online/bui_osgpr_mt2_ms64/seed3/predictions.npz,,True,0.49516599353520985,0.7771238149058235,0.9545,0.6268802098671533,6.631210891529918,0.08964022807776928,58.843994140625,,,0.25390625,7,70,80,10,0.6481417473273184,0.14525832049548626,7,,runs/task1_2/online/bui_osgpr_mt2_ms64/seed3/blocks.csv,,,,,,,,,,,,,
short,online,bui_osgpr_mt2_ms64,bui_osgpr_mt2_ms64,3,complete,runs/task1_2/online/bui_osgpr_mt2_ms64/seed3,runs/task1_2/online/bui_osgpr_mt2_ms64/seed3/result.json,runs/task1_2/online/bui_osgpr_mt2_ms64/seed3/predictions.npz,,True,0.4209070053859737,0.6961566145063349,0.9785,0.6268802098671533,6.631210891529918,0.08850250020623207,58.843994140625,,,0.25390625,8,80,90,10,0.6481417473273184,0.1439456157386303,8,,runs/task1_2/online/bui_osgpr_mt2_ms64/seed3/blocks.csv,,,,,,,,,,,,,
short,online,bui_osgpr_mt2_ms64,bui_osgpr_mt2_ms64,3,complete,runs/task1_2/online/bui_osgpr_mt2_ms64/seed3,runs/task1_2/online/bui_osgpr_mt2_ms64/seed3/result.json,runs/task1_2/online/bui_osgpr_mt2_ms64/seed3/predictions.npz,,True,0.5940767513147759,0.9053563470445345,0.951,0.6268802098671533,6.631210891529918,0.08862326480448246,58.843994140625,,,0.25390625,9,90,100,10,0.6481417473273184,0.14327023550868034,9,,runs/task1_2/online/bui_osgpr_mt2_ms64/seed3/blocks.csv,,,,,,,,,,,,,
short,online,bui_osgpr_mt2_ms64,bui_osgpr_mt2_ms64,3,complete,runs/task1_2/online/bui_osgpr_mt2_ms64/seed3,runs/task1_2/online/bui_osgpr_mt2_ms64/seed3/result.json,runs/task1_2/online/bui_osgpr_mt2_ms64/seed3/predictions.npz,,True,0.7046085585309109,1.0762087974812025,0.885,0.6268802098671533,6.631210891529918,0.09294598549604416,58.843994140625,,,0.25390625,10,100,110,10,0.6481417473273184,0.14481721445918083,10,,runs/task1_2/online/bui_osgpr_mt2_ms64/seed3/blocks.csv,,,,,,,,,,,,,
short,online,bui_osgpr_mt2_ms64,bui_osgpr_mt2_ms64,3,complete,runs/task1_2/online/bui_osgpr_mt2_ms64/seed3,runs/task1_2/online/bui_osgpr_mt2_ms64/seed3/result.json,runs/task1_2/online/bui_osgpr_mt2_ms64/seed3/predictions.npz,,True,1.0584194233300668,1.818647124474643,0.6235,0.6268802098671533,6.631210891529918,0.08866031281650066,58.843994140625,,,0.25390625,11,110,120,10,0.6481417473273184,0.14637934230268002,11,,runs/task1_2/online/bui_osgpr_mt2_ms64/seed3/blocks.csv,,,,,,,,,,,,,
short,online,bui_osgpr_mt2_ms64,bui_osgpr_mt2_ms64,3,complete,runs/task1_2/online/bui_osgpr_mt2_ms64/seed3,runs/task1_2/online/bui_osgpr_mt2_ms64/seed3/result.json,runs/task1_2/online/bui_osgpr_mt2_ms64/seed3/predictions.npz,,True,1.0733349097734126,1.856491782854112,0.556,0.6268802098671533,6.631210891529918,0.0883670449256897,58.843994140625,,,0.25390625,12,120,130,10,0.6481417473273184,0.14578728005290031,12,,runs/task1_2/online/bui_osgpr_mt2_ms64/seed3/blocks.csv,,,,,,,,,,,,,
short,online,bui_osgpr_mt2_ms64,bui_osgpr_mt2_ms64,3,complete,runs/task1_2/online/bui_osgpr_mt2_ms64/seed3,runs/task1_2/online/bui_osgpr_mt2_ms64/seed3/result.json,runs/task1_2/online/bui_osgpr_mt2_ms64/seed3/predictions.npz,,True,0.6699812543048176,1.0195559404175416,0.894,0.6268802098671533,6.631210891529918,0.08849438652396202,58.843994140625,,,0.25390625,13,130,140,10,0.6481417473273074,0.1451042965054512,13,,runs/task1_2/online/bui_osgpr_mt2_ms64/seed3/blocks.csv,,,,,,,,,,,,,
short,online,bui_osgpr_mt2_ms64,bui_osgpr_mt2_ms64,3,complete,runs/task1_2/online/bui_osgpr_mt2_ms64/seed3,runs/task1_2/online/bui_osgpr_mt2_ms64/seed3/result.json,runs/task1_2/online/bui_osgpr_mt2_ms64/seed3/predictions.npz,,True,0.5741552889705269,0.8776563105585606,0.9275,0.6268802098671533,6.631210891529918,0.0882118009030819,58.843994140625,,,0.25390625,14,140,150,10,0.6481417473221082,0.1491561233997345,14,,runs/task1_2/online/bui_osgpr_mt2_ms64/seed3/blocks.csv,,,,,,,,,,,,,
short,online,bui_osgpr_mt2_ms64,bui_osgpr_mt2_ms64,3,complete,runs/task1_2/online/bui_osgpr_mt2_ms64/seed3,runs/task1_2/online/bui_osgpr_mt2_ms64/seed3/result.json,runs/task1_2/online/bui_osgpr_mt2_ms64/seed3/predictions.npz,,True,0.7715814878307254,1.193880385988093,0.8355,0.6268802098671533,6.631210891529918,0.08841603063046932,58.843994140625,,,0.25390625,15,150,160,10,0.6481416516678021,0.14507103525102139,15,,runs/task1_2/online/bui_osgpr_mt2_ms64/seed3/blocks.csv,,,,,,,,,,,,,
short,online,bui_osgpr_mt2_ms64,bui_osgpr_mt2_ms64,3,complete,runs/task1_2/online/bui_osgpr_mt2_ms64/seed3,runs/task1_2/online/bui_osgpr_mt2_ms64/seed3/result.json,runs/task1_2/online/bui_osgpr_mt2_ms64/seed3/predictions.npz,,True,0.6470855284100729,0.9836258087170938,0.902,0.6268802098671533,6.631210891529918,0.08777252025902271,58.843994140625,,,0.25390625,16,160,170,10,0.6480163223889985,0.14437945187091827,16,,runs/task1_2/online/bui_osgpr_mt2_ms64/seed3/blocks.csv,,,,,,,,,,,,,
short,online,bui_osgpr_mt2_ms64,bui_osgpr_mt2_ms64,3,complete,runs/task1_2/online/bui_osgpr_mt2_ms64/seed3,runs/task1_2/online/bui_osgpr_mt2_ms64/seed3/result.json,runs/task1_2/online/bui_osgpr_mt2_ms64/seed3/predictions.npz,,True,0.564641990532122,0.8559330777740618,0.9465,0.6268802098671533,6.631210891529918,0.09337135218083858,58.843994140625,,,0.25390625,17,170,180,10,0.6304118829447637,0.14453128539025784,17,,runs/task1_2/online/bui_osgpr_mt2_ms64/seed3/blocks.csv,,,,,,,,,,,,,
short,online,bui_osgpr_mt2_ms64,bui_osgpr_mt2_ms64,3,complete,runs/task1_2/online/bui_osgpr_mt2_ms64/seed3,runs/task1_2/online/bui_osgpr_mt2_ms64/seed3/result.json,runs/task1_2/online/bui_osgpr_mt2_ms64/seed3/predictions.npz,,True,0.27186627735811864,0.772390618426573,0.8775,0.6268802098671533,6.631210891529918,0.0873910803347826,58.843994140625,,,0.25390625,18,180,186,6,0.3640592092108336,0.14316918700933456,18,,runs/task1_2/online/bui_osgpr_mt2_ms64/seed3/blocks.csv,,,,,,,,,,,,,
short,online,bui_osgpr_mt2_ms64,bui_osgpr_mt2_ms64,4,complete,runs/task1_2/online/bui_osgpr_mt2_ms64/seed4,runs/task1_2/online/bui_osgpr_mt2_ms64/seed4/result.json,runs/task1_2/online/bui_osgpr_mt2_ms64/seed4/predictions.npz,,True,0.5547319016561897,0.8722584290113635,0.977,0.6555843938461939,6.640771688893437,0.0737247709184885,58.843994140625,,,0.25390625,0,0,10,10,0.6923470029156865,1.9194520004093647,0,,runs/task1_2/online/bui_osgpr_mt2_ms64/seed4/blocks.csv,,,,,,,,,,,,,
short,online,bui_osgpr_mt2_ms64,bui_osgpr_mt2_ms64,4,complete,runs/task1_2/online/bui_osgpr_mt2_ms64/seed4,runs/task1_2/online/bui_osgpr_mt2_ms64/seed4/result.json,runs/task1_2/online/bui_osgpr_mt2_ms64/seed4/predictions.npz,,True,0.3933886561947959,0.7126937645597414,0.996,0.6555843938461939,6.640771688893437,0.09015326015651226,58.843994140625,,,0.25390625,1,10,20,10,0.6923470029156865,0.16970740258693695,1,,runs/task1_2/online/bui_osgpr_mt2_ms64/seed4/blocks.csv,,,,,,,,,,,,,
short,online,bui_osgpr_mt2_ms64,bui_osgpr_mt2_ms64,4,complete,runs/task1_2/online/bui_osgpr_mt2_ms64/seed4,runs/task1_2/online/bui_osgpr_mt2_ms64/seed4/result.json,runs/task1_2/online/bui_osgpr_mt2_ms64/seed4/predictions.npz,,True,0.39317580074979813,0.712519125472348,0.9925,0.6555843938461939,6.640771688893437,0.08902265504002571,58.843994140625,,,0.25390625,2,20,30,10,0.6923470029156865,0.14897770807147026,2,,runs/task1_2/online/bui_osgpr_mt2_ms64/seed4/blocks.csv,,,,,,,,,,,,,
short,online,bui_osgpr_mt2_ms64,bui_osgpr_mt2_ms64,4,complete,runs/task1_2/online/bui_osgpr_mt2_ms64/seed4,runs/task1_2/online/bui_osgpr_mt2_ms64/seed4/result.json,runs/task1_2/online/bui_osgpr_mt2_ms64/seed4/predictions.npz,,True,0.37052717733975343,0.6944769598163651,0.9905,0.6555843938461939,6.640771688893437,0.09492285549640656,58.843994140625,,,0.25390625,3,30,40,10,0.6923470029156865,0.1496252939105034,3,,runs/task1_2/online/bui_osgpr_mt2_ms64/seed4/blocks.csv,,,,,,,,,,,,,
short,online,bui_osgpr_mt2_ms64,bui_osgpr_mt2_ms64,4,complete,runs/task1_2/online/bui_osgpr_mt2_ms64/seed4,runs/task1_2/online/bui_osgpr_mt2_ms64/seed4/result.json,runs/task1_2/online/bui_osgpr_mt2_ms64/seed4/predictions.npz,,True,0.5539500231565476,0.87135422046133,0.97,0.6555843938461939,6.640771688893437,0.09586064517498016,58.843994140625,,,0.25390625,4,40,50,10,0.6923470029156865,0.14233218133449554,4,,runs/task1_2/online/bui_osgpr_mt2_ms64/seed4/blocks.csv,,,,,,,,,,,,,
short,online,bui_osgpr_mt2_ms64,bui_osgpr_mt2_ms64,4,complete,runs/task1_2/online/bui_osgpr_mt2_ms64/seed4,runs/task1_2/online/bui_osgpr_mt2_ms64/seed4/result.json,runs/task1_2/online/bui_osgpr_mt2_ms64/seed4/predictions.npz,,True,0.5741378736407077,0.8951092399239642,0.9535,0.6555843938461939,6.640771688893437,0.08932609856128693,58.843994140625,,,0.25390625,5,50,60,10,0.6923470029156865,0.1479560937732458,5,,runs/task1_2/online/bui_osgpr_mt2_ms64/seed4/blocks.csv,,,,,,,,,,,,,
short,online,bui_osgpr_mt2_ms64,bui_osgpr_mt2_ms64,4,complete,runs/task1_2/online/bui_osgpr_mt2_ms64/seed4,runs/task1_2/online/bui_osgpr_mt2_ms64/seed4/result.json,runs/task1_2/online/bui_osgpr_mt2_ms64/seed4/predictions.npz,,True,0.4893396057163434,0.8010421626723757,0.9925,0.6555843938461939,6.640771688893437,0.0912083089351654,58.843994140625,,,0.25390625,6,60,70,10,0.6923470029156865,0.15095083229243755,6,,runs/task1_2/online/bui_osgpr_mt2_ms64/seed4/blocks.csv,,,,,,,,,,,,,
short,online,bui_osgpr_mt2_ms64,bui_osgpr_mt2_ms64,4,complete,runs/task1_2/online/bui_osgpr_mt2_ms64/seed4,runs/task1_2/online/bui_osgpr_mt2_ms64/seed4/result.json,runs/task1_2/online/bui_osgpr_mt2_ms64/seed4/predictions.npz,,True,0.5417450082832795,0.8574049859193241,0.95,0.6555843938461939,6.640771688893437,0.08868882805109024,58.843994140625,,,0.25390625,7,70,80,10,0.6923470029156865,0.14374171197414398,7,,runs/task1_2/online/bui_osgpr_mt2_ms64/seed4/blocks.csv,,,,,,,,,,,,,
short,online,bui_osgpr_mt2_ms64,bui_osgpr_mt2_ms64,4,complete,runs/task1_2/online/bui_osgpr_mt2_ms64/seed4,runs/task1_2/online/bui_osgpr_mt2_ms64/seed4/result.json,runs/task1_2/online/bui_osgpr_mt2_ms64/seed4/predictions.npz,,True,0.49225379905926453,0.8040259809146275,0.971,0.6555843938461939,6.640771688893437,0.0900238361209631,58.843994140625,,,0.25390625,8,80,90,10,0.6923470029156865,0.14129937067627907,8,,runs/task1_2/online/bui_osgpr_mt2_ms64/seed4/blocks.csv,,,,,,,,,,,,,
short,online,bui_osgpr_mt2_ms64,bui_osgpr_mt2_ms64,4,complete,runs/task1_2/online/bui_osgpr_mt2_ms64/seed4,runs/task1_2/online/bui_osgpr_mt2_ms64/seed4/result.json,runs/task1_2/online/bui_osgpr_mt2_ms64/seed4/predictions.npz,,True,0.610520428223193,0.9400674138451391,0.958,0.6555843938461939,6.640771688893437,0.0883857924491167,58.843994140625,,,0.25390625,9,90,100,10,0.6923470029156865,0.1424805149435997,9,,runs/task1_2/online/bui_osgpr_mt2_ms64/seed4/blocks.csv,,,,,,,,,,,,,
short,online,bui_osgpr_mt2_ms64,bui_osgpr_mt2_ms64,4,complete,runs/task1_2/online/bui_osgpr_mt2_ms64/seed4,runs/task1_2/online/bui_osgpr_mt2_ms64/seed4/result.json,runs/task1_2/online/bui_osgpr_mt2_ms64/seed4/predictions.npz,,True,0.7529174385054206,1.142583065522545,0.882,0.6555843938461939,6.640771688893437,0.0878466796129942,58.843994140625,,,0.25390625,10,100,110,10,0.6923470029156865,0.14319099485874176,10,,runs/task1_2/online/bui_osgpr_mt2_ms64/seed4/blocks.csv,,,,,,,,,,,,,
short,online,bui_osgpr_mt2_ms64,bui_osgpr_mt2_ms64,4,complete,runs/task1_2/online/bui_osgpr_mt2_ms64/seed4,runs/task1_2/online/bui_osgpr_mt2_ms64/seed4/result.json,runs/task1_2/online/bui_osgpr_mt2_ms64/seed4/predictions.npz,,True,1.1612366344271343,1.957848558200879,0.5935,0.6555843938461939,6.640771688893437,0.08875342458486557,58.843994140625,,,0.25390625,11,110,120,10,0.6923470029156865,0.14220852218568325,11,,runs/task1_2/online/bui_osgpr_mt2_ms64/seed4/blocks.csv,,,,,,,,,,,,,
short,online,bui_osgpr_mt2_ms64,bui_osgpr_mt2_ms64,4,complete,runs/task1_2/online/bui_osgpr_mt2_ms64/seed4,runs/task1_2/online/bui_osgpr_mt2_ms64/seed4/result.json,runs/task1_2/online/bui_osgpr_mt2_ms64/seed4/predictions.npz,,True,1.081451113021276,1.7712040270806833,0.6375,0.6555843938461939,6.640771688893437,0.08957805670797825,58.843994140625,,,0.25390625,12,120,130,10,0.6923470029156865,0.14167790487408638,12,,runs/task1_2/online/bui_osgpr_mt2_ms64/seed4/blocks.csv,,,,,,,,,,,,,
short,online,bui_osgpr_mt2_ms64,bui_osgpr_mt2_ms64,4,complete,runs/task1_2/online/bui_osgpr_mt2_ms64/seed4,runs/task1_2/online/bui_osgpr_mt2_ms64/seed4/result.json,runs/task1_2/online/bui_osgpr_mt2_ms64/seed4/predictions.npz,,True,0.686678822358465,1.043117139133024,0.9135,0.6555843938461939,6.640771688893437,0.08821933716535568,58.843994140625,,,0.25390625,13,130,140,10,0.6923470029156827,0.14267676882445812,13,,runs/task1_2/online/bui_osgpr_mt2_ms64/seed4/blocks.csv,,,,,,,,,,,,,
short,online,bui_osgpr_mt2_ms64,bui_osgpr_mt2_ms64,4,complete,runs/task1_2/online/bui_osgpr_mt2_ms64/seed4,runs/task1_2/online/bui_osgpr_mt2_ms64/seed4/result.json,runs/task1_2/online/bui_osgpr_mt2_ms64/seed4/predictions.npz,,True,0.6294454929167247,0.9645450510353442,0.933,0.6555843938461939,6.640771688893437,0.0884034987539053,58.843994140625,,,0.25390625,14,140,150,10,0.6923470029136479,0.14121564663946629,14,,runs/task1_2/online/bui_osgpr_mt2_ms64/seed4/blocks.csv,,,,,,,,,,,,,
short,online,bui_osgpr_mt2_ms64,bui_osgpr_mt2_ms64,4,complete,runs/task1_2/online/bui_osgpr_mt2_ms64/seed4,runs/task1_2/online/bui_osgpr_mt2_ms64/seed4/result.json,runs/task1_2/online/bui_osgpr_mt2_ms64/seed4/predictions.npz,,True,0.84546268818877,1.2968797517909356,0.8385,0.6555843938461939,6.640771688893437,0.08897389844059944,58.843994140625,,,0.25390625,15,150,160,10,0.6923469591773783,0.14338573813438416,15,,runs/task1_2/online/bui_osgpr_mt2_ms64/seed4/blocks.csv,,,,,,,,,,,,,
short,online,bui_osgpr_mt2_ms64,bui_osgpr_mt2_ms64,4,complete,runs/task1_2/online/bui_osgpr_mt2_ms64/seed4,runs/task1_2/online/bui_osgpr_mt2_ms64/seed4/result.json,runs/task1_2/online/bui_osgpr_mt2_ms64/seed4/predictions.npz,,True,0.6727405945012449,1.0233133674951558,0.925,0.6555843938461939,6.640771688893437,0.08972909674048424,58.843994140625,,,0.25390625,16,160,170,10,0.6922544262159737,0.14221290312707424,16,,runs/task1_2/online/bui_osgpr_mt2_ms64/seed4/blocks.csv,,,,,,,,,,,,,
short,online,bui_osgpr_mt2_ms64,bui_osgpr_mt2_ms64,4,complete,runs/task1_2/online/bui_osgpr_mt2_ms64/seed4,runs/task1_2/online/bui_osgpr_mt2_ms64/seed4/result.json,runs/task1_2/online/bui_osgpr_mt2_ms64/seed4/predictions.npz,,True,0.5339073615965025,0.8381705059502367,0.9725,0.6555843938461939,6.640771688893437,0.08974110521376133,58.843994140625,,,0.25390625,17,170,180,10,0.6757406264928079,0.14311295002698898,17,,runs/task1_2/online/bui_osgpr_mt2_ms64/seed4/blocks.csv,,,,,,,,,,,,,
short,online,bui_osgpr_mt2_ms64,bui_osgpr_mt2_ms64,4,complete,runs/task1_2/online/bui_osgpr_mt2_ms64/seed4,runs/task1_2/online/bui_osgpr_mt2_ms64/seed4/result.json,runs/task1_2/online/bui_osgpr_mt2_ms64/seed4/predictions.npz,,True,0.28925444589799576,1.241164202092439,0.8525,0.6555843938461939,6.640771688893437,0.09001794457435608,58.843994140625,,,0.25390625,18,180,186,6,0.39216416957617817,0.14175729267299175,18,,runs/task1_2/online/bui_osgpr_mt2_ms64/seed4/blocks.csv,,,,,,,,,,,,,
short,online,maddox_streaming_sgpr_mt2_ms64,maddox_streaming_sgpr_mt2_ms64,0,complete,runs/task1_2/online/maddox_streaming_sgpr_mt2_ms64/seed0,runs/task1_2/online/maddox_streaming_sgpr_mt2_ms64/seed0/result.json,runs/task1_2/online/maddox_streaming_sgpr_mt2_ms64/seed0/predictions.npz,,True,0.2634072033747448,0.5014567182505865,0.926,2.8373511941117537,0.9729623291641474,0.0071287937462329865,56.22412109375,104.0,,0.25394439697265625,0,0,10,10,0.4978810799778703,0.19181263074278831,0,,runs/task1_2/online/maddox_streaming_sgpr_mt2_ms64/seed0/blocks.csv,,,,,,,,,,,,,
short,online,maddox_streaming_sgpr_mt2_ms64,maddox_streaming_sgpr_mt2_ms64,0,complete,runs/task1_2/online/maddox_streaming_sgpr_mt2_ms64/seed0,runs/task1_2/online/maddox_streaming_sgpr_mt2_ms64/seed0/result.json,runs/task1_2/online/maddox_streaming_sgpr_mt2_ms64/seed0/predictions.npz,,True,0.2134296335997637,0.17915169917880752,0.9835,2.8373511941117537,0.9729623291641474,0.006205499172210693,56.22412109375,104.0,,0.25394439697265625,1,10,20,10,0.43328174387523266,0.041274698451161385,1,,runs/task1_2/online/maddox_streaming_sgpr_mt2_ms64/seed0/blocks.csv,,,,,,,,,,,,,
short,online,maddox_streaming_sgpr_mt2_ms64,maddox_streaming_sgpr_mt2_ms64,0,complete,runs/task1_2/online/maddox_streaming_sgpr_mt2_ms64/seed0,runs/task1_2/online/maddox_streaming_sgpr_mt2_ms64/seed0/result.json,runs/task1_2/online/maddox_streaming_sgpr_mt2_ms64/seed0/predictions.npz,,True,0.25427109794679736,0.2283761240489695,0.964,2.8373511941117537,0.9729623291641474,0.006131485104560852,56.22412109375,104.0,,0.25394439697265625,2,20,30,10,0.40382082912395506,0.021360253915190697,2,,runs/task1_2/online/maddox_streaming_sgpr_mt2_ms64/seed0/blocks.csv,,,,,,,,,,,,,
short,online,maddox_streaming_sgpr_mt2_ms64,maddox_streaming_sgpr_mt2_ms64,0,complete,runs/task1_2/online/maddox_streaming_sgpr_mt2_ms64/seed0,runs/task1_2/online/maddox_streaming_sgpr_mt2_ms64/seed0/result.json,runs/task1_2/online/maddox_streaming_sgpr_mt2_ms64/seed0/predictions.npz,,True,0.2535462901876321,0.2110098038131368,0.987,2.8373511941117537,0.9729623291641474,0.006128652021288872,56.22412109375,104.0,,0.25394439697265625,3,30,40,10,0.435827325570659,0.0210953988134861,3,,runs/task1_2/online/maddox_streaming_sgpr_mt2_ms64/seed0/blocks.csv,,,,,,,,,,,,,
short,online,maddox_streaming_sgpr_mt2_ms64,maddox_streaming_sgpr_mt2_ms64,0,complete,runs/task1_2/online/maddox_streaming_sgpr_mt2_ms64/seed0,runs/task1_2/online/maddox_streaming_sgpr_mt2_ms64/seed0/result.json,runs/task1_2/online/maddox_streaming_sgpr_mt2_ms64/seed0/predictions.npz,,True,0.26586704763973146,0.31966636767067,0.968,2.8373511941117537,0.9729623291641474,0.006133997812867165,56.22412109375,104.0,,0.25394439697265625,4,40,50,10,0.4349733695622749,0.021150190383195877,4,,runs/task1_2/online/maddox_streaming_sgpr_mt2_ms64/seed0/blocks.csv,,,,,,,,,,,,,
short,online,maddox_streaming_sgpr_mt2_ms64,maddox_streaming_sgpr_mt2_ms64,0,complete,runs/task1_2/online/maddox_streaming_sgpr_mt2_ms64/seed0,runs/task1_2/online/maddox_streaming_sgpr_mt2_ms64/seed0/result.json,runs/task1_2/online/maddox_streaming_sgpr_mt2_ms64/seed0/predictions.npz,,True,0.1908379424474007,0.1959041985197727,0.984,2.8373511941117537,0.9729623291641474,0.006095331162214279,56.22412109375,104.0,,0.25394439697265625,5,50,60,10,0.44155597745343594,0.02205965481698513,5,,runs/task1_2/online/maddox_streaming_sgpr_mt2_ms64/seed0/blocks.csv,,,,,,,,,,,,,
short,online,maddox_streaming_sgpr_mt2_ms64,maddox_streaming_sgpr_mt2_ms64,0,complete,runs/task1_2/online/maddox_streaming_sgpr_mt2_ms64/seed0,runs/task1_2/online/maddox_streaming_sgpr_mt2_ms64/seed0/result.json,runs/task1_2/online/maddox_streaming_sgpr_mt2_ms64/seed0/predictions.npz,,True,0.18863094048666287,0.12218495501108566,0.9905,2.8373511941117537,0.9729623291641474,0.006111254915595055,56.22412109375,104.0,,0.25394439697265625,6,60,70,10,0.41654656130689754,0.021166568621993065,6,,runs/task1_2/online/maddox_streaming_sgpr_mt2_ms64/seed0/blocks.csv,,,,,,,,,,,,,
short,online,maddox_streaming_sgpr_mt2_ms64,maddox_streaming_sgpr_mt2_ms64,0,complete,runs/task1_2/online/maddox_streaming_sgpr_mt2_ms64/seed0,runs/task1_2/online/maddox_streaming_sgpr_mt2_ms64/seed0/result.json,runs/task1_2/online/maddox_streaming_sgpr_mt2_ms64/seed0/predictions.npz,,True,0.2429763813576187,0.22025576360731758,0.9795,2.8373511941117537,0.9729623291641474,0.006111709401011467,56.22412109375,104.0,,0.25394439697265625,7,70,80,10,0.4418432755929662,0.02352093905210495,7,,runs/task1_2/online/maddox_streaming_sgpr_mt2_ms64/seed0/blocks.csv,,,,,,,,,,,,,
short,online,maddox_streaming_sgpr_mt2_ms64,maddox_streaming_sgpr_mt2_ms64,0,complete,runs/task1_2/online/maddox_streaming_sgpr_mt2_ms64/seed0,runs/task1_2/online/maddox_streaming_sgpr_mt2_ms64/seed0/result.json,runs/task1_2/online/maddox_streaming_sgpr_mt2_ms64/seed0/predictions.npz,,True,0.2239875962196611,0.1990485786384175,0.986,2.8373511941117537,0.9729623291641474,0.006420759484171867,56.22412109375,104.0,,0.25394439697265625,8,80,90,10,0.43915773493949073,0.024085644632577896,8,,runs/task1_2/online/maddox_streaming_sgpr_mt2_ms64/seed0/blocks.csv,,,,,,,,,,,,,
short,online,maddox_streaming_sgpr_mt2_ms64,maddox_streaming_sgpr_mt2_ms64,0,complete,runs/task1_2/online/maddox_streaming_sgpr_mt2_ms64/seed0,runs/task1_2/online/maddox_streaming_sgpr_mt2_ms64/seed0/result.json,runs/task1_2/online/maddox_streaming_sgpr_mt2_ms64/seed0/predictions.npz,,True,0.22410988448234614,0.20935833381196647,0.981,2.8373511941117537,0.9729623291641474,0.006131939589977264,56.22412109375,104.0,,0.25394439697265625,9,90,100,10,0.43141486182643374,0.021418901160359383,9,,runs/task1_2/online/maddox_streaming_sgpr_mt2_ms64/seed0/blocks.csv,,,,,,,,,,,,,
short,online,maddox_streaming_sgpr_mt2_ms64,maddox_streaming_sgpr_mt2_ms64,0,complete,runs/task1_2/online/maddox_streaming_sgpr_mt2_ms64/seed0,runs/task1_2/online/maddox_streaming_sgpr_mt2_ms64/seed0/result.json,runs/task1_2/online/maddox_streaming_sgpr_mt2_ms64/seed0/predictions.npz,,True,0.2335714797498925,0.19622359254458063,0.984,2.8373511941117537,0.9729623291641474,0.006183261051774025,56.22412109375,104.0,,0.25394439697265625,10,100,110,10,0.4297945923925638,0.02127632312476635,10,,runs/task1_2/online/maddox_streaming_sgpr_mt2_ms64/seed0/blocks.csv,,,,,,,,,,,,,
short,online,maddox_streaming_sgpr_mt2_ms64,maddox_streaming_sgpr_mt2_ms64,0,complete,runs/task1_2/online/maddox_streaming_sgpr_mt2_ms64/seed0,runs/task1_2/online/maddox_streaming_sgpr_mt2_ms64/seed0/result.json,runs/task1_2/online/maddox_streaming_sgpr_mt2_ms64/seed0/predictions.npz,,True,0.26581809938072554,0.29346660002888475,0.9595,2.8373511941117537,0.9729623291641474,0.006145793944597244,56.22412109375,104.0,,0.25394439697265625,11,110,120,10,0.4262466558867833,0.02120775729417801,11,,runs/task1_2/online/maddox_streaming_sgpr_mt2_ms64/seed0/blocks.csv,,,,,,,,,,,,,
short,online,maddox_streaming_sgpr_mt2_ms64,maddox_streaming_sgpr_mt2_ms64,0,complete,runs/task1_2/online/maddox_streaming_sgpr_mt2_ms64/seed0,runs/task1_2/online/maddox_streaming_sgpr_mt2_ms64/seed0/result.json,runs/task1_2/online/maddox_streaming_sgpr_mt2_ms64/seed0/predictions.npz,,True,0.3543181008455147,0.4511704238754742,0.9255,2.8373511941117537,0.9729623291641474,0.006154855713248253,56.22412109375,104.0,,0.25394439697265625,12,120,130,10,0.4299915671532822,0.021519014611840248,12,,runs/task1_2/online/maddox_streaming_sgpr_mt2_ms64/seed0/blocks.csv,,,,,,,,,,,,,
short,online,maddox_streaming_sgpr_mt2_ms64,maddox_streaming_sgpr_mt2_ms64,0,complete,runs/task1_2/online/maddox_streaming_sgpr_mt2_ms64/seed0,runs/task1_2/online/maddox_streaming_sgpr_mt2_ms64/seed0/result.json,runs/task1_2/online/maddox_streaming_sgpr_mt2_ms64/seed0/predictions.npz,,True,0.27792685983808996,0.26148035733483965,0.9625,2.8373511941117537,0.9729623291641474,0.006227355450391769,56.22412109375,104.0,,0.25394439697265625,13,130,140,10,0.41682919178624045,0.021416453644633293,13,,runs/task1_2/online/maddox_streaming_sgpr_mt2_ms64/seed0/blocks.csv,,,,,,,,,,,,,
short,online,maddox_streaming_sgpr_mt2_ms64,maddox_streaming_sgpr_mt2_ms64,0,complete,runs/task1_2/online/maddox_streaming_sgpr_mt2_ms64/seed0,runs/task1_2/online/maddox_streaming_sgpr_mt2_ms64/seed0/result.json,runs/task1_2/online/maddox_streaming_sgpr_mt2_ms64/seed0/predictions.npz,,True,0.2686580744262214,0.21996963859994742,0.9785,2.8373511941117537,0.9729623291641474,0.007043024525046349,56.22412109375,104.0,,0.25394439697265625,14,140,150,10,0.4260470826022632,0.022724948823451996,14,,runs/task1_2/online/maddox_streaming_sgpr_mt2_ms64/seed0/blocks.csv,,,,,,,,,,,,,
short,online,maddox_streaming_sgpr_mt2_ms64,maddox_streaming_sgpr_mt2_ms64,0,complete,runs/task1_2/online/maddox_streaming_sgpr_mt2_ms64/seed0,runs/task1_2/online/maddox_streaming_sgpr_mt2_ms64/seed0/result.json,runs/task1_2/online/maddox_streaming_sgpr_mt2_ms64/seed0/predictions.npz,,True,0.26051002024063397,0.23007635657660858,0.9755,2.8373511941117537,0.9729623291641474,0.006684590131044388,56.22412109375,104.0,,0.25394439697265625,15,150,160,10,0.42608620474483666,0.02159125544130802,15,,runs/task1_2/online/maddox_streaming_sgpr_mt2_ms64/seed0/blocks.csv,,,,,,,,,,,,,
short,online,maddox_streaming_sgpr_mt2_ms64,maddox_streaming_sgpr_mt2_ms64,0,complete,runs/task1_2/online/maddox_streaming_sgpr_mt2_ms64/seed0,runs/task1_2/online/maddox_streaming_sgpr_mt2_ms64/seed0/result.json,runs/task1_2/online/maddox_streaming_sgpr_mt2_ms64/seed0/predictions.npz,,True,0.23372670049541716,0.23723735835455118,0.9845,2.8373511941117537,0.9729623291641474,0.006133517250418663,56.22412109375,104.0,,0.25394439697265625,16,160,170,10,0.43772398295047144,0.02161780372262001,16,,runs/task1_2/online/maddox_streaming_sgpr_mt2_ms64/seed0/blocks.csv,,,,,,,,,,,,,
short,online,maddox_streaming_sgpr_mt2_ms64,maddox_streaming_sgpr_mt2_ms64,0,complete,runs/task1_2/online/maddox_streaming_sgpr_mt2_ms64/seed0,runs/task1_2/online/maddox_streaming_sgpr_mt2_ms64/seed0/result.json,runs/task1_2/online/maddox_streaming_sgpr_mt2_ms64/seed0/predictions.npz,,True,0.5237374399358575,1.335963882550387,0.87,2.8373511941117537,0.9729623291641474,0.006189197301864624,56.22412109375,104.0,,0.25394439697265625,17,170,180,10,0.41586347318788014,0.021422548219561577,17,,runs/task1_2/online/maddox_streaming_sgpr_mt2_ms64/seed0/blocks.csv,,,,,,,,,,,,,
short,online,maddox_streaming_sgpr_mt2_ms64,maddox_streaming_sgpr_mt2_ms64,0,complete,runs/task1_2/online/maddox_streaming_sgpr_mt2_ms64/seed0,runs/task1_2/online/maddox_streaming_sgpr_mt2_ms64/seed0/result.json,runs/task1_2/online/maddox_streaming_sgpr_mt2_ms64/seed0/predictions.npz,,True,2.8373511941117537,24.369120973257164,0.6041666666666666,2.8373511941117537,0.9729623291641474,0.005506088957190514,56.22412109375,104.0,,0.25394439697265625,18,180,186,6,0.3923763184895761,0.02117260918021202,18,,runs/task1_2/online/maddox_streaming_sgpr_mt2_ms64/seed0/blocks.csv,,,,,,,,,,,,,
short,online,maddox_streaming_sgpr_mt2_ms64,maddox_streaming_sgpr_mt2_ms64,1,complete,runs/task1_2/online/maddox_streaming_sgpr_mt2_ms64/seed1,runs/task1_2/online/maddox_streaming_sgpr_mt2_ms64/seed1/result.json,runs/task1_2/online/maddox_streaming_sgpr_mt2_ms64/seed1/predictions.npz,,True,0.2682876081606581,0.5266862418264643,0.9205,1.6322412198848029,0.9243404995650053,0.0074271149933338165,56.22412109375,104.0,,0.25394439697265625,0,0,10,10,0.5206523194284735,0.15288064442574978,0,,runs/task1_2/online/maddox_streaming_sgpr_mt2_ms64/seed1/blocks.csv,,,,,,,,,,,,,
short,online,maddox_streaming_sgpr_mt2_ms64,maddox_streaming_sgpr_mt2_ms64,1,complete,runs/task1_2/online/maddox_streaming_sgpr_mt2_ms64/seed1,runs/task1_2/online/maddox_streaming_sgpr_mt2_ms64/seed1/result.json,runs/task1_2/online/maddox_streaming_sgpr_mt2_ms64/seed1/predictions.npz,,True,0.22480165240157327,0.2773553919207228,0.9825,1.6322412198848029,0.9243404995650053,0.00635908916592598,56.22412109375,104.0,,0.25394439697265625,1,10,20,10,0.4712843153681897,0.035846149548888206,1,,runs/task1_2/online/maddox_streaming_sgpr_mt2_ms64/seed1/blocks.csv,,,,,,,,,,,,,
short,online,maddox_streaming_sgpr_mt2_ms64,maddox_streaming_sgpr_mt2_ms64,1,complete,runs/task1_2/online/maddox_streaming_sgpr_mt2_ms64/seed1,runs/task1_2/online/maddox_streaming_sgpr_mt2_ms64/seed1/result.json,runs/task1_2/online/maddox_streaming_sgpr_mt2_ms64/seed1/predictions.npz,,True,0.26302079171569054,0.3136057805213005,0.979,1.6322412198848029,0.9243404995650053,0.006329113617539406,56.22412109375,104.0,,0.25394439697265625,2,20,30,10,0.4531777891150665,0.022114049643278122,2,,runs/task1_2/online/maddox_streaming_sgpr_mt2_ms64/seed1/blocks.csv,,,,,,,,,,,,,
short,online,maddox_streaming_sgpr_mt2_ms64,maddox_streaming_sgpr_mt2_ms64,1,complete,runs/task1_2/online/maddox_streaming_sgpr_mt2_ms64/seed1,runs/task1_2/online/maddox_streaming_sgpr_mt2_ms64/seed1/result.json,runs/task1_2/online/maddox_streaming_sgpr_mt2_ms64/seed1/predictions.npz,,True,0.26124666034357313,0.33897217060961704,0.9635,1.6322412198848029,0.9243404995650053,0.006293235346674919,56.22412109375,104.0,,0.25394439697265625,3,30,40,10,0.45282271402883273,0.021894823759794235,3,,runs/task1_2/online/maddox_streaming_sgpr_mt2_ms64/seed1/blocks.csv,,,,,,,,,,,,,
short,online,maddox_streaming_sgpr_mt2_ms64,maddox_streaming_sgpr_mt2_ms64,1,complete,runs/task1_2/online/maddox_streaming_sgpr_mt2_ms64/seed1,runs/task1_2/online/maddox_streaming_sgpr_mt2_ms64/seed1/result.json,runs/task1_2/online/maddox_streaming_sgpr_mt2_ms64/seed1/predictions.npz,,True,0.28501643971159574,0.3109512091704232,0.9705,1.6322412198848029,0.9243404995650053,0.006305349990725517,56.22412109375,104.0,,0.25394439697265625,4,40,50,10,0.4475627318805618,0.021882448345422745,4,,runs/task1_2/online/maddox_streaming_sgpr_mt2_ms64/seed1/blocks.csv,,,,,,,,,,,,,
short,online,maddox_streaming_sgpr_mt2_ms64,maddox_streaming_sgpr_mt2_ms64,1,complete,runs/task1_2/online/maddox_streaming_sgpr_mt2_ms64/seed1,runs/task1_2/online/maddox_streaming_sgpr_mt2_ms64/seed1/result.json,runs/task1_2/online/maddox_streaming_sgpr_mt2_ms64/seed1/predictions.npz,,True,0.20765394012795818,0.17438310910181648,0.9915,1.6322412198848029,0.9243404995650053,0.006300954148173332,56.22412109375,104.0,,0.25394439697265625,5,50,60,10,0.43415216953031915,0.02286088839173317,5,,runs/task1_2/online/maddox_streaming_sgpr_mt2_ms64/seed1/blocks.csv,,,,,,,,,,,,,
short,online,maddox_streaming_sgpr_mt2_ms64,maddox_streaming_sgpr_mt2_ms64,1,complete,runs/task1_2/online/maddox_streaming_sgpr_mt2_ms64/seed1,runs/task1_2/online/maddox_streaming_sgpr_mt2_ms64/seed1/result.json,runs/task1_2/online/maddox_streaming_sgpr_mt2_ms64/seed1/predictions.npz,,True,0.16295181219466826,0.16086317560207725,0.996,1.6322412198848029,0.9243404995650053,0.006240740418434143,56.22412109375,104.0,,0.25394439697265625,6,60,70,10,0.4527448983962177,0.02185620367527008,6,,runs/task1_2/online/maddox_streaming_sgpr_mt2_ms64/seed1/blocks.csv,,,,,,,,,,,,,
short,online,maddox_streaming_sgpr_mt2_ms64,maddox_streaming_sgpr_mt2_ms64,1,complete,runs/task1_2/online/maddox_streaming_sgpr_mt2_ms64/seed1,runs/task1_2/online/maddox_streaming_sgpr_mt2_ms64/seed1/result.json,runs/task1_2/online/maddox_streaming_sgpr_mt2_ms64/seed1/predictions.npz,,True,0.1961682762155462,0.18895568177357114,0.9885,1.6322412198848029,0.9243404995650053,0.006248893216252327,56.22412109375,104.0,,0.25394439697265625,7,70,80,10,0.4364819944030742,0.021984709426760674,7,,runs/task1_2/online/maddox_streaming_sgpr_mt2_ms64/seed1/blocks.csv,,,,,,,,,,,,,
short,online,maddox_streaming_sgpr_mt2_ms64,maddox_streaming_sgpr_mt2_ms64,1,complete,runs/task1_2/online/maddox_streaming_sgpr_mt2_ms64/seed1,runs/task1_2/online/maddox_streaming_sgpr_mt2_ms64/seed1/result.json,runs/task1_2/online/maddox_streaming_sgpr_mt2_ms64/seed1/predictions.npz,,True,0.2190307766683172,0.19631232535879692,0.9845,1.6322412198848029,0.9243404995650053,0.006323020905256271,56.22412109375,104.0,,0.25394439697265625,8,80,90,10,0.43627681091283943,0.022410288453102112,8,,runs/task1_2/online/maddox_streaming_sgpr_mt2_ms64/seed1/blocks.csv,,,,,,,,,,,,,
short,online,maddox_streaming_sgpr_mt2_ms64,maddox_streaming_sgpr_mt2_ms64,1,complete,runs/task1_2/online/maddox_streaming_sgpr_mt2_ms64/seed1,runs/task1_2/online/maddox_streaming_sgpr_mt2_ms64/seed1/result.json,runs/task1_2/online/maddox_streaming_sgpr_mt2_ms64/seed1/predictions.npz,,True,0.2158162631206524,0.16731213826957078,0.981,1.6322412198848029,0.9243404995650053,0.010023878887295723,56.22412109375,104.0,,0.25394439697265625,9,90,100,10,0.4126374226910937,0.022621402516961098,9,,runs/task1_2/online/maddox_streaming_sgpr_mt2_ms64/seed1/blocks.csv,,,,,,,,,,,,,
short,online,maddox_streaming_sgpr_mt2_ms64,maddox_streaming_sgpr_mt2_ms64,1,complete,runs/task1_2/online/maddox_streaming_sgpr_mt2_ms64/seed1,runs/task1_2/online/maddox_streaming_sgpr_mt2_ms64/seed1/result.json,runs/task1_2/online/maddox_streaming_sgpr_mt2_ms64/seed1/predictions.npz,,True,0.22121638361353743,0.18981326633983467,0.9865,1.6322412198848029,0.9243404995650053,0.00635480135679245,56.22412109375,104.0,,0.25394439697265625,10,100,110,10,0.43859770093135453,0.0221039317548275,10,,runs/task1_2/online/maddox_streaming_sgpr_mt2_ms64/seed1/blocks.csv,,,,,,,,,,,,,
short,online,maddox_streaming_sgpr_mt2_ms64,maddox_streaming_sgpr_mt2_ms64,1,complete,runs/task1_2/online/maddox_streaming_sgpr_mt2_ms64/seed1,runs/task1_2/online/maddox_streaming_sgpr_mt2_ms64/seed1/result.json,runs/task1_2/online/maddox_streaming_sgpr_mt2_ms64/seed1/predictions.npz,,True,0.2836007334435928,0.293482326307605,0.97,1.6322412198848029,0.9243404995650053,0.006288550794124603,56.22412109375,104.0,,0.25394439697265625,11,110,120,10,0.4265888321067061,0.0218356940895319,11,,runs/task1_2/online/maddox_streaming_sgpr_mt2_ms64/seed1/blocks.csv,,,,,,,,,,,,,
short,online,maddox_streaming_sgpr_mt2_ms64,maddox_streaming_sgpr_mt2_ms64,1,complete,runs/task1_2/online/maddox_streaming_sgpr_mt2_ms64/seed1,runs/task1_2/online/maddox_streaming_sgpr_mt2_ms64/seed1/result.json,runs/task1_2/online/maddox_streaming_sgpr_mt2_ms64/seed1/predictions.npz,,True,0.3773247141726678,0.4506188295868603,0.944,1.6322412198848029,0.9243404995650053,0.006373357027769089,56.22412109375,104.0,,0.25394439697265625,12,120,130,10,0.4663577612550905,0.021975859999656677,12,,runs/task1_2/online/maddox_streaming_sgpr_mt2_ms64/seed1/blocks.csv,,,,,,,,,,,,,
short,online,maddox_streaming_sgpr_mt2_ms64,maddox_streaming_sgpr_mt2_ms64,1,complete,runs/task1_2/online/maddox_streaming_sgpr_mt2_ms64/seed1,runs/task1_2/online/maddox_streaming_sgpr_mt2_ms64/seed1/result.json,runs/task1_2/online/maddox_streaming_sgpr_mt2_ms64/seed1/predictions.npz,,True,0.26305015731348796,0.2916654491416436,0.9835,1.6322412198848029,0.9243404995650053,0.0063767749816179276,56.22412109375,104.0,,0.25394439697265625,13,130,140,10,0.448528475721228,0.02225375548005104,13,,runs/task1_2/online/maddox_streaming_sgpr_mt2_ms64/seed1/blocks.csv,,,,,,,,,,,,,
short,online,maddox_streaming_sgpr_mt2_ms64,maddox_streaming_sgpr_mt2_ms64,1,complete,runs/task1_2/online/maddox_streaming_sgpr_mt2_ms64/seed1,runs/task1_2/online/maddox_streaming_sgpr_mt2_ms64/seed1/result.json,runs/task1_2/online/maddox_streaming_sgpr_mt2_ms64/seed1/predictions.npz,,True,0.24837146660129059,0.34716438419547985,0.969,1.6322412198848029,0.9243404995650053,0.00643494538962841,56.22412109375,104.0,,0.25394439697265625,14,140,150,10,0.44926149558263784,0.022217638790607452,14,,runs/task1_2/online/maddox_streaming_sgpr_mt2_ms64/seed1/blocks.csv,,,,,,,,,,,,,
short,online,maddox_streaming_sgpr_mt2_ms64,maddox_streaming_sgpr_mt2_ms64,1,complete,runs/task1_2/online/maddox_streaming_sgpr_mt2_ms64/seed1,runs/task1_2/online/maddox_streaming_sgpr_mt2_ms64/seed1/result.json,runs/task1_2/online/maddox_streaming_sgpr_mt2_ms64/seed1/predictions.npz,,True,0.28300407220109314,0.33585617755286257,0.9685,1.6322412198848029,0.9243404995650053,0.0069428496062755585,56.22412109375,104.0,,0.25394439697265625,15,150,160,10,0.4653508248450431,0.02224436029791832,15,,runs/task1_2/online/maddox_streaming_sgpr_mt2_ms64/seed1/blocks.csv,,,,,,,,,,,,,
short,online,maddox_streaming_sgpr_mt2_ms64,maddox_streaming_sgpr_mt2_ms64,1,complete,runs/task1_2/online/maddox_streaming_sgpr_mt2_ms64/seed1,runs/task1_2/online/maddox_streaming_sgpr_mt2_ms64/seed1/result.json,runs/task1_2/online/maddox_streaming_sgpr_mt2_ms64/seed1/predictions.npz,,True,0.2882085920171444,0.290933493554888,0.9785,1.6322412198848029,0.9243404995650053,0.006326671689748764,56.22412109375,104.0,,0.25394439697265625,16,160,170,10,0.4440236269786542,0.022465839982032776,16,,runs/task1_2/online/maddox_streaming_sgpr_mt2_ms64/seed1/blocks.csv,,,,,,,,,,,,,
short,online,maddox_streaming_sgpr_mt2_ms64,maddox_streaming_sgpr_mt2_ms64,1,complete,runs/task1_2/online/maddox_streaming_sgpr_mt2_ms64/seed1,runs/task1_2/online/maddox_streaming_sgpr_mt2_ms64/seed1/result.json,runs/task1_2/online/maddox_streaming_sgpr_mt2_ms64/seed1/predictions.npz,,True,0.6636140100018205,1.2869171533151653,0.8455,1.6322412198848029,0.9243404995650053,0.006392665207386017,56.22412109375,104.0,,0.25394439697265625,17,170,180,10,0.45158436561903165,0.022014155983924866,17,,runs/task1_2/online/maddox_streaming_sgpr_mt2_ms64/seed1/blocks.csv,,,,,,,,,,,,,
short,online,maddox_streaming_sgpr_mt2_ms64,maddox_streaming_sgpr_mt2_ms64,1,complete,runs/task1_2/online/maddox_streaming_sgpr_mt2_ms64/seed1,runs/task1_2/online/maddox_streaming_sgpr_mt2_ms64/seed1/result.json,runs/task1_2/online/maddox_streaming_sgpr_mt2_ms64/seed1/predictions.npz,,True,1.6322412198848029,17.980942569240053,0.44166666666666665,1.6322412198848029,0.9243404995650053,0.005602449178695679,56.22412109375,104.0,,0.25394439697265625,18,180,186,6,0.35831460013857064,0.021770862862467766,18,,runs/task1_2/online/maddox_streaming_sgpr_mt2_ms64/seed1/blocks.csv,,,,,,,,,,,,,
short,online,maddox_streaming_sgpr_mt2_ms64,maddox_streaming_sgpr_mt2_ms64,2,complete,runs/task1_2/online/maddox_streaming_sgpr_mt2_ms64/seed2,runs/task1_2/online/maddox_streaming_sgpr_mt2_ms64/seed2/result.json,runs/task1_2/online/maddox_streaming_sgpr_mt2_ms64/seed2/predictions.npz,,True,0.2487195181653777,0.4979201527109465,0.93,0.49350860348375714,0.912721361964941,0.007205244153738022,56.22412109375,104.0,,0.25394439697265625,0,0,10,10,0.5020936046665821,0.1479434333741665,0,,runs/task1_2/online/maddox_streaming_sgpr_mt2_ms64/seed2/blocks.csv,,,,,,,,,,,,,
short,online,maddox_streaming_sgpr_mt2_ms64,maddox_streaming_sgpr_mt2_ms64,2,complete,runs/task1_2/online/maddox_streaming_sgpr_mt2_ms64/seed2,runs/task1_2/online/maddox_streaming_sgpr_mt2_ms64/seed2/result.json,runs/task1_2/online/maddox_streaming_sgpr_mt2_ms64/seed2/predictions.npz,,True,0.2206348393557087,0.21544668769566944,0.9815,0.49350860348375714,0.912721361964941,0.006311012431979179,56.22412109375,104.0,,0.25394439697265625,1,10,20,10,0.43341963524022453,0.03557781130075455,1,,runs/task1_2/online/maddox_streaming_sgpr_mt2_ms64/seed2/blocks.csv,,,,,,,,,,,,,
short,online,maddox_streaming_sgpr_mt2_ms64,maddox_streaming_sgpr_mt2_ms64,2,complete,runs/task1_2/online/maddox_streaming_sgpr_mt2_ms64/seed2,runs/task1_2/online/maddox_streaming_sgpr_mt2_ms64/seed2/result.json,runs/task1_2/online/maddox_streaming_sgpr_mt2_ms64/seed2/predictions.npz,,True,0.2754384431786898,0.2524797497059773,0.9685,0.49350860348375714,0.912721361964941,0.0062201619148254395,56.22412109375,104.0,,0.25394439697265625,2,20,30,10,0.4186516404855395,0.021559519693255424,2,,runs/task1_2/online/maddox_streaming_sgpr_mt2_ms64/seed2/blocks.csv,,,,,,,,,,,,,
short,online,maddox_streaming_sgpr_mt2_ms64,maddox_streaming_sgpr_mt2_ms64,2,complete,runs/task1_2/online/maddox_streaming_sgpr_mt2_ms64/seed2,runs/task1_2/online/maddox_streaming_sgpr_mt2_ms64/seed2/result.json,runs/task1_2/online/maddox_streaming_sgpr_mt2_ms64/seed2/predictions.npz,,True,0.26970545387886685,0.23358442173730815,0.969,0.49350860348375714,0.912721361964941,0.006246915087103844,56.22412109375,104.0,,0.25394439697265625,3,30,40,10,0.417980126911432,0.02146991901099682,3,,runs/task1_2/online/maddox_streaming_sgpr_mt2_ms64/seed2/blocks.csv,,,,,,,,,,,,,
short,online,maddox_streaming_sgpr_mt2_ms64,maddox_streaming_sgpr_mt2_ms64,2,complete,runs/task1_2/online/maddox_streaming_sgpr_mt2_ms64/seed2,runs/task1_2/online/maddox_streaming_sgpr_mt2_ms64/seed2/result.json,runs/task1_2/online/maddox_streaming_sgpr_mt2_ms64/seed2/predictions.npz,,True,0.2671498436534468,0.26447169445213964,0.9745,0.49350860348375714,0.912721361964941,0.006226945668458939,56.22412109375,104.0,,0.25394439697265625,4,40,50,10,0.4367184584003647,0.021566567942500114,4,,runs/task1_2/online/maddox_streaming_sgpr_mt2_ms64/seed2/blocks.csv,,,,,,,,,,,,,
short,online,maddox_streaming_sgpr_mt2_ms64,maddox_streaming_sgpr_mt2_ms64,2,complete,runs/task1_2/online/maddox_streaming_sgpr_mt2_ms64/seed2,runs/task1_2/online/maddox_streaming_sgpr_mt2_ms64/seed2/result.json,runs/task1_2/online/maddox_streaming_sgpr_mt2_ms64/seed2/predictions.npz,,True,0.21711155469005236,0.18851225760208165,0.9895,0.49350860348375714,0.912721361964941,0.006149960681796074,56.22412109375,104.0,,0.25394439697265625,5,50,60,10,0.4297581751178326,0.022479690611362457,5,,runs/task1_2/online/maddox_streaming_sgpr_mt2_ms64/seed2/blocks.csv,,,,,,,,,,,,,
short,online,maddox_streaming_sgpr_mt2_ms64,maddox_streaming_sgpr_mt2_ms64,2,complete,runs/task1_2/online/maddox_streaming_sgpr_mt2_ms64/seed2,runs/task1_2/online/maddox_streaming_sgpr_mt2_ms64/seed2/result.json,runs/task1_2/online/maddox_streaming_sgpr_mt2_ms64/seed2/predictions.npz,,True,0.24774058846158964,0.2050921324979831,0.977,0.49350860348375714,0.912721361964941,0.006353575736284256,56.22412109375,104.0,,0.25394439697265625,6,60,70,10,0.4323633337180805,0.025173014029860497,6,,runs/task1_2/online/maddox_streaming_sgpr_mt2_ms64/seed2/blocks.csv,,,,,,,,,,,,,
short,online,maddox_streaming_sgpr_mt2_ms64,maddox_streaming_sgpr_mt2_ms64,2,complete,runs/task1_2/online/maddox_streaming_sgpr_mt2_ms64/seed2,runs/task1_2/online/maddox_streaming_sgpr_mt2_ms64/seed2/result.json,runs/task1_2/online/maddox_streaming_sgpr_mt2_ms64/seed2/predictions.npz,,True,0.29216428281035417,0.23901427031673161,0.9695,0.49350860348375714,0.912721361964941,0.006242208182811737,56.22412109375,104.0,,0.25394439697265625,7,70,80,10,0.41529780010289435,0.02167600207030773,7,,runs/task1_2/online/maddox_streaming_sgpr_mt2_ms64/seed2/blocks.csv,,,,,,,,,,,,,
short,online,maddox_streaming_sgpr_mt2_ms64,maddox_streaming_sgpr_mt2_ms64,2,complete,runs/task1_2/online/maddox_streaming_sgpr_mt2_ms64/seed2,runs/task1_2/online/maddox_streaming_sgpr_mt2_ms64/seed2/result.json,runs/task1_2/online/maddox_streaming_sgpr_mt2_ms64/seed2/predictions.npz,,True,0.2250571477004564,0.15405156221150454,0.985,0.49350860348375714,0.912721361964941,0.006237192079424858,56.22412109375,104.0,,0.25394439697265625,8,80,90,10,0.4190908137050058,0.021997367963194847,8,,runs/task1_2/online/maddox_streaming_sgpr_mt2_ms64/seed2/blocks.csv,,,,,,,,,,,,,
short,online,maddox_streaming_sgpr_mt2_ms64,maddox_streaming_sgpr_mt2_ms64,2,complete,runs/task1_2/online/maddox_streaming_sgpr_mt2_ms64/seed2,runs/task1_2/online/maddox_streaming_sgpr_mt2_ms64/seed2/result.json,runs/task1_2/online/maddox_streaming_sgpr_mt2_ms64/seed2/predictions.npz,,True,0.21852272989868463,0.22244568008083143,0.9865,0.49350860348375714,0.912721361964941,0.006251132115721703,56.22412109375,104.0,,0.25394439697265625,9,90,100,10,0.4436909847421025,0.021514181047677994,9,,runs/task1_2/online/maddox_streaming_sgpr_mt2_ms64/seed2/blocks.csv,,,,,,,,,,,,,
short,online,maddox_streaming_sgpr_mt2_ms64,maddox_streaming_sgpr_mt2_ms64,2,complete,runs/task1_2/online/maddox_streaming_sgpr_mt2_ms64/seed2,runs/task1_2/online/maddox_streaming_sgpr_mt2_ms64/seed2/result.json,runs/task1_2/online/maddox_streaming_sgpr_mt2_ms64/seed2/predictions.npz,,True,0.21193059274375928,0.18396774210464026,0.985,0.49350860348375714,0.912721361964941,0.006294071674346924,56.22412109375,104.0,,0.25394439697265625,10,100,110,10,0.43066891965382526,0.021634934470057487,10,,runs/task1_2/online/maddox_streaming_sgpr_mt2_ms64/seed2/blocks.csv,,,,,,,,,,,,,
short,online,maddox_streaming_sgpr_mt2_ms64,maddox_streaming_sgpr_mt2_ms64,2,complete,runs/task1_2/online/maddox_streaming_sgpr_mt2_ms64/seed2,runs/task1_2/online/maddox_streaming_sgpr_mt2_ms64/seed2/result.json,runs/task1_2/online/maddox_streaming_sgpr_mt2_ms64/seed2/predictions.npz,,True,0.286825724655556,0.3446935874549301,0.958,0.49350860348375714,0.912721361964941,0.006213076412677765,56.22412109375,104.0,,0.25394439697265625,11,110,120,10,0.4340315533736231,0.021445579826831818,11,,runs/task1_2/online/maddox_streaming_sgpr_mt2_ms64/seed2/blocks.csv,,,,,,,,,,,,,
short,online,maddox_streaming_sgpr_mt2_ms64,maddox_streaming_sgpr_mt2_ms64,2,complete,runs/task1_2/online/maddox_streaming_sgpr_mt2_ms64/seed2,runs/task1_2/online/maddox_streaming_sgpr_mt2_ms64/seed2/result.json,runs/task1_2/online/maddox_streaming_sgpr_mt2_ms64/seed2/predictions.npz,,True,0.34014995158377126,0.44567941063875877,0.925,0.49350860348375714,0.912721361964941,0.006187155842781067,56.22412109375,104.0,,0.25394439697265625,12,120,130,10,0.433616363388869,0.021825162693858147,12,,runs/task1_2/online/maddox_streaming_sgpr_mt2_ms64/seed2/blocks.csv,,,,,,,,,,,,,
short,online,maddox_streaming_sgpr_mt2_ms64,maddox_streaming_sgpr_mt2_ms64,2,complete,runs/task1_2/online/maddox_streaming_sgpr_mt2_ms64/seed2,runs/task1_2/online/maddox_streaming_sgpr_mt2_ms64/seed2/result.json,runs/task1_2/online/maddox_streaming_sgpr_mt2_ms64/seed2/predictions.npz,,True,0.29370233531166007,0.29093064090309895,0.961,0.49350860348375714,0.912721361964941,0.006184175610542297,56.22412109375,104.0,,0.25394439697265625,13,130,140,10,0.412105366289465,0.021591776981949806,13,,runs/task1_2/online/maddox_streaming_sgpr_mt2_ms64/seed2/blocks.csv,,,,,,,,,,,,,
short,online,maddox_streaming_sgpr_mt2_ms64,maddox_streaming_sgpr_mt2_ms64,2,complete,runs/task1_2/online/maddox_streaming_sgpr_mt2_ms64/seed2,runs/task1_2/online/maddox_streaming_sgpr_mt2_ms64/seed2/result.json,runs/task1_2/online/maddox_streaming_sgpr_mt2_ms64/seed2/predictions.npz,,True,0.3044882737595534,0.36333921825677024,0.95,0.49350860348375714,0.912721361964941,0.006254907697439194,56.22412109375,104.0,,0.25394439697265625,14,140,150,10,0.4268648347720483,0.02161669172346592,14,,runs/task1_2/online/maddox_streaming_sgpr_mt2_ms64/seed2/blocks.csv,,,,,,,,,,,,,
short,online,maddox_streaming_sgpr_mt2_ms64,maddox_streaming_sgpr_mt2_ms64,2,complete,runs/task1_2/online/maddox_streaming_sgpr_mt2_ms64/seed2,runs/task1_2/online/maddox_streaming_sgpr_mt2_ms64/seed2/result.json,runs/task1_2/online/maddox_streaming_sgpr_mt2_ms64/seed2/predictions.npz,,True,0.28326733889589195,0.3103894563743959,0.9775,0.49350860348375714,0.912721361964941,0.006591051816940308,56.22412109375,104.0,,0.25394439697265625,15,150,160,10,0.44156758813836156,0.02162344381213188,15,,runs/task1_2/online/maddox_streaming_sgpr_mt2_ms64/seed2/blocks.csv,,,,,,,,,,,,,
short,online,maddox_streaming_sgpr_mt2_ms64,maddox_streaming_sgpr_mt2_ms64,2,complete,runs/task1_2/online/maddox_streaming_sgpr_mt2_ms64/seed2,runs/task1_2/online/maddox_streaming_sgpr_mt2_ms64/seed2/result.json,runs/task1_2/online/maddox_streaming_sgpr_mt2_ms64/seed2/predictions.npz,,True,0.24182175831943573,0.2266868669750941,0.9715,0.49350860348375714,0.912721361964941,0.006235120818018913,56.22412109375,104.0,,0.25394439697265625,16,160,170,10,0.4186863225162438,0.021765537559986115,16,,runs/task1_2/online/maddox_streaming_sgpr_mt2_ms64/seed2/blocks.csv,,,,,,,,,,,,,
short,online,maddox_streaming_sgpr_mt2_ms64,maddox_streaming_sgpr_mt2_ms64,2,complete,runs/task1_2/online/maddox_streaming_sgpr_mt2_ms64/seed2,runs/task1_2/online/maddox_streaming_sgpr_mt2_ms64/seed2/result.json,runs/task1_2/online/maddox_streaming_sgpr_mt2_ms64/seed2/predictions.npz,,True,0.21251508954621043,0.15774276976716625,0.985,0.49350860348375714,0.912721361964941,0.0062296949326992035,56.22412109375,104.0,,0.25394439697265625,17,170,180,10,0.41888434216021725,0.0268796868622303,17,,runs/task1_2/online/maddox_streaming_sgpr_mt2_ms64/seed2/blocks.csv,,,,,,,,,,,,,
short,online,maddox_streaming_sgpr_mt2_ms64,maddox_streaming_sgpr_mt2_ms64,2,complete,runs/task1_2/online/maddox_streaming_sgpr_mt2_ms64/seed2,runs/task1_2/online/maddox_streaming_sgpr_mt2_ms64/seed2/result.json,runs/task1_2/online/maddox_streaming_sgpr_mt2_ms64/seed2/predictions.npz,,True,0.49350860348375714,1.883370767114416,0.8675,0.49350860348375714,0.912721361964941,0.005519868806004524,56.22412109375,104.0,,0.25394439697265625,18,180,186,6,0.3833317526276959,0.021433714777231216,18,,runs/task1_2/online/maddox_streaming_sgpr_mt2_ms64/seed2/blocks.csv,,,,,,,,,,,,,
short,online,maddox_streaming_sgpr_mt2_ms64,maddox_streaming_sgpr_mt2_ms64,3,complete,runs/task1_2/online/maddox_streaming_sgpr_mt2_ms64/seed3,runs/task1_2/online/maddox_streaming_sgpr_mt2_ms64/seed3/result.json,runs/task1_2/online/maddox_streaming_sgpr_mt2_ms64/seed3/predictions.npz,,True,0.27650944064414934,0.4083044046922813,0.9305,0.33712213185809564,0.8836116082966328,0.007067328318953514,56.22412109375,104.0,,0.25394439697265625,0,0,10,10,0.46251511997110595,0.13166539184749126,0,,runs/task1_2/online/maddox_streaming_sgpr_mt2_ms64/seed3/blocks.csv,,,,,,,,,,,,,
short,online,maddox_streaming_sgpr_mt2_ms64,maddox_streaming_sgpr_mt2_ms64,3,complete,runs/task1_2/online/maddox_streaming_sgpr_mt2_ms64/seed3,runs/task1_2/online/maddox_streaming_sgpr_mt2_ms64/seed3/result.json,runs/task1_2/online/maddox_streaming_sgpr_mt2_ms64/seed3/predictions.npz,,True,0.23034849398363622,0.21671806763141882,0.9785,0.33712213185809564,0.8836116082966328,0.006180707365274429,56.22412109375,104.0,,0.25394439697265625,1,10,20,10,0.43772457593065056,0.03207601234316826,1,,runs/task1_2/online/maddox_streaming_sgpr_mt2_ms64/seed3/blocks.csv,,,,,,,,,,,,,
short,online,maddox_streaming_sgpr_mt2_ms64,maddox_streaming_sgpr_mt2_ms64,3,complete,runs/task1_2/online/maddox_streaming_sgpr_mt2_ms64/seed3,runs/task1_2/online/maddox_streaming_sgpr_mt2_ms64/seed3/result.json,runs/task1_2/online/maddox_streaming_sgpr_mt2_ms64/seed3/predictions.npz,,True,0.23025110101780855,0.1779382054496179,0.987,0.33712213185809564,0.8836116082966328,0.006216101348400116,56.22412109375,104.0,,0.25394439697265625,2,20,30,10,0.4171050526875176,0.02143370732665062,2,,runs/task1_2/online/maddox_streaming_sgpr_mt2_ms64/seed3/blocks.csv,,,,,,,,,,,,,
short,online,maddox_streaming_sgpr_mt2_ms64,maddox_streaming_sgpr_mt2_ms64,3,complete,runs/task1_2/online/maddox_streaming_sgpr_mt2_ms64/seed3,runs/task1_2/online/maddox_streaming_sgpr_mt2_ms64/seed3/result.json,runs/task1_2/online/maddox_streaming_sgpr_mt2_ms64/seed3/predictions.npz,,True,0.2702376404131214,0.2565205281968997,0.9595,0.33712213185809564,0.8836116082966328,0.0061323922127485275,56.22412109375,104.0,,0.25394439697265625,3,30,40,10,0.4193724377614928,0.0213838592171669,3,,runs/task1_2/online/maddox_streaming_sgpr_mt2_ms64/seed3/blocks.csv,,,,,,,,,,,,,
short,online,maddox_streaming_sgpr_mt2_ms64,maddox_streaming_sgpr_mt2_ms64,3,complete,runs/task1_2/online/maddox_streaming_sgpr_mt2_ms64/seed3,runs/task1_2/online/maddox_streaming_sgpr_mt2_ms64/seed3/result.json,runs/task1_2/online/maddox_streaming_sgpr_mt2_ms64/seed3/predictions.npz,,True,0.2535478365212363,0.19230428017346138,0.988,0.33712213185809564,0.8836116082966328,0.006180724129080772,56.22412109375,104.0,,0.25394439697265625,4,40,50,10,0.4131840339328223,0.022932687774300575,4,,runs/task1_2/online/maddox_streaming_sgpr_mt2_ms64/seed3/blocks.csv,,,,,,,,,,,,,
short,online,maddox_streaming_sgpr_mt2_ms64,maddox_streaming_sgpr_mt2_ms64,3,complete,runs/task1_2/online/maddox_streaming_sgpr_mt2_ms64/seed3,runs/task1_2/online/maddox_streaming_sgpr_mt2_ms64/seed3/result.json,runs/task1_2/online/maddox_streaming_sgpr_mt2_ms64/seed3/predictions.npz,,True,0.20163750756378507,0.10247108485405101,0.989,0.33712213185809564,0.8836116082966328,0.0062108952552080154,56.22412109375,104.0,,0.25394439697265625,5,50,60,10,0.4012534266362002,0.022250643000006676,5,,runs/task1_2/online/maddox_streaming_sgpr_mt2_ms64/seed3/blocks.csv,,,,,,,,,,,,,
short,online,maddox_streaming_sgpr_mt2_ms64,maddox_streaming_sgpr_mt2_ms64,3,complete,runs/task1_2/online/maddox_streaming_sgpr_mt2_ms64/seed3,runs/task1_2/online/maddox_streaming_sgpr_mt2_ms64/seed3/result.json,runs/task1_2/online/maddox_streaming_sgpr_mt2_ms64/seed3/predictions.npz,,True,0.17755289553612683,0.15577665963545825,0.986,0.33712213185809564,0.8836116082966328,0.006164021790027618,56.22412109375,104.0,,0.25394439697265625,6,60,70,10,0.4295197884164095,0.021370043978095055,6,,runs/task1_2/online/maddox_streaming_sgpr_mt2_ms64/seed3/blocks.csv,,,,,,,,,,,,,
short,online,maddox_streaming_sgpr_mt2_ms64,maddox_streaming_sgpr_mt2_ms64,3,complete,runs/task1_2/online/maddox_streaming_sgpr_mt2_ms64/seed3,runs/task1_2/online/maddox_streaming_sgpr_mt2_ms64/seed3/result.json,runs/task1_2/online/maddox_streaming_sgpr_mt2_ms64/seed3/predictions.npz,,True,0.21165938780805976,0.14148634263215,0.986,0.33712213185809564,0.8836116082966328,0.006141204386949539,56.22412109375,104.0,,0.25394439697265625,7,70,80,10,0.42390650078790315,0.021356649696826935,7,,runs/task1_2/online/maddox_streaming_sgpr_mt2_ms64/seed3/blocks.csv,,,,,,,,,,,,,
short,online,maddox_streaming_sgpr_mt2_ms64,maddox_streaming_sgpr_mt2_ms64,3,complete,runs/task1_2/online/maddox_streaming_sgpr_mt2_ms64/seed3,runs/task1_2/online/maddox_streaming_sgpr_mt2_ms64/seed3/result.json,runs/task1_2/online/maddox_streaming_sgpr_mt2_ms64/seed3/predictions.npz,,True,0.23298664404446587,0.19939658860816428,0.98,0.33712213185809564,0.8836116082966328,0.006229747086763382,56.22412109375,104.0,,0.25394439697265625,8,80,90,10,0.420214022252677,0.02152646891772747,8,,runs/task1_2/online/maddox_streaming_sgpr_mt2_ms64/seed3/blocks.csv,,,,,,,,,,,,,
short,online,maddox_streaming_sgpr_mt2_ms64,maddox_streaming_sgpr_mt2_ms64,3,complete,runs/task1_2/online/maddox_streaming_sgpr_mt2_ms64/seed3,runs/task1_2/online/maddox_streaming_sgpr_mt2_ms64/seed3/result.json,runs/task1_2/online/maddox_streaming_sgpr_mt2_ms64/seed3/predictions.npz,,True,0.22138637186365612,0.15323774159668951,0.9885,0.33712213185809564,0.8836116082966328,0.006129667162895203,56.22412109375,104.0,,0.25394439697265625,9,90,100,10,0.40802385549851095,0.021352827548980713,9,,runs/task1_2/online/maddox_streaming_sgpr_mt2_ms64/seed3/blocks.csv,,,,,,,,,,,,,
short,online,maddox_streaming_sgpr_mt2_ms64,maddox_streaming_sgpr_mt2_ms64,3,complete,runs/task1_2/online/maddox_streaming_sgpr_mt2_ms64/seed3,runs/task1_2/online/maddox_streaming_sgpr_mt2_ms64/seed3/result.json,runs/task1_2/online/maddox_streaming_sgpr_mt2_ms64/seed3/predictions.npz,,True,0.26950230762475036,0.260519626565446,0.972,0.33712213185809564,0.8836116082966328,0.006277693435549736,56.22412109375,104.0,,0.25394439697265625,10,100,110,10,0.43573432586475463,0.023094741627573967,10,,runs/task1_2/online/maddox_streaming_sgpr_mt2_ms64/seed3/blocks.csv,,,,,,,,,,,,,
short,online,maddox_streaming_sgpr_mt2_ms64,maddox_streaming_sgpr_mt2_ms64,3,complete,runs/task1_2/online/maddox_streaming_sgpr_mt2_ms64/seed3,runs/task1_2/online/maddox_streaming_sgpr_mt2_ms64/seed3/result.json,runs/task1_2/online/maddox_streaming_sgpr_mt2_ms64/seed3/predictions.npz,,True,0.27003414448800256,0.2796655866259323,0.969,0.33712213185809564,0.8836116082966328,0.0063622258603572845,56.22412109375,104.0,,0.25394439697265625,11,110,120,10,0.40984039626247065,0.025989273563027382,11,,runs/task1_2/online/maddox_streaming_sgpr_mt2_ms64/seed3/blocks.csv,,,,,,,,,,,,,
short,online,maddox_streaming_sgpr_mt2_ms64,maddox_streaming_sgpr_mt2_ms64,3,complete,runs/task1_2/online/maddox_streaming_sgpr_mt2_ms64/seed3,runs/task1_2/online/maddox_streaming_sgpr_mt2_ms64/seed3/result.json,runs/task1_2/online/maddox_streaming_sgpr_mt2_ms64/seed3/predictions.npz,,True,0.3317796363779226,0.3608411977584985,0.925,0.33712213185809564,0.8836116082966328,0.006199602037668228,56.22412109375,104.0,,0.25394439697265625,12,120,130,10,0.3891843445493586,0.02206939272582531,12,,runs/task1_2/online/maddox_streaming_sgpr_mt2_ms64/seed3/blocks.csv,,,,,,,,,,,,,
short,online,maddox_streaming_sgpr_mt2_ms64,maddox_streaming_sgpr_mt2_ms64,3,complete,runs/task1_2/online/maddox_streaming_sgpr_mt2_ms64/seed3,runs/task1_2/online/maddox_streaming_sgpr_mt2_ms64/seed3/result.json,runs/task1_2/online/maddox_streaming_sgpr_mt2_ms64/seed3/predictions.npz,,True,0.2721916503257949,0.30876242240162977,0.95,0.33712213185809564,0.8836116082966328,0.0061617400497198105,56.22412109375,104.0,,0.25394439697265625,13,130,140,10,0.421304044120542,0.021482842043042183,13,,runs/task1_2/online/maddox_streaming_sgpr_mt2_ms64/seed3/blocks.csv,,,,,,,,,,,,,
short,online,maddox_streaming_sgpr_mt2_ms64,maddox_streaming_sgpr_mt2_ms64,3,complete,runs/task1_2/online/maddox_streaming_sgpr_mt2_ms64/seed3,runs/task1_2/online/maddox_streaming_sgpr_mt2_ms64/seed3/result.json,runs/task1_2/online/maddox_streaming_sgpr_mt2_ms64/seed3/predictions.npz,,True,0.28967661539890727,0.25899807279496123,0.9685,0.33712213185809564,0.8836116082966328,0.00612824410200119,56.22412109375,104.0,,0.25394439697265625,14,140,150,10,0.4222904068673357,0.021245531737804413,14,,runs/task1_2/online/maddox_streaming_sgpr_mt2_ms64/seed3/blocks.csv,,,,,,,,,,,,,
short,online,maddox_streaming_sgpr_mt2_ms64,maddox_streaming_sgpr_mt2_ms64,3,complete,runs/task1_2/online/maddox_streaming_sgpr_mt2_ms64/seed3,runs/task1_2/online/maddox_streaming_sgpr_mt2_ms64/seed3/result.json,runs/task1_2/online/maddox_streaming_sgpr_mt2_ms64/seed3/predictions.npz,,True,0.27675858935655157,0.250871433824029,0.958,0.33712213185809564,0.8836116082966328,0.006553700193762779,56.22412109375,104.0,,0.25394439697265625,15,150,160,10,0.4040064674233059,0.021260468289256096,15,,runs/task1_2/online/maddox_streaming_sgpr_mt2_ms64/seed3/blocks.csv,,,,,,,,,,,,,
short,online,maddox_streaming_sgpr_mt2_ms64,maddox_streaming_sgpr_mt2_ms64,3,complete,runs/task1_2/online/maddox_streaming_sgpr_mt2_ms64/seed3,runs/task1_2/online/maddox_streaming_sgpr_mt2_ms64/seed3/result.json,runs/task1_2/online/maddox_streaming_sgpr_mt2_ms64/seed3/predictions.npz,,True,0.27183207520614766,0.22226956028672726,0.9775,0.33712213185809564,0.8836116082966328,0.006125291809439659,56.22412109375,104.0,,0.25394439697265625,16,160,170,10,0.41594885403120396,0.025196345522999763,16,,runs/task1_2/online/maddox_streaming_sgpr_mt2_ms64/seed3/blocks.csv,,,,,,,,,,,,,
short,online,maddox_streaming_sgpr_mt2_ms64,maddox_streaming_sgpr_mt2_ms64,3,complete,runs/task1_2/online/maddox_streaming_sgpr_mt2_ms64/seed3,runs/task1_2/online/maddox_streaming_sgpr_mt2_ms64/seed3/result.json,runs/task1_2/online/maddox_streaming_sgpr_mt2_ms64/seed3/predictions.npz,,True,0.32523211771353977,0.45799958239570066,0.9355,0.33712213185809564,0.8836116082966328,0.006130075082182884,56.22412109375,104.0,,0.25394439697265625,17,170,180,10,0.41686829815590476,0.021289581432938576,17,,runs/task1_2/online/maddox_streaming_sgpr_mt2_ms64/seed3/blocks.csv,,,,,,,,,,,,,
short,online,maddox_streaming_sgpr_mt2_ms64,maddox_streaming_sgpr_mt2_ms64,3,complete,runs/task1_2/online/maddox_streaming_sgpr_mt2_ms64/seed3,runs/task1_2/online/maddox_streaming_sgpr_mt2_ms64/seed3/result.json,runs/task1_2/online/maddox_streaming_sgpr_mt2_ms64/seed3/predictions.npz,,True,0.33712213185809564,0.6072447824768415,0.8741666666666666,0.33712213185809564,0.8836116082966328,0.005461694672703743,56.22412109375,104.0,,0.25394439697265625,18,180,186,6,0.3460253374884106,0.021037282422184944,18,,runs/task1_2/online/maddox_streaming_sgpr_mt2_ms64/seed3/blocks.csv,,,,,,,,,,,,,
short,online,maddox_streaming_sgpr_mt2_ms64,maddox_streaming_sgpr_mt2_ms64,4,complete,runs/task1_2/online/maddox_streaming_sgpr_mt2_ms64/seed4,runs/task1_2/online/maddox_streaming_sgpr_mt2_ms64/seed4/result.json,runs/task1_2/online/maddox_streaming_sgpr_mt2_ms64/seed4/predictions.npz,,True,0.28909558622107256,0.5150918625809802,0.931,0.4619829862778029,0.8813140001147985,0.007035452872514725,56.22412109375,104.0,,0.25394439697265625,0,0,10,10,0.4978150823144228,0.1301070712506771,0,,runs/task1_2/online/maddox_streaming_sgpr_mt2_ms64/seed4/blocks.csv,,,,,,,,,,,,,
short,online,maddox_streaming_sgpr_mt2_ms64,maddox_streaming_sgpr_mt2_ms64,4,complete,runs/task1_2/online/maddox_streaming_sgpr_mt2_ms64/seed4,runs/task1_2/online/maddox_streaming_sgpr_mt2_ms64/seed4/result.json,runs/task1_2/online/maddox_streaming_sgpr_mt2_ms64/seed4/predictions.npz,,True,0.2398624216734585,0.2624893913405217,0.985,0.4619829862778029,0.8813140001147985,0.006195461377501488,56.22412109375,104.0,,0.25394439697265625,1,10,20,10,0.46357289417247866,0.031501973047852516,1,,runs/task1_2/online/maddox_streaming_sgpr_mt2_ms64/seed4/blocks.csv,,,,,,,,,,,,,
short,online,maddox_streaming_sgpr_mt2_ms64,maddox_streaming_sgpr_mt2_ms64,4,complete,runs/task1_2/online/maddox_streaming_sgpr_mt2_ms64/seed4,runs/task1_2/online/maddox_streaming_sgpr_mt2_ms64/seed4/result.json,runs/task1_2/online/maddox_streaming_sgpr_mt2_ms64/seed4/predictions.npz,,True,0.2804368723678085,0.286441424201799,0.971,0.4619829862778029,0.8813140001147985,0.00610838457942009,56.22412109375,104.0,,0.25394439697265625,2,20,30,10,0.4348500983791861,0.021311672404408455,2,,runs/task1_2/online/maddox_streaming_sgpr_mt2_ms64/seed4/blocks.csv,,,,,,,,,,,,,
short,online,maddox_streaming_sgpr_mt2_ms64,maddox_streaming_sgpr_mt2_ms64,4,complete,runs/task1_2/online/maddox_streaming_sgpr_mt2_ms64/seed4,runs/task1_2/online/maddox_streaming_sgpr_mt2_ms64/seed4/result.json,runs/task1_2/online/maddox_streaming_sgpr_mt2_ms64/seed4/predictions.npz,,True,0.2988911548896236,0.3235052831131042,0.96,0.4619829862778029,0.8813140001147985,0.006128303706645966,56.22412109375,104.0,,0.25394439697265625,3,30,40,10,0.4343038295274362,0.021275663748383522,3,,runs/task1_2/online/maddox_streaming_sgpr_mt2_ms64/seed4/blocks.csv,,,,,,,,,,,,,
short,online,maddox_streaming_sgpr_mt2_ms64,maddox_streaming_sgpr_mt2_ms64,4,complete,runs/task1_2/online/maddox_streaming_sgpr_mt2_ms64/seed4,runs/task1_2/online/maddox_streaming_sgpr_mt2_ms64/seed4/result.json,runs/task1_2/online/maddox_streaming_sgpr_mt2_ms64/seed4/predictions.npz,,True,0.27979083027702767,0.40271890827310847,0.9795,0.4619829862778029,0.8813140001147985,0.006162436679005623,56.22412109375,104.0,,0.25394439697265625,4,40,50,10,0.45496779817369626,0.021203532814979553,4,,runs/task1_2/online/maddox_streaming_sgpr_mt2_ms64/seed4/blocks.csv,,,,,,,,,,,,,
short,online,maddox_streaming_sgpr_mt2_ms64,maddox_streaming_sgpr_mt2_ms64,4,complete,runs/task1_2/online/maddox_streaming_sgpr_mt2_ms64/seed4,runs/task1_2/online/maddox_streaming_sgpr_mt2_ms64/seed4/result.json,runs/task1_2/online/maddox_streaming_sgpr_mt2_ms64/seed4/predictions.npz,,True,0.204869356458105,0.1414112114656351,0.984,0.4619829862778029,0.8813140001147985,0.006106548011302948,56.22412109375,104.0,,0.25394439697265625,5,50,60,10,0.40168955778967425,0.022161005064845085,5,,runs/task1_2/online/maddox_streaming_sgpr_mt2_ms64/seed4/blocks.csv,,,,,,,,,,,,,
short,online,maddox_streaming_sgpr_mt2_ms64,maddox_streaming_sgpr_mt2_ms64,4,complete,runs/task1_2/online/maddox_streaming_sgpr_mt2_ms64/seed4,runs/task1_2/online/maddox_streaming_sgpr_mt2_ms64/seed4/result.json,runs/task1_2/online/maddox_streaming_sgpr_mt2_ms64/seed4/predictions.npz,,True,0.18633229369913434,0.11642998381467397,0.992,0.4619829862778029,0.8813140001147985,0.006090657785534859,56.22412109375,104.0,,0.25394439697265625,6,60,70,10,0.4140656546384964,0.024012763053178787,6,,runs/task1_2/online/maddox_streaming_sgpr_mt2_ms64/seed4/blocks.csv,,,,,,,,,,,,,
short,online,maddox_streaming_sgpr_mt2_ms64,maddox_streaming_sgpr_mt2_ms64,4,complete,runs/task1_2/online/maddox_streaming_sgpr_mt2_ms64/seed4,runs/task1_2/online/maddox_streaming_sgpr_mt2_ms64/seed4/result.json,runs/task1_2/online/maddox_streaming_sgpr_mt2_ms64/seed4/predictions.npz,,True,0.21546597249618674,0.21447356820844507,0.9825,0.4619829862778029,0.8813140001147985,0.006152389571070671,56.22412109375,104.0,,0.25394439697265625,7,70,80,10,0.4369520406174397,0.021143652498722076,7,,runs/task1_2/online/maddox_streaming_sgpr_mt2_ms64/seed4/blocks.csv,,,,,,,,,,,,,
short,online,maddox_streaming_sgpr_mt2_ms64,maddox_streaming_sgpr_mt2_ms64,4,complete,runs/task1_2/online/maddox_streaming_sgpr_mt2_ms64/seed4,runs/task1_2/online/maddox_streaming_sgpr_mt2_ms64/seed4/result.json,runs/task1_2/online/maddox_streaming_sgpr_mt2_ms64/seed4/predictions.npz,,True,0.23398745388414924,0.182653772126897,0.9675,0.4619829862778029,0.8813140001147985,0.00617278553545475,56.22412109375,104.0,,0.25394439697265625,8,80,90,10,0.40756731035860755,0.021446850150823593,8,,runs/task1_2/online/maddox_streaming_sgpr_mt2_ms64/seed4/blocks.csv,,,,,,,,,,,,,
short,online,maddox_streaming_sgpr_mt2_ms64,maddox_streaming_sgpr_mt2_ms64,4,complete,runs/task1_2/online/maddox_streaming_sgpr_mt2_ms64/seed4,runs/task1_2/online/maddox_streaming_sgpr_mt2_ms64/seed4/result.json,runs/task1_2/online/maddox_streaming_sgpr_mt2_ms64/seed4/predictions.npz,,True,0.22187835986899565,0.1837616098080386,0.9865,0.4619829862778029,0.8813140001147985,0.0060956478118896484,56.22412109375,104.0,,0.25394439697265625,9,90,100,10,0.43471823017567635,0.021162807941436768,9,,runs/task1_2/online/maddox_streaming_sgpr_mt2_ms64/seed4/blocks.csv,,,,,,,,,,,,,
short,online,maddox_streaming_sgpr_mt2_ms64,maddox_streaming_sgpr_mt2_ms64,4,complete,runs/task1_2/online/maddox_streaming_sgpr_mt2_ms64/seed4,runs/task1_2/online/maddox_streaming_sgpr_mt2_ms64/seed4/result.json,runs/task1_2/online/maddox_streaming_sgpr_mt2_ms64/seed4/predictions.npz,,True,0.2673598711677681,0.21281948346044804,0.982,0.4619829862778029,0.8813140001147985,0.006227359175682068,56.22412109375,104.0,,0.25394439697265625,10,100,110,10,0.42547284830781007,0.021266426891088486,10,,runs/task1_2/online/maddox_streaming_sgpr_mt2_ms64/seed4/blocks.csv,,,,,,,,,,,,,
short,online,maddox_streaming_sgpr_mt2_ms64,maddox_streaming_sgpr_mt2_ms64,4,complete,runs/task1_2/online/maddox_streaming_sgpr_mt2_ms64/seed4,runs/task1_2/online/maddox_streaming_sgpr_mt2_ms64/seed4/result.json,runs/task1_2/online/maddox_streaming_sgpr_mt2_ms64/seed4/predictions.npz,,True,0.3287082193440756,0.40516951130823203,0.9505,0.4619829862778029,0.8813140001147985,0.006338860839605331,56.22412109375,104.0,,0.25394439697265625,11,110,120,10,0.4320302709480656,0.026015279814600945,11,,runs/task1_2/online/maddox_streaming_sgpr_mt2_ms64/seed4/blocks.csv,,,,,,,,,,,,,
short,online,maddox_streaming_sgpr_mt2_ms64,maddox_streaming_sgpr_mt2_ms64,4,complete,runs/task1_2/online/maddox_streaming_sgpr_mt2_ms64/seed4,runs/task1_2/online/maddox_streaming_sgpr_mt2_ms64/seed4/result.json,runs/task1_2/online/maddox_streaming_sgpr_mt2_ms64/seed4/predictions.npz,,True,0.3586853077525879,0.425443359657486,0.939,0.4619829862778029,0.8813140001147985,0.006154423579573631,56.22412109375,104.0,,0.25394439697265625,12,120,130,10,0.4452713400289095,0.024940796196460724,12,,runs/task1_2/online/maddox_streaming_sgpr_mt2_ms64/seed4/blocks.csv,,,,,,,,,,,,,
short,online,maddox_streaming_sgpr_mt2_ms64,maddox_streaming_sgpr_mt2_ms64,4,complete,runs/task1_2/online/maddox_streaming_sgpr_mt2_ms64/seed4,runs/task1_2/online/maddox_streaming_sgpr_mt2_ms64/seed4/result.json,runs/task1_2/online/maddox_streaming_sgpr_mt2_ms64/seed4/predictions.npz,,True,0.24651728266359935,0.1941877763945896,0.973,0.4619829862778029,0.8813140001147985,0.006177747622132301,56.22412109375,104.0,,0.25394439697265625,13,130,140,10,0.4016709531416075,0.021446581929922104,13,,runs/task1_2/online/maddox_streaming_sgpr_mt2_ms64/seed4/blocks.csv,,,,,,,,,,,,,
short,online,maddox_streaming_sgpr_mt2_ms64,maddox_streaming_sgpr_mt2_ms64,4,complete,runs/task1_2/online/maddox_streaming_sgpr_mt2_ms64/seed4,runs/task1_2/online/maddox_streaming_sgpr_mt2_ms64/seed4/result.json,runs/task1_2/online/maddox_streaming_sgpr_mt2_ms64/seed4/predictions.npz,,True,0.26082120389349706,0.21655511452316323,0.9775,0.4619829862778029,0.8813140001147985,0.0061161816120147705,56.22412109375,104.0,,0.25394439697265625,14,140,150,10,0.40958409267285995,0.02142692543566227,14,,runs/task1_2/online/maddox_streaming_sgpr_mt2_ms64/seed4/blocks.csv,,,,,,,,,,,,,
short,online,maddox_streaming_sgpr_mt2_ms64,maddox_streaming_sgpr_mt2_ms64,4,complete,runs/task1_2/online/maddox_streaming_sgpr_mt2_ms64/seed4,runs/task1_2/online/maddox_streaming_sgpr_mt2_ms64/seed4/result.json,runs/task1_2/online/maddox_streaming_sgpr_mt2_ms64/seed4/predictions.npz,,True,0.30896328918156024,0.31906545673961706,0.9665,0.4619829862778029,0.8813140001147985,0.00655134953558445,56.22412109375,104.0,,0.25394439697265625,15,150,160,10,0.44425651641504554,0.021363619714975357,15,,runs/task1_2/online/maddox_streaming_sgpr_mt2_ms64/seed4/blocks.csv,,,,,,,,,,,,,
short,online,maddox_streaming_sgpr_mt2_ms64,maddox_streaming_sgpr_mt2_ms64,4,complete,runs/task1_2/online/maddox_streaming_sgpr_mt2_ms64/seed4,runs/task1_2/online/maddox_streaming_sgpr_mt2_ms64/seed4/result.json,runs/task1_2/online/maddox_streaming_sgpr_mt2_ms64/seed4/predictions.npz,,True,0.2870171560030274,0.34653316281573066,0.966,0.4619829862778029,0.8813140001147985,0.006158189848065376,56.22412109375,104.0,,0.25394439697265625,16,160,170,10,0.453746785400132,0.021540245041251183,16,,runs/task1_2/online/maddox_streaming_sgpr_mt2_ms64/seed4/blocks.csv,,,,,,,,,,,,,
short,online,maddox_streaming_sgpr_mt2_ms64,maddox_streaming_sgpr_mt2_ms64,4,complete,runs/task1_2/online/maddox_streaming_sgpr_mt2_ms64/seed4,runs/task1_2/online/maddox_streaming_sgpr_mt2_ms64/seed4/result.json,runs/task1_2/online/maddox_streaming_sgpr_mt2_ms64/seed4/predictions.npz,,True,0.2781819911237632,0.2098248478573166,0.971,0.4619829862778029,0.8813140001147985,0.00621766597032547,56.22412109375,104.0,,0.25394439697265625,17,170,180,10,0.3999401915354474,0.021393517032265663,17,,runs/task1_2/online/maddox_streaming_sgpr_mt2_ms64/seed4/blocks.csv,,,,,,,,,,,,,
short,online,maddox_streaming_sgpr_mt2_ms64,maddox_streaming_sgpr_mt2_ms64,4,complete,runs/task1_2/online/maddox_streaming_sgpr_mt2_ms64/seed4,runs/task1_2/online/maddox_streaming_sgpr_mt2_ms64/seed4/result.json,runs/task1_2/online/maddox_streaming_sgpr_mt2_ms64/seed4/predictions.npz,,True,0.4619829862778029,4.294812812930927,0.8425,0.4619829862778029,0.8813140001147985,0.005502320826053619,56.22412109375,104.0,,0.25394439697265625,18,180,186,6,0.3744038063367852,0.02118760719895363,18,,runs/task1_2/online/maddox_streaming_sgpr_mt2_ms64/seed4/blocks.csv,,,,,,,,,,,,,
short,online,official_ohsvgp_m32_rff128,official_ohsvgp_m32_rff128,0,complete,runs/task1_2/online/official_ohsvgp_m32_rff128/seed0,runs/task1_2/online/official_ohsvgp_m32_rff128/seed0/result.json,runs/task1_2/online/official_ohsvgp_m32_rff128/seed0/predictions.npz,,True,0.5023243586168055,0.814597155190102,0.9825,0.633403833963088,11.078311493620276,0.023363567888736725,144.654296875,162.0,,0.081298828125,0,0,10,10,0.6922807516912791,1.3441712968051434,0,,runs/task1_2/online/official_ohsvgp_m32_rff128/seed0/blocks.csv,,,,,,,,,,,,,
short,online,official_ohsvgp_m32_rff128,official_ohsvgp_m32_rff128,0,complete,runs/task1_2/online/official_ohsvgp_m32_rff128/seed0,runs/task1_2/online/official_ohsvgp_m32_rff128/seed0/result.json,runs/task1_2/online/official_ohsvgp_m32_rff128/seed0/predictions.npz,,True,0.3789875089425039,0.686707318689544,0.991,0.633403833963088,11.078311493620276,0.022805459797382355,144.654296875,162.0,,0.081298828125,1,10,20,10,0.6786108229757435,0.4245081767439842,1,,runs/task1_2/online/official_ohsvgp_m32_rff128/seed0/blocks.csv,,,,,,,,,,,,,
short,online,official_ohsvgp_m32_rff128,official_ohsvgp_m32_rff128,0,complete,runs/task1_2/online/official_ohsvgp_m32_rff128/seed0,runs/task1_2/online/official_ohsvgp_m32_rff128/seed0/result.json,runs/task1_2/online/official_ohsvgp_m32_rff128/seed0/predictions.npz,,True,0.359053739378268,0.654581254457505,0.9955,0.633403833963088,11.078311493620276,0.02277262695133686,144.654296875,162.0,,0.081298828125,2,20,30,10,0.6620556346264208,0.42420368641614914,2,,runs/task1_2/online/official_ohsvgp_m32_rff128/seed0/blocks.csv,,,,,,,,,,,,,
short,online,official_ohsvgp_m32_rff128,official_ohsvgp_m32_rff128,0,complete,runs/task1_2/online/official_ohsvgp_m32_rff128/seed0,runs/task1_2/online/official_ohsvgp_m32_rff128/seed0/result.json,runs/task1_2/online/official_ohsvgp_m32_rff128/seed0/predictions.npz,,True,0.35085179406265427,0.6307222400950777,0.993,0.633403833963088,11.078311493620276,0.022926343604922295,144.654296875,162.0,,0.081298828125,3,30,40,10,0.6477152072080812,0.42872524447739124,3,,runs/task1_2/online/official_ohsvgp_m32_rff128/seed0/blocks.csv,,,,,,,,,,,,,
short,online,official_ohsvgp_m32_rff128,official_ohsvgp_m32_rff128,0,complete,runs/task1_2/online/official_ohsvgp_m32_rff128/seed0,runs/task1_2/online/official_ohsvgp_m32_rff128/seed0/result.json,runs/task1_2/online/official_ohsvgp_m32_rff128/seed0/predictions.npz,,True,0.5017659510792835,0.8101172525785912,0.9465,0.633403833963088,11.078311493620276,0.028351163491606712,144.654296875,162.0,,0.081298828125,4,40,50,10,0.6356114139687737,0.43351911194622517,4,,runs/task1_2/online/official_ohsvgp_m32_rff128/seed0/blocks.csv,,,,,,,,,,,,,
short,online,official_ohsvgp_m32_rff128,official_ohsvgp_m32_rff128,0,complete,runs/task1_2/online/official_ohsvgp_m32_rff128/seed0,runs/task1_2/online/official_ohsvgp_m32_rff128/seed0/result.json,runs/task1_2/online/official_ohsvgp_m32_rff128/seed0/predictions.npz,,True,0.6117355041956997,0.8750684803504839,0.9355,0.633403833963088,11.078311493620276,0.023102886974811554,144.654296875,162.0,,0.081298828125,5,50,60,10,0.6286635460958193,0.43490853905677795,5,,runs/task1_2/online/official_ohsvgp_m32_rff128/seed0/blocks.csv,,,,,,,,,,,,,
short,online,official_ohsvgp_m32_rff128,official_ohsvgp_m32_rff128,0,complete,runs/task1_2/online/official_ohsvgp_m32_rff128/seed0,runs/task1_2/online/official_ohsvgp_m32_rff128/seed0/result.json,runs/task1_2/online/official_ohsvgp_m32_rff128/seed0/predictions.npz,,True,0.5457587365179936,0.7852903313247138,0.979,0.633403833963088,11.078311493620276,0.023121565580368042,144.654296875,162.0,,0.081298828125,6,60,70,10,0.6227417029693258,0.4299879875034094,6,,runs/task1_2/online/official_ohsvgp_m32_rff128/seed0/blocks.csv,,,,,,,,,,,,,
short,online,official_ohsvgp_m32_rff128,official_ohsvgp_m32_rff128,0,complete,runs/task1_2/online/official_ohsvgp_m32_rff128/seed0,runs/task1_2/online/official_ohsvgp_m32_rff128/seed0/result.json,runs/task1_2/online/official_ohsvgp_m32_rff128/seed0/predictions.npz,,True,0.563851478759305,0.846921216728072,0.923,0.633403833963088,11.078311493620276,0.02298346906900406,144.654296875,162.0,,0.081298828125,7,70,80,10,0.6222484770545074,0.4270502123981714,7,,runs/task1_2/online/official_ohsvgp_m32_rff128/seed0/blocks.csv,,,,,,,,,,,,,
short,online,official_ohsvgp_m32_rff128,official_ohsvgp_m32_rff128,0,complete,runs/task1_2/online/official_ohsvgp_m32_rff128/seed0,runs/task1_2/online/official_ohsvgp_m32_rff128/seed0/result.json,runs/task1_2/online/official_ohsvgp_m32_rff128/seed0/predictions.npz,,True,0.4691927201016153,0.7310889171349554,0.957,0.633403833963088,11.078311493620276,0.022593006491661072,144.654296875,162.0,,0.081298828125,8,80,90,10,0.6183816753092157,0.40556733310222626,8,,runs/task1_2/online/official_ohsvgp_m32_rff128/seed0/blocks.csv,,,,,,,,,,,,,
short,online,official_ohsvgp_m32_rff128,official_ohsvgp_m32_rff128,0,complete,runs/task1_2/online/official_ohsvgp_m32_rff128/seed0,runs/task1_2/online/official_ohsvgp_m32_rff128/seed0/result.json,runs/task1_2/online/official_ohsvgp_m32_rff128/seed0/predictions.npz,,True,0.533800845482133,0.8321452706449479,0.9435,0.633403833963088,11.078311493620276,0.022204697132110596,144.654296875,162.0,,0.081298828125,9,90,100,10,0.6109329213948717,0.36331065744161606,9,,runs/task1_2/online/official_ohsvgp_m32_rff128/seed0/blocks.csv,,,,,,,,,,,,,
short,online,official_ohsvgp_m32_rff128,official_ohsvgp_m32_rff128,0,complete,runs/task1_2/online/official_ohsvgp_m32_rff128/seed0,runs/task1_2/online/official_ohsvgp_m32_rff128/seed0/result.json,runs/task1_2/online/official_ohsvgp_m32_rff128/seed0/predictions.npz,,True,0.5828490883524595,0.8988631282813687,0.897,0.633403833963088,11.078311493620276,0.02252502553164959,144.654296875,162.0,,0.081298828125,10,100,110,10,0.6099448813105655,0.40397487580776215,10,,runs/task1_2/online/official_ohsvgp_m32_rff128/seed0/blocks.csv,,,,,,,,,,,,,
short,online,official_ohsvgp_m32_rff128,official_ohsvgp_m32_rff128,0,complete,runs/task1_2/online/official_ohsvgp_m32_rff128/seed0,runs/task1_2/online/official_ohsvgp_m32_rff128/seed0/result.json,runs/task1_2/online/official_ohsvgp_m32_rff128/seed0/predictions.npz,,True,0.9212206804556291,1.6339988149597295,0.674,0.633403833963088,11.078311493620276,0.02180200070142746,144.654296875,162.0,,0.081298828125,11,110,120,10,0.6124249734889974,0.4101488124579191,11,,runs/task1_2/online/official_ohsvgp_m32_rff128/seed0/blocks.csv,,,,,,,,,,,,,
short,online,official_ohsvgp_m32_rff128,official_ohsvgp_m32_rff128,0,complete,runs/task1_2/online/official_ohsvgp_m32_rff128/seed0,runs/task1_2/online/official_ohsvgp_m32_rff128/seed0/result.json,runs/task1_2/online/official_ohsvgp_m32_rff128/seed0/predictions.npz,,True,0.9773021580532941,1.6894727445255255,0.6165,0.633403833963088,11.078311493620276,0.021742504090070724,144.654296875,162.0,,0.081298828125,12,120,130,10,0.6046546802237094,0.41465926729142666,12,,runs/task1_2/online/official_ohsvgp_m32_rff128/seed0/blocks.csv,,,,,,,,,,,,,
short,online,official_ohsvgp_m32_rff128,official_ohsvgp_m32_rff128,0,complete,runs/task1_2/online/official_ohsvgp_m32_rff128/seed0,runs/task1_2/online/official_ohsvgp_m32_rff128/seed0/result.json,runs/task1_2/online/official_ohsvgp_m32_rff128/seed0/predictions.npz,,True,0.5544713823534024,0.8155784676611987,0.9255,0.633403833963088,11.078311493620276,0.021734850481152534,144.654296875,162.0,,0.081298828125,13,130,140,10,0.5981840637224898,0.41401144303381443,13,,runs/task1_2/online/official_ohsvgp_m32_rff128/seed0/blocks.csv,,,,,,,,,,,,,
short,online,official_ohsvgp_m32_rff128,official_ohsvgp_m32_rff128,0,complete,runs/task1_2/online/official_ohsvgp_m32_rff128/seed0,runs/task1_2/online/official_ohsvgp_m32_rff128/seed0/result.json,runs/task1_2/online/official_ohsvgp_m32_rff128/seed0/predictions.npz,,True,0.4828710909691815,0.7351948482683981,0.941,0.633403833963088,11.078311493620276,0.021876951679587364,144.654296875,162.0,,0.081298828125,14,140,150,10,0.5925806156926421,0.4099606405943632,14,,runs/task1_2/online/official_ohsvgp_m32_rff128/seed0/blocks.csv,,,,,,,,,,,,,
short,online,official_ohsvgp_m32_rff128,official_ohsvgp_m32_rff128,0,complete,runs/task1_2/online/official_ohsvgp_m32_rff128/seed0,runs/task1_2/online/official_ohsvgp_m32_rff128/seed0/result.json,runs/task1_2/online/official_ohsvgp_m32_rff128/seed0/predictions.npz,,True,0.7771271262413175,1.2177517268698312,0.8065,0.633403833963088,11.078311493620276,0.021773220971226692,144.654296875,162.0,,0.081298828125,15,150,160,10,0.5977687821163897,0.40757391415536404,15,,runs/task1_2/online/official_ohsvgp_m32_rff128/seed0/blocks.csv,,,,,,,,,,,,,
short,online,official_ohsvgp_m32_rff128,official_ohsvgp_m32_rff128,0,complete,runs/task1_2/online/official_ohsvgp_m32_rff128/seed0,runs/task1_2/online/official_ohsvgp_m32_rff128/seed0/result.json,runs/task1_2/online/official_ohsvgp_m32_rff128/seed0/predictions.npz,,True,0.8905547371774559,1.5207115074627235,0.615,0.633403833963088,11.078311493620276,0.021747946739196777,144.654296875,162.0,,0.081298828125,16,160,170,10,0.5913639604807193,0.4074481651186943,16,,runs/task1_2/online/official_ohsvgp_m32_rff128/seed0/blocks.csv,,,,,,,,,,,,,
short,online,official_ohsvgp_m32_rff128,official_ohsvgp_m32_rff128,0,complete,runs/task1_2/online/official_ohsvgp_m32_rff128/seed0,runs/task1_2/online/official_ohsvgp_m32_rff128/seed0/result.json,runs/task1_2/online/official_ohsvgp_m32_rff128/seed0/predictions.npz,,True,0.7148176160798937,1.093749838728144,0.8105,0.633403833963088,11.078311493620276,0.021719394251704216,144.654296875,162.0,,0.081298828125,17,170,180,10,0.5909282446009033,0.41245665587484837,17,,runs/task1_2/online/official_ohsvgp_m32_rff128/seed0/blocks.csv,,,,,,,,,,,,,
short,online,official_ohsvgp_m32_rff128,official_ohsvgp_m32_rff128,0,complete,runs/task1_2/online/official_ohsvgp_m32_rff128/seed0,runs/task1_2/online/official_ohsvgp_m32_rff128/seed0/result.json,runs/task1_2/online/official_ohsvgp_m32_rff128/seed0/predictions.npz,,True,0.633403833963088,0.9603127386018037,0.865,0.633403833963088,11.078311493620276,0.013122603297233582,144.654296875,162.0,,0.081298828125,18,180,186,6,0.5540228657824711,0.24931321293115616,18,,runs/task1_2/online/official_ohsvgp_m32_rff128/seed0/blocks.csv,,,,,,,,,,,,,
short,online,official_ohsvgp_m32_rff128,official_ohsvgp_m32_rff128,1,complete,runs/task1_2/online/official_ohsvgp_m32_rff128/seed1,runs/task1_2/online/official_ohsvgp_m32_rff128/seed1/result.json,runs/task1_2/online/official_ohsvgp_m32_rff128/seed1/predictions.npz,,True,0.48420496116391604,0.8169594685719852,0.991,0.5921439061399449,11.235155019909143,0.02302568592131138,144.654296875,162.0,,0.081298828125,0,0,10,10,0.7205237844823135,1.375886445865035,0,,runs/task1_2/online/official_ohsvgp_m32_rff128/seed1/blocks.csv,,,,,,,,,,,,,
short,online,official_ohsvgp_m32_rff128,official_ohsvgp_m32_rff128,1,complete,runs/task1_2/online/official_ohsvgp_m32_rff128/seed1,runs/task1_2/online/official_ohsvgp_m32_rff128/seed1/result.json,runs/task1_2/online/official_ohsvgp_m32_rff128/seed1/predictions.npz,,True,0.34573520690026555,0.6886175137040353,0.998,0.5921439061399449,11.235155019909143,0.022684669122099876,144.654296875,162.0,,0.081298828125,1,10,20,10,0.7042375457221012,0.4251687526702881,1,,runs/task1_2/online/official_ohsvgp_m32_rff128/seed1/blocks.csv,,,,,,,,,,,,,
short,online,official_ohsvgp_m32_rff128,official_ohsvgp_m32_rff128,1,complete,runs/task1_2/online/official_ohsvgp_m32_rff128/seed1,runs/task1_2/online/official_ohsvgp_m32_rff128/seed1/result.json,runs/task1_2/online/official_ohsvgp_m32_rff128/seed1/predictions.npz,,True,0.3604242088610154,0.6859744925282268,0.9945,0.5921439061399449,11.235155019909143,0.02259148098528385,144.654296875,162.0,,0.081298828125,2,20,30,10,0.6877085353910493,0.4210880845785141,2,,runs/task1_2/online/official_ohsvgp_m32_rff128/seed1/blocks.csv,,,,,,,,,,,,,
short,online,official_ohsvgp_m32_rff128,official_ohsvgp_m32_rff128,1,complete,runs/task1_2/online/official_ohsvgp_m32_rff128/seed1,runs/task1_2/online/official_ohsvgp_m32_rff128/seed1/result.json,runs/task1_2/online/official_ohsvgp_m32_rff128/seed1/predictions.npz,,True,0.35725966404270093,0.6683468106415182,0.987,0.5921439061399449,11.235155019909143,0.022563571110367775,144.654296875,162.0,,0.081298828125,3,30,40,10,0.6719843481656232,0.43098438903689384,3,,runs/task1_2/online/official_ohsvgp_m32_rff128/seed1/blocks.csv,,,,,,,,,,,,,
short,online,official_ohsvgp_m32_rff128,official_ohsvgp_m32_rff128,1,complete,runs/task1_2/online/official_ohsvgp_m32_rff128/seed1,runs/task1_2/online/official_ohsvgp_m32_rff128/seed1/result.json,runs/task1_2/online/official_ohsvgp_m32_rff128/seed1/predictions.npz,,True,0.4900097740132441,0.7910726409914691,0.9625,0.5921439061399449,11.235155019909143,0.02628372609615326,144.654296875,162.0,,0.081298828125,4,40,50,10,0.6606850369925265,0.4178413785994053,4,,runs/task1_2/online/official_ohsvgp_m32_rff128/seed1/blocks.csv,,,,,,,,,,,,,
short,online,official_ohsvgp_m32_rff128,official_ohsvgp_m32_rff128,1,complete,runs/task1_2/online/official_ohsvgp_m32_rff128/seed1,runs/task1_2/online/official_ohsvgp_m32_rff128/seed1/result.json,runs/task1_2/online/official_ohsvgp_m32_rff128/seed1/predictions.npz,,True,0.5510772298539973,0.8250362237127381,0.947,0.5921439061399449,11.235155019909143,0.02250678651034832,144.654296875,162.0,,0.081298828125,5,50,60,10,0.652861973248395,0.41620838083326817,5,,runs/task1_2/online/official_ohsvgp_m32_rff128/seed1/blocks.csv,,,,,,,,,,,,,
short,online,official_ohsvgp_m32_rff128,official_ohsvgp_m32_rff128,1,complete,runs/task1_2/online/official_ohsvgp_m32_rff128/seed1,runs/task1_2/online/official_ohsvgp_m32_rff128/seed1/result.json,runs/task1_2/online/official_ohsvgp_m32_rff128/seed1/predictions.npz,,True,0.49584193809262356,0.7428788654522819,0.986,0.5921439061399449,11.235155019909143,0.022419407963752747,144.654296875,162.0,,0.081298828125,6,60,70,10,0.6389784666147175,0.418834799900651,6,,runs/task1_2/online/official_ohsvgp_m32_rff128/seed1/blocks.csv,,,,,,,,,,,,,
short,online,official_ohsvgp_m32_rff128,official_ohsvgp_m32_rff128,1,complete,runs/task1_2/online/official_ohsvgp_m32_rff128/seed1,runs/task1_2/online/official_ohsvgp_m32_rff128/seed1/result.json,runs/task1_2/online/official_ohsvgp_m32_rff128/seed1/predictions.npz,,True,0.5254301539287595,0.8035443757307983,0.937,0.5921439061399449,11.235155019909143,0.022390972822904587,144.654296875,162.0,,0.081298828125,7,70,80,10,0.6378784085147517,0.4194962475448847,7,,runs/task1_2/online/official_ohsvgp_m32_rff128/seed1/blocks.csv,,,,,,,,,,,,,
short,online,official_ohsvgp_m32_rff128,official_ohsvgp_m32_rff128,1,complete,runs/task1_2/online/official_ohsvgp_m32_rff128/seed1,runs/task1_2/online/official_ohsvgp_m32_rff128/seed1/result.json,runs/task1_2/online/official_ohsvgp_m32_rff128/seed1/predictions.npz,,True,0.43049020607530875,0.6952898401482667,0.9735,0.5921439061399449,11.235155019909143,0.02264380268752575,144.654296875,162.0,,0.081298828125,8,80,90,10,0.6319637543504169,0.4174475483596325,8,,runs/task1_2/online/official_ohsvgp_m32_rff128/seed1/blocks.csv,,,,,,,,,,,,,
short,online,official_ohsvgp_m32_rff128,official_ohsvgp_m32_rff128,1,complete,runs/task1_2/online/official_ohsvgp_m32_rff128/seed1,runs/task1_2/online/official_ohsvgp_m32_rff128/seed1/result.json,runs/task1_2/online/official_ohsvgp_m32_rff128/seed1/predictions.npz,,True,0.5014994764437586,0.782219190021967,0.964,0.5921439061399449,11.235155019909143,0.022480936720967293,144.654296875,162.0,,0.081298828125,9,90,100,10,0.6287574535579937,0.3513661399483681,9,,runs/task1_2/online/official_ohsvgp_m32_rff128/seed1/blocks.csv,,,,,,,,,,,,,
short,online,official_ohsvgp_m32_rff128,official_ohsvgp_m32_rff128,1,complete,runs/task1_2/online/official_ohsvgp_m32_rff128/seed1,runs/task1_2/online/official_ohsvgp_m32_rff128/seed1/result.json,runs/task1_2/online/official_ohsvgp_m32_rff128/seed1/predictions.npz,,True,0.5991187884030145,0.8966297099709056,0.91,0.5921439061399449,11.235155019909143,0.02239798940718174,144.654296875,162.0,,0.081298828125,10,100,110,10,0.6228677964356214,0.37375431694090366,10,,runs/task1_2/online/official_ohsvgp_m32_rff128/seed1/blocks.csv,,,,,,,,,,,,,
short,online,official_ohsvgp_m32_rff128,official_ohsvgp_m32_rff128,1,complete,runs/task1_2/online/official_ohsvgp_m32_rff128/seed1,runs/task1_2/online/official_ohsvgp_m32_rff128/seed1/result.json,runs/task1_2/online/official_ohsvgp_m32_rff128/seed1/predictions.npz,,True,0.928257961446117,1.590971224865436,0.6705,0.5921439061399449,11.235155019909143,0.02256573922932148,144.654296875,162.0,,0.081298828125,11,110,120,10,0.6216081508336752,0.4183839950710535,11,,runs/task1_2/online/official_ohsvgp_m32_rff128/seed1/blocks.csv,,,,,,,,,,,,,
short,online,official_ohsvgp_m32_rff128,official_ohsvgp_m32_rff128,1,complete,runs/task1_2/online/official_ohsvgp_m32_rff128/seed1,runs/task1_2/online/official_ohsvgp_m32_rff128/seed1/result.json,runs/task1_2/online/official_ohsvgp_m32_rff128/seed1/predictions.npz,,True,0.9337866554983109,1.5234387666425702,0.708,0.5921439061399449,11.235155019909143,0.022847631946206093,144.654296875,162.0,,0.081298828125,12,120,130,10,0.622321738565975,0.4252143781632185,12,,runs/task1_2/online/official_ohsvgp_m32_rff128/seed1/blocks.csv,,,,,,,,,,,,,
short,online,official_ohsvgp_m32_rff128,official_ohsvgp_m32_rff128,1,complete,runs/task1_2/online/official_ohsvgp_m32_rff128/seed1,runs/task1_2/online/official_ohsvgp_m32_rff128/seed1/result.json,runs/task1_2/online/official_ohsvgp_m32_rff128/seed1/predictions.npz,,True,0.5071544240899899,0.7542579830751331,0.9555,0.5921439061399449,11.235155019909143,0.021743563935160637,144.654296875,162.0,,0.081298828125,13,130,140,10,0.6218104197889013,0.34994471445679665,13,,runs/task1_2/online/official_ohsvgp_m32_rff128/seed1/blocks.csv,,,,,,,,,,,,,
short,online,official_ohsvgp_m32_rff128,official_ohsvgp_m32_rff128,1,complete,runs/task1_2/online/official_ohsvgp_m32_rff128/seed1,runs/task1_2/online/official_ohsvgp_m32_rff128/seed1/result.json,runs/task1_2/online/official_ohsvgp_m32_rff128/seed1/predictions.npz,,True,0.46431939156917085,0.7110830495485579,0.9595,0.5921439061399449,11.235155019909143,0.02184097282588482,144.654296875,162.0,,0.081298828125,14,140,150,10,0.6175681448309716,0.420015174895525,14,,runs/task1_2/online/official_ohsvgp_m32_rff128/seed1/blocks.csv,,,,,,,,,,,,,
short,online,official_ohsvgp_m32_rff128,official_ohsvgp_m32_rff128,1,complete,runs/task1_2/online/official_ohsvgp_m32_rff128/seed1,runs/task1_2/online/official_ohsvgp_m32_rff128/seed1/result.json,runs/task1_2/online/official_ohsvgp_m32_rff128/seed1/predictions.npz,,True,0.7629272567825405,1.16731989865307,0.844,0.5921439061399449,11.235155019909143,0.021778199821710587,144.654296875,162.0,,0.081298828125,15,150,160,10,0.6142250537433483,0.42706700414419174,15,,runs/task1_2/online/official_ohsvgp_m32_rff128/seed1/blocks.csv,,,,,,,,,,,,,
short,online,official_ohsvgp_m32_rff128,official_ohsvgp_m32_rff128,1,complete,runs/task1_2/online/official_ohsvgp_m32_rff128/seed1,runs/task1_2/online/official_ohsvgp_m32_rff128/seed1/result.json,runs/task1_2/online/official_ohsvgp_m32_rff128/seed1/predictions.npz,,True,0.8390807665788627,1.362965397935579,0.7215,0.5921439061399449,11.235155019909143,0.02181360498070717,144.654296875,162.0,,0.081298828125,16,160,170,10,0.610795223701875,0.42289980314671993,16,,runs/task1_2/online/official_ohsvgp_m32_rff128/seed1/blocks.csv,,,,,,,,,,,,,
short,online,official_ohsvgp_m32_rff128,official_ohsvgp_m32_rff128,1,complete,runs/task1_2/online/official_ohsvgp_m32_rff128/seed1,runs/task1_2/online/official_ohsvgp_m32_rff128/seed1/result.json,runs/task1_2/online/official_ohsvgp_m32_rff128/seed1/predictions.npz,,True,0.6949444115026817,1.033366139897082,0.859,0.5921439061399449,11.235155019909143,0.021806295961141586,144.654296875,162.0,,0.081298828125,17,170,180,10,0.6123576548614236,0.4328440446406603,17,,runs/task1_2/online/official_ohsvgp_m32_rff128/seed1/blocks.csv,,,,,,,,,,,,,
short,online,official_ohsvgp_m32_rff128,official_ohsvgp_m32_rff128,1,complete,runs/task1_2/online/official_ohsvgp_m32_rff128/seed1,runs/task1_2/online/official_ohsvgp_m32_rff128/seed1/result.json,runs/task1_2/online/official_ohsvgp_m32_rff128/seed1/predictions.npz,,True,0.5921439061399449,0.8430372770307474,0.9366666666666666,0.5921439061399449,11.235155019909143,0.01306646503508091,144.654296875,162.0,,0.081298828125,18,180,186,6,0.5847403642558207,0.23515050299465656,18,,runs/task1_2/online/official_ohsvgp_m32_rff128/seed1/blocks.csv,,,,,,,,,,,,,
short,online,official_ohsvgp_m32_rff128,official_ohsvgp_m32_rff128,2,complete,runs/task1_2/online/official_ohsvgp_m32_rff128/seed2,runs/task1_2/online/official_ohsvgp_m32_rff128/seed2/result.json,runs/task1_2/online/official_ohsvgp_m32_rff128/seed2/predictions.npz,,True,0.47267679712412936,0.7869733205710406,0.9945,0.6362312842960153,11.226281139999628,0.023200441151857376,144.654296875,162.0,,0.081298828125,0,0,10,10,0.6958330294132639,1.3481329455971718,0,,runs/task1_2/online/official_ohsvgp_m32_rff128/seed2/blocks.csv,,,,,,,,,,,,,
short,online,official_ohsvgp_m32_rff128,official_ohsvgp_m32_rff128,2,complete,runs/task1_2/online/official_ohsvgp_m32_rff128/seed2,runs/task1_2/online/official_ohsvgp_m32_rff128/seed2/result.json,runs/task1_2/online/official_ohsvgp_m32_rff128/seed2/predictions.npz,,True,0.35880217596918945,0.6707704726478199,0.996,0.6362312842960153,11.226281139999628,0.023315493017435074,144.654296875,162.0,,0.081298828125,1,10,20,10,0.678025154360712,0.4255554676055908,1,,runs/task1_2/online/official_ohsvgp_m32_rff128/seed2/blocks.csv,,,,,,,,,,,,,
short,online,official_ohsvgp_m32_rff128,official_ohsvgp_m32_rff128,2,complete,runs/task1_2/online/official_ohsvgp_m32_rff128/seed2,runs/task1_2/online/official_ohsvgp_m32_rff128/seed2/result.json,runs/task1_2/online/official_ohsvgp_m32_rff128/seed2/predictions.npz,,True,0.36972924140826746,0.6682977295999971,0.988,0.6362312842960153,11.226281139999628,0.022781608626246452,144.654296875,162.0,,0.081298828125,2,20,30,10,0.6633350008130063,0.4253989960998297,2,,runs/task1_2/online/official_ohsvgp_m32_rff128/seed2/blocks.csv,,,,,,,,,,,,,
short,online,official_ohsvgp_m32_rff128,official_ohsvgp_m32_rff128,2,complete,runs/task1_2/online/official_ohsvgp_m32_rff128/seed2,runs/task1_2/online/official_ohsvgp_m32_rff128/seed2/result.json,runs/task1_2/online/official_ohsvgp_m32_rff128/seed2/predictions.npz,,True,0.36224759697904707,0.6399256517803873,0.992,0.6362312842960153,11.226281139999628,0.022897379472851753,144.654296875,162.0,,0.081298828125,3,30,40,10,0.6487538910965907,0.42533943243324757,3,,runs/task1_2/online/official_ohsvgp_m32_rff128/seed2/blocks.csv,,,,,,,,,,,,,
short,online,official_ohsvgp_m32_rff128,official_ohsvgp_m32_rff128,2,complete,runs/task1_2/online/official_ohsvgp_m32_rff128/seed2,runs/task1_2/online/official_ohsvgp_m32_rff128/seed2/result.json,runs/task1_2/online/official_ohsvgp_m32_rff128/seed2/predictions.npz,,True,0.4967410959469754,0.8092725068319736,0.9495,0.6362312842960153,11.226281139999628,0.022846413776278496,144.654296875,162.0,,0.081298828125,4,40,50,10,0.6405793359441492,0.4238068275153637,4,,runs/task1_2/online/official_ohsvgp_m32_rff128/seed2/blocks.csv,,,,,,,,,,,,,
short,online,official_ohsvgp_m32_rff128,official_ohsvgp_m32_rff128,2,complete,runs/task1_2/online/official_ohsvgp_m32_rff128/seed2,runs/task1_2/online/official_ohsvgp_m32_rff128/seed2/result.json,runs/task1_2/online/official_ohsvgp_m32_rff128/seed2/predictions.npz,,True,0.5769391996948712,0.841093865616984,0.9335,0.6362312842960153,11.226281139999628,0.022806942462921143,144.654296875,162.0,,0.081298828125,5,50,60,10,0.6319328108557516,0.42413407005369663,5,,runs/task1_2/online/official_ohsvgp_m32_rff128/seed2/blocks.csv,,,,,,,,,,,,,
short,online,official_ohsvgp_m32_rff128,official_ohsvgp_m32_rff128,2,complete,runs/task1_2/online/official_ohsvgp_m32_rff128/seed2,runs/task1_2/online/official_ohsvgp_m32_rff128/seed2/result.json,runs/task1_2/online/official_ohsvgp_m32_rff128/seed2/predictions.npz,,True,0.5164116294188871,0.7575582286467047,0.987,0.6362312842960153,11.226281139999628,0.02287757582962513,144.654296875,162.0,,0.081298828125,6,60,70,10,0.6255845265844189,0.4268975518643856,6,,runs/task1_2/online/official_ohsvgp_m32_rff128/seed2/blocks.csv,,,,,,,,,,,,,
short,online,official_ohsvgp_m32_rff128,official_ohsvgp_m32_rff128,2,complete,runs/task1_2/online/official_ohsvgp_m32_rff128/seed2,runs/task1_2/online/official_ohsvgp_m32_rff128/seed2/result.json,runs/task1_2/online/official_ohsvgp_m32_rff128/seed2/predictions.npz,,True,0.5183770961211034,0.7953185755889961,0.9305,0.6362312842960153,11.226281139999628,0.022786259651184082,144.654296875,162.0,,0.081298828125,7,70,80,10,0.6237756170103873,0.423339257016778,7,,runs/task1_2/online/official_ohsvgp_m32_rff128/seed2/blocks.csv,,,,,,,,,,,,,
short,online,official_ohsvgp_m32_rff128,official_ohsvgp_m32_rff128,2,complete,runs/task1_2/online/official_ohsvgp_m32_rff128/seed2,runs/task1_2/online/official_ohsvgp_m32_rff128/seed2/result.json,runs/task1_2/online/official_ohsvgp_m32_rff128/seed2/predictions.npz,,True,0.4314387599196684,0.6988808017473666,0.9615,0.6362312842960153,11.226281139999628,0.02288917265832424,144.654296875,162.0,,0.081298828125,8,80,90,10,0.6194665596865816,0.42481072060763836,8,,runs/task1_2/online/official_ohsvgp_m32_rff128/seed2/blocks.csv,,,,,,,,,,,,,
short,online,official_ohsvgp_m32_rff128,official_ohsvgp_m32_rff128,2,complete,runs/task1_2/online/official_ohsvgp_m32_rff128/seed2,runs/task1_2/online/official_ohsvgp_m32_rff128/seed2/result.json,runs/task1_2/online/official_ohsvgp_m32_rff128/seed2/predictions.npz,,True,0.5024460489300392,0.794029827579948,0.9545,0.6362312842960153,11.226281139999628,0.023001253604888916,144.654296875,162.0,,0.081298828125,9,90,100,10,0.6143843307974353,0.42585123516619205,9,,runs/task1_2/online/official_ohsvgp_m32_rff128/seed2/blocks.csv,,,,,,,,,,,,,
short,online,official_ohsvgp_m32_rff128,official_ohsvgp_m32_rff128,2,complete,runs/task1_2/online/official_ohsvgp_m32_rff128/seed2,runs/task1_2/online/official_ohsvgp_m32_rff128/seed2/result.json,runs/task1_2/online/official_ohsvgp_m32_rff128/seed2/predictions.npz,,True,0.6085739416370572,0.9166745417967076,0.899,0.6362312842960153,11.226281139999628,0.022768402472138405,144.654296875,162.0,,0.081298828125,10,100,110,10,0.6118481686688311,0.43581113778054714,10,,runs/task1_2/online/official_ohsvgp_m32_rff128/seed2/blocks.csv,,,,,,,,,,,,,
short,online,official_ohsvgp_m32_rff128,official_ohsvgp_m32_rff128,2,complete,runs/task1_2/online/official_ohsvgp_m32_rff128/seed2,runs/task1_2/online/official_ohsvgp_m32_rff128/seed2/result.json,runs/task1_2/online/official_ohsvgp_m32_rff128/seed2/predictions.npz,,True,0.9465915113334868,1.6616814061127794,0.66,0.6362312842960153,11.226281139999628,0.022815100848674774,144.654296875,162.0,,0.081298828125,11,110,120,10,0.6150564758714959,0.41401089169085026,11,,runs/task1_2/online/official_ohsvgp_m32_rff128/seed2/blocks.csv,,,,,,,,,,,,,
short,online,official_ohsvgp_m32_rff128,official_ohsvgp_m32_rff128,2,complete,runs/task1_2/online/official_ohsvgp_m32_rff128/seed2,runs/task1_2/online/official_ohsvgp_m32_rff128/seed2/result.json,runs/task1_2/online/official_ohsvgp_m32_rff128/seed2/predictions.npz,,True,0.919430728826139,1.5295314760274696,0.681,0.6362312842960153,11.226281139999628,0.02268388867378235,144.654296875,162.0,,0.081298828125,12,120,130,10,0.60947520823471,0.3893440291285515,12,,runs/task1_2/online/official_ohsvgp_m32_rff128/seed2/blocks.csv,,,,,,,,,,,,,
short,online,official_ohsvgp_m32_rff128,official_ohsvgp_m32_rff128,2,complete,runs/task1_2/online/official_ohsvgp_m32_rff128/seed2,runs/task1_2/online/official_ohsvgp_m32_rff128/seed2/result.json,runs/task1_2/online/official_ohsvgp_m32_rff128/seed2/predictions.npz,,True,0.5171501194199473,0.7776296613045087,0.945,0.6362312842960153,11.226281139999628,0.022716904059052467,144.654296875,162.0,,0.081298828125,13,130,140,10,0.6061806078939903,0.40795331820845604,13,,runs/task1_2/online/official_ohsvgp_m32_rff128/seed2/blocks.csv,,,,,,,,,,,,,
short,online,official_ohsvgp_m32_rff128,official_ohsvgp_m32_rff128,2,complete,runs/task1_2/online/official_ohsvgp_m32_rff128/seed2,runs/task1_2/online/official_ohsvgp_m32_rff128/seed2/result.json,runs/task1_2/online/official_ohsvgp_m32_rff128/seed2/predictions.npz,,True,0.4837250589199898,0.7315105956829356,0.951,0.6362312842960153,11.226281139999628,0.022848840802907944,144.654296875,162.0,,0.081298828125,14,140,150,10,0.6082573541181782,0.4176643993705511,14,,runs/task1_2/online/official_ohsvgp_m32_rff128/seed2/blocks.csv,,,,,,,,,,,,,
short,online,official_ohsvgp_m32_rff128,official_ohsvgp_m32_rff128,2,complete,runs/task1_2/online/official_ohsvgp_m32_rff128/seed2,runs/task1_2/online/official_ohsvgp_m32_rff128/seed2/result.json,runs/task1_2/online/official_ohsvgp_m32_rff128/seed2/predictions.npz,,True,0.7654060509574342,1.2005459069502973,0.8335,0.6362312842960153,11.226281139999628,0.022992350161075592,144.654296875,162.0,,0.081298828125,15,150,160,10,0.6099896405554375,0.4334644302725792,15,,runs/task1_2/online/official_ohsvgp_m32_rff128/seed2/blocks.csv,,,,,,,,,,,,,
short,online,official_ohsvgp_m32_rff128,official_ohsvgp_m32_rff128,2,complete,runs/task1_2/online/official_ohsvgp_m32_rff128/seed2,runs/task1_2/online/official_ohsvgp_m32_rff128/seed2/result.json,runs/task1_2/online/official_ohsvgp_m32_rff128/seed2/predictions.npz,,True,0.8663685666684954,1.41549399915102,0.6905,0.6362312842960153,11.226281139999628,0.022744230926036835,144.654296875,162.0,,0.081298828125,16,160,170,10,0.6053858903685417,0.4232870563864708,16,,runs/task1_2/online/official_ohsvgp_m32_rff128/seed2/blocks.csv,,,,,,,,,,,,,
short,online,official_ohsvgp_m32_rff128,official_ohsvgp_m32_rff128,2,complete,runs/task1_2/online/official_ohsvgp_m32_rff128/seed2,runs/task1_2/online/official_ohsvgp_m32_rff128/seed2/result.json,runs/task1_2/online/official_ohsvgp_m32_rff128/seed2/predictions.npz,,True,0.7192033696790051,1.0789323650294322,0.832,0.6362312842960153,11.226281139999628,0.022750861942768097,144.654296875,162.0,,0.081298828125,17,170,180,10,0.6077710125576239,0.3637516647577286,17,,runs/task1_2/online/official_ohsvgp_m32_rff128/seed2/blocks.csv,,,,,,,,,,,,,
short,online,official_ohsvgp_m32_rff128,official_ohsvgp_m32_rff128,2,complete,runs/task1_2/online/official_ohsvgp_m32_rff128/seed2,runs/task1_2/online/official_ohsvgp_m32_rff128/seed2/result.json,runs/task1_2/online/official_ohsvgp_m32_rff128/seed2/predictions.npz,,True,0.6362312842960153,0.9342520625190637,0.8916666666666667,0.6362312842960153,11.226281139999628,0.013626951724290848,144.654296875,162.0,,0.081298828125,18,180,186,6,0.5723078424267475,0.24377767741680145,18,,runs/task1_2/online/official_ohsvgp_m32_rff128/seed2/blocks.csv,,,,,,,,,,,,,
short,online,official_ohsvgp_m32_rff128,official_ohsvgp_m32_rff128,3,complete,runs/task1_2/online/official_ohsvgp_m32_rff128/seed3,runs/task1_2/online/official_ohsvgp_m32_rff128/seed3/result.json,runs/task1_2/online/official_ohsvgp_m32_rff128/seed3/predictions.npz,,True,0.5274782756815347,0.8120210883240101,0.979,0.6562430364167535,11.180046267807484,0.023124657571315765,144.654296875,162.0,,0.081298828125,0,0,10,10,0.6401676346207155,1.398038748651743,0,,runs/task1_2/online/official_ohsvgp_m32_rff128/seed3/blocks.csv,,,,,,,,,,,,,
short,online,official_ohsvgp_m32_rff128,official_ohsvgp_m32_rff128,3,complete,runs/task1_2/online/official_ohsvgp_m32_rff128/seed3,runs/task1_2/online/official_ohsvgp_m32_rff128/seed3/result.json,runs/task1_2/online/official_ohsvgp_m32_rff128/seed3/predictions.npz,,True,0.3922174666900041,0.650372790175676,0.986,0.6562430364167535,11.180046267807484,0.02643118053674698,144.654296875,162.0,,0.081298828125,1,10,20,10,0.6283041377026946,0.4318304918706417,1,,runs/task1_2/online/official_ohsvgp_m32_rff128/seed3/blocks.csv,,,,,,,,,,,,,
short,online,official_ohsvgp_m32_rff128,official_ohsvgp_m32_rff128,3,complete,runs/task1_2/online/official_ohsvgp_m32_rff128/seed3,runs/task1_2/online/official_ohsvgp_m32_rff128/seed3/result.json,runs/task1_2/online/official_ohsvgp_m32_rff128/seed3/predictions.npz,,True,0.3525454644486699,0.5995076710953727,0.995,0.6562430364167535,11.180046267807484,0.022706903517246246,144.654296875,162.0,,0.081298828125,2,20,30,10,0.6153041323371301,0.4271128010004759,2,,runs/task1_2/online/official_ohsvgp_m32_rff128/seed3/blocks.csv,,,,,,,,,,,,,
short,online,official_ohsvgp_m32_rff128,official_ohsvgp_m32_rff128,3,complete,runs/task1_2/online/official_ohsvgp_m32_rff128/seed3,runs/task1_2/online/official_ohsvgp_m32_rff128/seed3/result.json,runs/task1_2/online/official_ohsvgp_m32_rff128/seed3/predictions.npz,,True,0.3517362151316628,0.5860050683561483,0.988,0.6562430364167535,11.180046267807484,0.022788846865296364,144.654296875,162.0,,0.081298828125,3,30,40,10,0.6030022299265438,0.4312196597456932,3,,runs/task1_2/online/official_ohsvgp_m32_rff128/seed3/blocks.csv,,,,,,,,,,,,,
short,online,official_ohsvgp_m32_rff128,official_ohsvgp_m32_rff128,3,complete,runs/task1_2/online/official_ohsvgp_m32_rff128/seed3,runs/task1_2/online/official_ohsvgp_m32_rff128/seed3/result.json,runs/task1_2/online/official_ohsvgp_m32_rff128/seed3/predictions.npz,,True,0.49085138703932185,0.7718958166409015,0.945,0.6562430364167535,11.180046267807484,0.02612457238137722,144.654296875,162.0,,0.081298828125,4,40,50,10,0.6014581970006195,0.41713117621839046,4,,runs/task1_2/online/official_ohsvgp_m32_rff128/seed3/blocks.csv,,,,,,,,,,,,,
short,online,official_ohsvgp_m32_rff128,official_ohsvgp_m32_rff128,3,complete,runs/task1_2/online/official_ohsvgp_m32_rff128/seed3,runs/task1_2/online/official_ohsvgp_m32_rff128/seed3/result.json,runs/task1_2/online/official_ohsvgp_m32_rff128/seed3/predictions.npz,,True,0.609807687520983,0.8966864885946022,0.891,0.6562430364167535,11.180046267807484,0.022658998146653175,144.654296875,162.0,,0.081298828125,5,50,60,10,0.5966959880003943,0.36687914840877056,5,,runs/task1_2/online/official_ohsvgp_m32_rff128/seed3/blocks.csv,,,,,,,,,,,,,
short,online,official_ohsvgp_m32_rff128,official_ohsvgp_m32_rff128,3,complete,runs/task1_2/online/official_ohsvgp_m32_rff128/seed3,runs/task1_2/online/official_ohsvgp_m32_rff128/seed3/result.json,runs/task1_2/online/official_ohsvgp_m32_rff128/seed3/predictions.npz,,True,0.5123422120448408,0.7448285765299786,0.9695,0.6562430364167535,11.180046267807484,0.02281791716814041,144.654296875,162.0,,0.081298828125,6,60,70,10,0.593822248648729,0.37822609208524227,6,,runs/task1_2/online/official_ohsvgp_m32_rff128/seed3/blocks.csv,,,,,,,,,,,,,
short,online,official_ohsvgp_m32_rff128,official_ohsvgp_m32_rff128,3,complete,runs/task1_2/online/official_ohsvgp_m32_rff128/seed3,runs/task1_2/online/official_ohsvgp_m32_rff128/seed3/result.json,runs/task1_2/online/official_ohsvgp_m32_rff128/seed3/predictions.npz,,True,0.48363038269773934,0.7292611890307269,0.937,0.6562430364167535,11.180046267807484,0.024890059605240822,144.654296875,162.0,,0.081298828125,7,70,80,10,0.5907328465547753,0.4301493223756552,7,,runs/task1_2/online/official_ohsvgp_m32_rff128/seed3/blocks.csv,,,,,,,,,,,,,
short,online,official_ohsvgp_m32_rff128,official_ohsvgp_m32_rff128,3,complete,runs/task1_2/online/official_ohsvgp_m32_rff128/seed3,runs/task1_2/online/official_ohsvgp_m32_rff128/seed3/result.json,runs/task1_2/online/official_ohsvgp_m32_rff128/seed3/predictions.npz,,True,0.39674518376421364,0.6366689592129392,0.956,0.6562430364167535,11.180046267807484,0.02263539470732212,144.654296875,162.0,,0.081298828125,8,80,90,10,0.5863697194515881,0.38086789660155773,8,,runs/task1_2/online/official_ohsvgp_m32_rff128/seed3/blocks.csv,,,,,,,,,,,,,
short,online,official_ohsvgp_m32_rff128,official_ohsvgp_m32_rff128,3,complete,runs/task1_2/online/official_ohsvgp_m32_rff128/seed3,runs/task1_2/online/official_ohsvgp_m32_rff128/seed3/result.json,runs/task1_2/online/official_ohsvgp_m32_rff128/seed3/predictions.npz,,True,0.5265092470157521,0.8127693825915783,0.939,0.6562430364167535,11.180046267807484,0.022939125075936317,144.654296875,162.0,,0.081298828125,9,90,100,10,0.5856851516161681,0.3879649434238672,9,,runs/task1_2/online/official_ohsvgp_m32_rff128/seed3/blocks.csv,,,,,,,,,,,,,
short,online,official_ohsvgp_m32_rff128,official_ohsvgp_m32_rff128,3,complete,runs/task1_2/online/official_ohsvgp_m32_rff128/seed3,runs/task1_2/online/official_ohsvgp_m32_rff128/seed3/result.json,runs/task1_2/online/official_ohsvgp_m32_rff128/seed3/predictions.npz,,True,0.6207451955683816,0.9381050254929242,0.8815,0.6562430364167535,11.180046267807484,0.02643616497516632,144.654296875,162.0,,0.081298828125,10,100,110,10,0.5843217687877684,0.42657948285341263,10,,runs/task1_2/online/official_ohsvgp_m32_rff128/seed3/blocks.csv,,,,,,,,,,,,,
short,online,official_ohsvgp_m32_rff128,official_ohsvgp_m32_rff128,3,complete,runs/task1_2/online/official_ohsvgp_m32_rff128/seed3,runs/task1_2/online/official_ohsvgp_m32_rff128/seed3/result.json,runs/task1_2/online/official_ohsvgp_m32_rff128/seed3/predictions.npz,,True,0.9455779337220959,1.7395876416233427,0.624,0.6562430364167535,11.180046267807484,0.0226692333817482,144.654296875,162.0,,0.081298828125,11,110,120,10,0.5840660824222008,0.427053464576602,11,,runs/task1_2/online/official_ohsvgp_m32_rff128/seed3/blocks.csv,,,,,,,,,,,,,
short,online,official_ohsvgp_m32_rff128,official_ohsvgp_m32_rff128,3,complete,runs/task1_2/online/official_ohsvgp_m32_rff128/seed3,runs/task1_2/online/official_ohsvgp_m32_rff128/seed3/result.json,runs/task1_2/online/official_ohsvgp_m32_rff128/seed3/predictions.npz,,True,0.9563245060745692,1.7000436591527859,0.5745,0.6562430364167535,11.180046267807484,0.022862138226628304,144.654296875,162.0,,0.081298828125,12,120,130,10,0.5820149452153947,0.4211950358003378,12,,runs/task1_2/online/official_ohsvgp_m32_rff128/seed3/blocks.csv,,,,,,,,,,,,,
short,online,official_ohsvgp_m32_rff128,official_ohsvgp_m32_rff128,3,complete,runs/task1_2/online/official_ohsvgp_m32_rff128/seed3,runs/task1_2/online/official_ohsvgp_m32_rff128/seed3/result.json,runs/task1_2/online/official_ohsvgp_m32_rff128/seed3/predictions.npz,,True,0.5598045304171424,0.8296332764187951,0.916,0.6562430364167535,11.180046267807484,0.022917484864592552,144.654296875,162.0,,0.081298828125,13,130,140,10,0.5787102440884683,0.4392006490379572,13,,runs/task1_2/online/official_ohsvgp_m32_rff128/seed3/blocks.csv,,,,,,,,,,,,,
short,online,official_ohsvgp_m32_rff128,official_ohsvgp_m32_rff128,3,complete,runs/task1_2/online/official_ohsvgp_m32_rff128/seed3,runs/task1_2/online/official_ohsvgp_m32_rff128/seed3/result.json,runs/task1_2/online/official_ohsvgp_m32_rff128/seed3/predictions.npz,,True,0.47818615724552965,0.7048375762649443,0.9435,0.6562430364167535,11.180046267807484,0.02287968248128891,144.654296875,162.0,,0.081298828125,14,140,150,10,0.5792483634136053,0.43491141125559807,14,,runs/task1_2/online/official_ohsvgp_m32_rff128/seed3/blocks.csv,,,,,,,,,,,,,
short,online,official_ohsvgp_m32_rff128,official_ohsvgp_m32_rff128,3,complete,runs/task1_2/online/official_ohsvgp_m32_rff128/seed3,runs/task1_2/online/official_ohsvgp_m32_rff128/seed3/result.json,runs/task1_2/online/official_ohsvgp_m32_rff128/seed3/predictions.npz,,True,0.7565514411130171,1.2072201476825934,0.7795,0.6562430364167535,11.180046267807484,0.022878188639879227,144.654296875,162.0,,0.081298828125,15,150,160,10,0.5801139725981856,0.42052660323679447,15,,runs/task1_2/online/official_ohsvgp_m32_rff128/seed3/blocks.csv,,,,,,,,,,,,,
short,online,official_ohsvgp_m32_rff128,official_ohsvgp_m32_rff128,3,complete,runs/task1_2/online/official_ohsvgp_m32_rff128/seed3,runs/task1_2/online/official_ohsvgp_m32_rff128/seed3/result.json,runs/task1_2/online/official_ohsvgp_m32_rff128/seed3/predictions.npz,,True,0.9141319670611594,1.635773901255562,0.581,0.6562430364167535,11.180046267807484,0.022822711616754532,144.654296875,162.0,,0.081298828125,16,160,170,10,0.5760049399767353,0.4179168529808521,16,,runs/task1_2/online/official_ohsvgp_m32_rff128/seed3/blocks.csv,,,,,,,,,,,,,
short,online,official_ohsvgp_m32_rff128,official_ohsvgp_m32_rff128,3,complete,runs/task1_2/online/official_ohsvgp_m32_rff128/seed3,runs/task1_2/online/official_ohsvgp_m32_rff128/seed3/result.json,runs/task1_2/online/official_ohsvgp_m32_rff128/seed3/predictions.npz,,True,0.7688987227321705,1.2258217945871157,0.7465,0.6562430364167535,11.180046267807484,0.022691672667860985,144.654296875,162.0,,0.081298828125,17,170,180,10,0.5748975713099537,0.43745582178235054,17,,runs/task1_2/online/official_ohsvgp_m32_rff128/seed3/blocks.csv,,,,,,,,,,,,,
short,online,official_ohsvgp_m32_rff128,official_ohsvgp_m32_rff128,3,complete,runs/task1_2/online/official_ohsvgp_m32_rff128/seed3,runs/task1_2/online/official_ohsvgp_m32_rff128/seed3/result.json,runs/task1_2/online/official_ohsvgp_m32_rff128/seed3/predictions.npz,,True,0.6562430364167535,1.0111079017477589,0.8708333333333333,0.6562430364167535,11.180046267807484,0.013970058411359787,144.654296875,162.0,,0.081298828125,18,180,186,6,0.5497006304177147,0.262178935110569,18,,runs/task1_2/online/official_ohsvgp_m32_rff128/seed3/blocks.csv,,,,,,,,,,,,,
short,online,official_ohsvgp_m32_rff128,official_ohsvgp_m32_rff128,4,complete,runs/task1_2/online/official_ohsvgp_m32_rff128/seed4,runs/task1_2/online/official_ohsvgp_m32_rff128/seed4/result.json,runs/task1_2/online/official_ohsvgp_m32_rff128/seed4/predictions.npz,,True,0.5495270950580058,0.8611232975774115,0.975,0.6105302634676975,11.469664687290788,0.022544177249073982,144.654296875,162.0,,0.081298828125,0,0,10,10,0.6826894225372212,1.3965297993272543,0,,runs/task1_2/online/official_ohsvgp_m32_rff128/seed4/blocks.csv,,,,,,,,,,,,,
short,online,official_ohsvgp_m32_rff128,official_ohsvgp_m32_rff128,4,complete,runs/task1_2/online/official_ohsvgp_m32_rff128/seed4,runs/task1_2/online/official_ohsvgp_m32_rff128/seed4/result.json,runs/task1_2/online/official_ohsvgp_m32_rff128/seed4/predictions.npz,,True,0.3856799627305672,0.6760968477534596,0.9945,0.6105302634676975,11.469664687290788,0.022311581298708916,144.654296875,162.0,,0.081298828125,1,10,20,10,0.6627724012614685,0.43142493814229965,1,,runs/task1_2/online/official_ohsvgp_m32_rff128/seed4/blocks.csv,,,,,,,,,,,,,
short,online,official_ohsvgp_m32_rff128,official_ohsvgp_m32_rff128,4,complete,runs/task1_2/online/official_ohsvgp_m32_rff128/seed4,runs/task1_2/online/official_ohsvgp_m32_rff128/seed4/result.json,runs/task1_2/online/official_ohsvgp_m32_rff128/seed4/predictions.npz,,True,0.3793236823512742,0.6691039064706483,0.983,0.6105302634676975,11.469664687290788,0.0224260613322258,144.654296875,162.0,,0.081298828125,2,20,30,10,0.649605469625876,0.4169020000845194,2,,runs/task1_2/online/official_ohsvgp_m32_rff128/seed4/blocks.csv,,,,,,,,,,,,,
short,online,official_ohsvgp_m32_rff128,official_ohsvgp_m32_rff128,4,complete,runs/task1_2/online/official_ohsvgp_m32_rff128/seed4,runs/task1_2/online/official_ohsvgp_m32_rff128/seed4/result.json,runs/task1_2/online/official_ohsvgp_m32_rff128/seed4/predictions.npz,,True,0.36924236067035815,0.6370172720044303,0.9815,0.6105302634676975,11.469664687290788,0.022229889407753944,144.654296875,162.0,,0.081298828125,3,30,40,10,0.6285880752489795,0.4247323237359524,3,,runs/task1_2/online/official_ohsvgp_m32_rff128/seed4/blocks.csv,,,,,,,,,,,,,
short,online,official_ohsvgp_m32_rff128,official_ohsvgp_m32_rff128,4,complete,runs/task1_2/online/official_ohsvgp_m32_rff128/seed4,runs/task1_2/online/official_ohsvgp_m32_rff128/seed4/result.json,runs/task1_2/online/official_ohsvgp_m32_rff128/seed4/predictions.npz,,True,0.5249164489800053,0.8304950164548396,0.9425,0.6105302634676975,11.469664687290788,0.022519031539559364,144.654296875,162.0,,0.081298828125,4,40,50,10,0.6207765074315146,0.42372562177479267,4,,runs/task1_2/online/official_ohsvgp_m32_rff128/seed4/blocks.csv,,,,,,,,,,,,,
short,online,official_ohsvgp_m32_rff128,official_ohsvgp_m32_rff128,4,complete,runs/task1_2/online/official_ohsvgp_m32_rff128/seed4,runs/task1_2/online/official_ohsvgp_m32_rff128/seed4/result.json,runs/task1_2/online/official_ohsvgp_m32_rff128/seed4/predictions.npz,,True,0.554517724508492,0.8029961840061026,0.9415,0.6105302634676975,11.469664687290788,0.022211069241166115,144.654296875,162.0,,0.081298828125,5,50,60,10,0.6154430547946756,0.42163771018385887,5,,runs/task1_2/online/official_ohsvgp_m32_rff128/seed4/blocks.csv,,,,,,,,,,,,,
short,online,official_ohsvgp_m32_rff128,official_ohsvgp_m32_rff128,4,complete,runs/task1_2/online/official_ohsvgp_m32_rff128/seed4,runs/task1_2/online/official_ohsvgp_m32_rff128/seed4/result.json,runs/task1_2/online/official_ohsvgp_m32_rff128/seed4/predictions.npz,,True,0.5008423360236365,0.7287513968857584,0.9925,0.6105302634676975,11.469664687290788,0.022175515070557594,144.654296875,162.0,,0.081298828125,6,60,70,10,0.6069963079883591,0.4206172954291105,6,,runs/task1_2/online/official_ohsvgp_m32_rff128/seed4/blocks.csv,,,,,,,,,,,,,
short,online,official_ohsvgp_m32_rff128,official_ohsvgp_m32_rff128,4,complete,runs/task1_2/online/official_ohsvgp_m32_rff128/seed4,runs/task1_2/online/official_ohsvgp_m32_rff128/seed4/result.json,runs/task1_2/online/official_ohsvgp_m32_rff128/seed4/predictions.npz,,True,0.5218409251570486,0.8407746103039777,0.9145,0.6105302634676975,11.469664687290788,0.022208699956536293,144.654296875,162.0,,0.081298828125,7,70,80,10,0.6023092406547689,0.42026579193770885,7,,runs/task1_2/online/official_ohsvgp_m32_rff128/seed4/blocks.csv,,,,,,,,,,,,,
short,online,official_ohsvgp_m32_rff128,official_ohsvgp_m32_rff128,4,complete,runs/task1_2/online/official_ohsvgp_m32_rff128/seed4,runs/task1_2/online/official_ohsvgp_m32_rff128/seed4/result.json,runs/task1_2/online/official_ohsvgp_m32_rff128/seed4/predictions.npz,,True,0.455697782419337,0.7426964117078878,0.932,0.6105302634676975,11.469664687290788,0.02158922329545021,144.654296875,162.0,,0.081298828125,8,80,90,10,0.5957788406368518,0.4233125373721123,8,,runs/task1_2/online/official_ohsvgp_m32_rff128/seed4/blocks.csv,,,,,,,,,,,,,
short,online,official_ohsvgp_m32_rff128,official_ohsvgp_m32_rff128,4,complete,runs/task1_2/online/official_ohsvgp_m32_rff128/seed4,runs/task1_2/online/official_ohsvgp_m32_rff128/seed4/result.json,runs/task1_2/online/official_ohsvgp_m32_rff128/seed4/predictions.npz,,True,0.5051988915303176,0.8188651957724797,0.933,0.6105302634676975,11.469664687290788,0.021537160500884056,144.654296875,162.0,,0.081298828125,9,90,100,10,0.5924108895846282,0.4206620939075947,9,,runs/task1_2/online/official_ohsvgp_m32_rff128/seed4/blocks.csv,,,,,,,,,,,,,
short,online,official_ohsvgp_m32_rff128,official_ohsvgp_m32_rff128,4,complete,runs/task1_2/online/official_ohsvgp_m32_rff128/seed4,runs/task1_2/online/official_ohsvgp_m32_rff128/seed4/result.json,runs/task1_2/online/official_ohsvgp_m32_rff128/seed4/predictions.npz,,True,0.6278879604289168,0.982570230174774,0.862,0.6105302634676975,11.469664687290788,0.02165958844125271,144.654296875,162.0,,0.081298828125,10,100,110,10,0.591111874109344,0.4206841140985489,10,,runs/task1_2/online/official_ohsvgp_m32_rff128/seed4/blocks.csv,,,,,,,,,,,,,
short,online,official_ohsvgp_m32_rff128,official_ohsvgp_m32_rff128,4,complete,runs/task1_2/online/official_ohsvgp_m32_rff128/seed4,runs/task1_2/online/official_ohsvgp_m32_rff128/seed4/result.json,runs/task1_2/online/official_ohsvgp_m32_rff128/seed4/predictions.npz,,True,0.9941379397995371,1.9424118668015338,0.5705,0.6105302634676975,11.469664687290788,0.021563945338129997,144.654296875,162.0,,0.081298828125,11,110,120,10,0.5877372092528884,0.41947270929813385,11,,runs/task1_2/online/official_ohsvgp_m32_rff128/seed4/blocks.csv,,,,,,,,,,,,,
short,online,official_ohsvgp_m32_rff128,official_ohsvgp_m32_rff128,4,complete,runs/task1_2/online/official_ohsvgp_m32_rff128/seed4,runs/task1_2/online/official_ohsvgp_m32_rff128/seed4/result.json,runs/task1_2/online/official_ohsvgp_m32_rff128/seed4/predictions.npz,,True,0.9230636825151027,1.595584075094384,0.6385,0.6105302634676975,11.469664687290788,0.02147711254656315,144.654296875,162.0,,0.081298828125,12,120,130,10,0.5828163971567639,0.41921922750771046,12,,runs/task1_2/online/official_ohsvgp_m32_rff128/seed4/blocks.csv,,,,,,,,,,,,,
short,online,official_ohsvgp_m32_rff128,official_ohsvgp_m32_rff128,4,complete,runs/task1_2/online/official_ohsvgp_m32_rff128/seed4,runs/task1_2/online/official_ohsvgp_m32_rff128/seed4/result.json,runs/task1_2/online/official_ohsvgp_m32_rff128/seed4/predictions.npz,,True,0.5284318920599005,0.797658549410639,0.927,0.6105302634676975,11.469664687290788,0.0215116199105978,144.654296875,162.0,,0.081298828125,13,130,140,10,0.5790273971301533,0.41901571303606033,13,,runs/task1_2/online/official_ohsvgp_m32_rff128/seed4/blocks.csv,,,,,,,,,,,,,
short,online,official_ohsvgp_m32_rff128,official_ohsvgp_m32_rff128,4,complete,runs/task1_2/online/official_ohsvgp_m32_rff128/seed4,runs/task1_2/online/official_ohsvgp_m32_rff128/seed4/result.json,runs/task1_2/online/official_ohsvgp_m32_rff128/seed4/predictions.npz,,True,0.48615954394347544,0.7494217320268168,0.939,0.6105302634676975,11.469664687290788,0.021227018907666206,144.654296875,162.0,,0.081298828125,14,140,150,10,0.5808421924251159,0.4232643414288759,14,,runs/task1_2/online/official_ohsvgp_m32_rff128/seed4/blocks.csv,,,,,,,,,,,,,
short,online,official_ohsvgp_m32_rff128,official_ohsvgp_m32_rff128,4,complete,runs/task1_2/online/official_ohsvgp_m32_rff128/seed4,runs/task1_2/online/official_ohsvgp_m32_rff128/seed4/result.json,runs/task1_2/online/official_ohsvgp_m32_rff128/seed4/predictions.npz,,True,0.7437467831443454,1.1986418007807988,0.8265,0.6105302634676975,11.469664687290788,0.021239398047327995,144.654296875,162.0,,0.081298828125,15,150,160,10,0.5824475296718309,0.4181966856122017,15,,runs/task1_2/online/official_ohsvgp_m32_rff128/seed4/blocks.csv,,,,,,,,,,,,,
short,online,official_ohsvgp_m32_rff128,official_ohsvgp_m32_rff128,4,complete,runs/task1_2/online/official_ohsvgp_m32_rff128/seed4,runs/task1_2/online/official_ohsvgp_m32_rff128/seed4/result.json,runs/task1_2/online/official_ohsvgp_m32_rff128/seed4/predictions.npz,,True,0.8296441929286222,1.351177762635131,0.695,0.6105302634676975,11.469664687290788,0.021366817876696587,144.654296875,162.0,,0.081298828125,16,160,170,10,0.5832948472677416,0.42484049685299397,16,,runs/task1_2/online/official_ohsvgp_m32_rff128/seed4/blocks.csv,,,,,,,,,,,,,
short,online,official_ohsvgp_m32_rff128,official_ohsvgp_m32_rff128,4,complete,runs/task1_2/online/official_ohsvgp_m32_rff128/seed4,runs/task1_2/online/official_ohsvgp_m32_rff128/seed4/result.json,runs/task1_2/online/official_ohsvgp_m32_rff128/seed4/predictions.npz,,True,0.6868345364120214,1.0217097085097693,0.8285,0.6105302634676975,11.469664687290788,0.021310167387127876,144.654296875,162.0,,0.081298828125,17,170,180,10,0.5873256930971312,0.4182489328086376,17,,runs/task1_2/online/official_ohsvgp_m32_rff128/seed4/blocks.csv,,,,,,,,,,,,,
short,online,official_ohsvgp_m32_rff128,official_ohsvgp_m32_rff128,4,complete,runs/task1_2/online/official_ohsvgp_m32_rff128/seed4,runs/task1_2/online/official_ohsvgp_m32_rff128/seed4/result.json,runs/task1_2/online/official_ohsvgp_m32_rff128/seed4/predictions.npz,,True,0.6105302634676975,0.8998937911606514,0.9033333333333333,0.6105302634676975,11.469664687290788,0.012897631153464317,144.654296875,162.0,,0.081298828125,18,180,186,6,0.5489593341754355,0.2509274184703827,18,,runs/task1_2/online/official_ohsvgp_m32_rff128/seed4/blocks.csv,,,,,,,,,,,,,
short,online,routeb_cumulative_hippo_mt128_ms128,routeb_cumulative_hippo_mt128_ms128,0,complete,runs/task1_2/online/routeb_cumulative_hippo_mt128_ms128/seed0,runs/task1_2/online/routeb_cumulative_hippo_mt128_ms128/seed0/result.json,runs/task1_2/online/routeb_cumulative_hippo_mt128_ms128/seed0/predictions.npz,,True,0.060702271433496324,-1.1939525923121386,0.986,0.08068275271741585,5.81442360766232,0.0998952966183424,351.11083984375,416.0,,19.157371520996094,0,0,10,10,0.10465141366821805,0.10491773299872875,0,Task2,runs/task1_2/online/routeb_cumulative_hippo_mt128_ms128/seed0/blocks.csv,,0.836,0.967,0.9925,0.06867214664816856,2.679253464564681,0.3442725146755347,350.98583984375,20087960,torch,cuda,float64,cpu
short,online,routeb_cumulative_hippo_mt128_ms128,routeb_cumulative_hippo_mt128_ms128,0,complete,runs/task1_2/online/routeb_cumulative_hippo_mt128_ms128/seed0,runs/task1_2/online/routeb_cumulative_hippo_mt128_ms128/seed0/result.json,runs/task1_2/online/routeb_cumulative_hippo_mt128_ms128/seed0/predictions.npz,,True,0.07199928655561226,-1.1269721419358647,0.97,0.08068275271741585,5.81442360766232,0.020467981696128845,351.11083984375,416.0,,19.157371520996094,1,10,20,10,0.10431816347822823,0.02136191911995411,1,Task2,runs/task1_2/online/routeb_cumulative_hippo_mt128_ms128/seed0/blocks.csv,,0.75,0.9405,0.986,0.02731133997440338,8.56444239616394e-06,0.3431762191081606,351.11083984375,20087960,torch,cuda,float64,cpu
short,online,routeb_cumulative_hippo_mt128_ms128,routeb_cumulative_hippo_mt128_ms128,0,complete,runs/task1_2/online/routeb_cumulative_hippo_mt128_ms128/seed0,runs/task1_2/online/routeb_cumulative_hippo_mt128_ms128/seed0/result.json,runs/task1_2/online/routeb_cumulative_hippo_mt128_ms128/seed0/predictions.npz,,True,0.08620922455847471,-1.0459116759872362,0.958,0.08068275271741585,5.81442360766232,0.02048833854496479,351.11083984375,416.0,,19.157371520996094,2,20,30,10,0.10421478273611808,0.020961128175258636,2,Task2,runs/task1_2/online/routeb_cumulative_hippo_mt128_ms128/seed0/blocks.csv,,0.692,0.917,0.977,0.022672632709145546,6.789341568946838e-06,0.342836126730927,351.11083984375,20087960,torch,cuda,float64,cpu
short,online,routeb_cumulative_hippo_mt128_ms128,routeb_cumulative_hippo_mt128_ms128,0,complete,runs/task1_2/online/routeb_cumulative_hippo_mt128_ms128/seed0,runs/task1_2/online/routeb_cumulative_hippo_mt128_ms128/seed0/result.json,runs/task1_2/online/routeb_cumulative_hippo_mt128_ms128/seed0/predictions.npz,,True,0.08087869471686727,-1.0852061552521919,0.961,0.08068275271741585,5.81442360766232,0.01888226717710495,351.11083984375,416.0,,19.157371520996094,3,30,40,10,0.10415729657222075,0.019864456728100777,3,Task2,runs/task1_2/online/routeb_cumulative_hippo_mt128_ms128/seed0/blocks.csv,,0.7375,0.918,0.9765,0.018883833661675453,6.757676601409912e-06,0.34264701408055487,351.11083984375,20087960,torch,cuda,float64,cpu
short,online,routeb_cumulative_hippo_mt128_ms128,routeb_cumulative_hippo_mt128_ms128,0,complete,runs/task1_2/online/routeb_cumulative_hippo_mt128_ms128/seed0,runs/task1_2/online/routeb_cumulative_hippo_mt128_ms128/seed0/result.json,runs/task1_2/online/routeb_cumulative_hippo_mt128_ms128/seed0/predictions.npz,,True,0.08309270613295061,-1.0412888126981474,0.9605,0.08068275271741585,5.81442360766232,0.019063960760831833,351.11083984375,416.0,,19.157371520996094,4,40,50,10,0.10407387059946141,0.019760048016905785,4,Task2,runs/task1_2/online/routeb_cumulative_hippo_mt128_ms128/seed0/blocks.csv,,0.6205,0.8995,0.985,0.020026210695505142,6.493180990219116e-06,0.3423725670528046,351.11083984375,20087960,torch,cuda,float64,cpu
short,online,routeb_cumulative_hippo_mt128_ms128,routeb_cumulative_hippo_mt128_ms128,0,complete,runs/task1_2/online/routeb_cumulative_hippo_mt128_ms128/seed0,runs/task1_2/online/routeb_cumulative_hippo_mt128_ms128/seed0/result.json,runs/task1_2/online/routeb_cumulative_hippo_mt128_ms128/seed0/predictions.npz,,True,0.060679035534155365,-1.1948623738483224,0.992,0.08068275271741585,5.81442360766232,0.018944064155220985,351.11083984375,416.0,,19.157371520996094,5,50,60,10,0.10403174316702778,0.019425423815846443,5,Task2,runs/task1_2/online/routeb_cumulative_hippo_mt128_ms128/seed0/blocks.csv,,0.7835,0.963,0.9965,0.020535707473754883,7.6107680797576904e-06,0.34223398013273937,351.11083984375,20087960,torch,cuda,float64,cpu
short,online,routeb_cumulative_hippo_mt128_ms128,routeb_cumulative_hippo_mt128_ms128,0,complete,runs/task1_2/online/routeb_cumulative_hippo_mt128_ms128/seed0,runs/task1_2/online/routeb_cumulative_hippo_mt128_ms128/seed0/result.json,runs/task1_2/online/routeb_cumulative_hippo_mt128_ms128/seed0/predictions.npz,,True,0.06604330026736002,-1.1624183730008544,0.9875,0.08068275271741585,5.81442360766232,0.018961496651172638,351.11083984375,416.0,,19.157371520996094,6,60,70,10,0.10398236920351113,0.01943013072013855,6,Task2,runs/task1_2/online/routeb_cumulative_hippo_mt128_ms128/seed0/blocks.csv,,0.733,0.9575,0.9965,0.01982928439974785,6.902962923049927e-06,0.3420715542468047,351.11083984375,20087960,torch,cuda,float64,cpu
short,online,routeb_cumulative_hippo_mt128_ms128,routeb_cumulative_hippo_mt128_ms128,0,complete,runs/task1_2/online/routeb_cumulative_hippo_mt128_ms128/seed0,runs/task1_2/online/routeb_cumulative_hippo_mt128_ms128/seed0/result.json,runs/task1_2/online/routeb_cumulative_hippo_mt128_ms128/seed0/predictions.npz,,True,0.07144500814210945,-1.1412100388684854,0.9805,0.08068275271741585,5.81442360766232,0.01893801800906658,351.11083984375,416.0,,19.157371520996094,7,70,80,10,0.1039565937639688,0.019426748156547546,7,Task2,runs/task1_2/online/routeb_cumulative_hippo_mt128_ms128/seed0/blocks.csv,,0.726,0.944,0.9905,0.018387744203209877,8.303672075271606e-06,0.3419867605963698,351.11083984375,20087960,torch,cuda,float64,cpu
short,online,routeb_cumulative_hippo_mt128_ms128,routeb_cumulative_hippo_mt128_ms128,0,complete,runs/task1_2/online/routeb_cumulative_hippo_mt128_ms128/seed0,runs/task1_2/online/routeb_cumulative_hippo_mt128_ms128/seed0/result.json,runs/task1_2/online/routeb_cumulative_hippo_mt128_ms128/seed0/predictions.npz,,True,0.07144169363164049,-1.122368610891117,0.979,0.08068275271741585,5.81442360766232,0.018928440287709236,351.11083984375,416.0,,19.157371520996094,8,80,90,10,0.10395982344649385,0.0194398183375597,8,Task2,runs/task1_2/online/routeb_cumulative_hippo_mt128_ms128/seed0/blocks.csv,,0.719,0.944,0.988,0.020194321870803833,6.245449185371399e-06,0.34199738530640017,351.11083984375,20087960,torch,cuda,float64,cpu
short,online,routeb_cumulative_hippo_mt128_ms128,routeb_cumulative_hippo_mt128_ms128,0,complete,runs/task1_2/online/routeb_cumulative_hippo_mt128_ms128/seed0,runs/task1_2/online/routeb_cumulative_hippo_mt128_ms128/seed0/result.json,runs/task1_2/online/routeb_cumulative_hippo_mt128_ms128/seed0/predictions.npz,,True,0.07963760775397481,-1.0809770470236422,0.963,0.08068275271741585,5.81442360766232,0.018992343917489052,351.11083984375,416.0,,19.157371520996094,9,90,100,10,0.10394371401627067,0.019491612911224365,9,Task2,runs/task1_2/online/routeb_cumulative_hippo_mt128_ms128/seed0/blocks.csv,,0.701,0.9185,0.981,0.019236324355006218,4.623085260391235e-06,0.3419443899969389,351.11083984375,20087960,torch,cuda,float64,cpu
short,online,routeb_cumulative_hippo_mt128_ms128,routeb_cumulative_hippo_mt128_ms128,0,complete,runs/task1_2/online/routeb_cumulative_hippo_mt128_ms128/seed0,runs/task1_2/online/routeb_cumulative_hippo_mt128_ms128/seed0/result.json,runs/task1_2/online/routeb_cumulative_hippo_mt128_ms128/seed0/predictions.npz,,True,0.07280615201024966,-1.1291373954181496,0.9725,0.08068275271741585,5.81442360766232,0.019146325066685677,351.11083984375,416.0,,19.157371520996094,10,100,110,10,0.1039352071626577,0.019509335979819298,10,Task2,runs/task1_2/online/routeb_cumulative_hippo_mt128_ms128/seed0/blocks.csv,,0.7445,0.942,0.9845,0.0206761471927166,5.194917321205139e-06,0.3419164049389002,351.11083984375,20087960,torch,cuda,float64,cpu
short,online,routeb_cumulative_hippo_mt128_ms128,routeb_cumulative_hippo_mt128_ms128,0,complete,runs/task1_2/online/routeb_cumulative_hippo_mt128_ms128/seed0,runs/task1_2/online/routeb_cumulative_hippo_mt128_ms128/seed0/result.json,runs/task1_2/online/routeb_cumulative_hippo_mt128_ms128/seed0/predictions.npz,,True,0.10218698387222758,-0.8767012842245996,0.916,0.08068275271741585,5.81442360766232,0.01903052069246769,351.11083984375,416.0,,19.157371520996094,11,110,120,10,0.10393405069116937,0.019657770171761513,11,Task2,runs/task1_2/online/routeb_cumulative_hippo_mt128_ms128/seed0/blocks.csv,,0.564,0.8285,0.9595,0.021562105044722557,6.604939699172974e-06,0.3419126004862562,351.11083984375,20087960,torch,cuda,float64,cpu
short,online,routeb_cumulative_hippo_mt128_ms128,routeb_cumulative_hippo_mt128_ms128,0,complete,runs/task1_2/online/routeb_cumulative_hippo_mt128_ms128/seed0,runs/task1_2/online/routeb_cumulative_hippo_mt128_ms128/seed0/result.json,runs/task1_2/online/routeb_cumulative_hippo_mt128_ms128/seed0/predictions.npz,,True,0.11162018820702402,-0.8064383980416906,0.881,0.08068275271741585,5.81442360766232,0.01904374547302723,351.11083984375,416.0,,19.157371520996094,12,120,130,10,0.10393454371456141,0.019665569067001343,12,Task2,runs/task1_2/online/routeb_cumulative_hippo_mt128_ms128/seed0/blocks.csv,,0.5275,0.797,0.9305,0.020340364426374435,5.766749382019043e-06,0.34191422238888536,351.11083984375,20087960,torch,cuda,float64,cpu
short,online,routeb_cumulative_hippo_mt128_ms128,routeb_cumulative_hippo_mt128_ms128,0,complete,runs/task1_2/online/routeb_cumulative_hippo_mt128_ms128/seed0,runs/task1_2/online/routeb_cumulative_hippo_mt128_ms128/seed0/result.json,runs/task1_2/online/routeb_cumulative_hippo_mt128_ms128/seed0/predictions.npz,,True,0.10726018493209476,-0.8360688103123891,0.9105,0.08068275271741585,5.81442360766232,0.018976647406816483,351.11083984375,416.0,,19.157371520996094,13,130,140,10,0.1039098257218512,0.019477088004350662,13,Task2,runs/task1_2/online/routeb_cumulative_hippo_mt128_ms128/seed0/blocks.csv,,0.5315,0.8165,0.946,0.02355748787522316,5.3104013204574585e-06,0.3418329074289646,351.11083984375,20087960,torch,cuda,float64,cpu
short,online,routeb_cumulative_hippo_mt128_ms128,routeb_cumulative_hippo_mt128_ms128,0,complete,runs/task1_2/online/routeb_cumulative_hippo_mt128_ms128/seed0,runs/task1_2/online/routeb_cumulative_hippo_mt128_ms128/seed0/result.json,runs/task1_2/online/routeb_cumulative_hippo_mt128_ms128/seed0/predictions.npz,,True,0.09366142478534627,-0.9613947620892956,0.9325,0.08068275271741585,5.81442360766232,0.019051143899559975,351.11083984375,416.0,,19.157371520996094,14,140,150,10,0.10390984159025642,0.019504845142364502,14,Task2,runs/task1_2/online/routeb_cumulative_hippo_mt128_ms128/seed0/blocks.csv,,0.588,0.8685,0.963,0.0224146768450737,5.425885319709778e-06,0.34183295963137245,351.11083984375,20087960,torch,cuda,float64,cpu
short,online,routeb_cumulative_hippo_mt128_ms128,routeb_cumulative_hippo_mt128_ms128,0,complete,runs/task1_2/online/routeb_cumulative_hippo_mt128_ms128/seed0,runs/task1_2/online/routeb_cumulative_hippo_mt128_ms128/seed0/result.json,runs/task1_2/online/routeb_cumulative_hippo_mt128_ms128/seed0/predictions.npz,,True,0.10206203565748966,-0.8839415888178873,0.9265,0.08068275271741585,5.81442360766232,0.018969278782606125,351.11083984375,416.0,,19.157371520996094,15,150,160,10,0.10389079328423252,0.019504090771079063,15,Task2,runs/task1_2/online/routeb_cumulative_hippo_mt128_ms128/seed0/blocks.csv,,0.5595,0.856,0.9565,0.02141983062028885,5.46872615814209e-06,0.341770296280871,351.11083984375,20087960,torch,cuda,float64,cpu
short,online,routeb_cumulative_hippo_mt128_ms128,routeb_cumulative_hippo_mt128_ms128,0,complete,runs/task1_2/online/routeb_cumulative_hippo_mt128_ms128/seed0,runs/task1_2/online/routeb_cumulative_hippo_mt128_ms128/seed0/result.json,runs/task1_2/online/routeb_cumulative_hippo_mt128_ms128/seed0/predictions.npz,,True,0.09371331139351126,-0.9638738532200154,0.931,0.08068275271741585,5.81442360766232,0.019118160009384155,351.11083984375,416.0,,19.157371520996094,16,160,170,10,0.10385891407162294,0.019894519820809364,16,Task2,runs/task1_2/online/routeb_cumulative_hippo_mt128_ms128/seed0/blocks.csv,,0.5985,0.8645,0.964,0.022115366533398628,5.7034194469451904e-06,0.3416654230039005,351.11083984375,20087960,torch,cuda,float64,cpu
short,online,routeb_cumulative_hippo_mt128_ms128,routeb_cumulative_hippo_mt128_ms128,0,complete,runs/task1_2/online/routeb_cumulative_hippo_mt128_ms128/seed0,runs/task1_2/online/routeb_cumulative_hippo_mt128_ms128/seed0/result.json,runs/task1_2/online/routeb_cumulative_hippo_mt128_ms128/seed0/predictions.npz,,True,0.07960094693645386,-1.068393251668503,0.96,0.08068275271741585,5.81442360766232,0.018986109644174576,351.11083984375,416.0,,19.157371520996094,17,170,180,10,0.10383811788596731,0.01951746642589569,17,Task2,runs/task1_2/online/routeb_cumulative_hippo_mt128_ms128/seed0/blocks.csv,,0.6685,0.9105,0.984,0.022275689989328384,6.197020411491394e-06,0.3415970096410957,351.11083984375,20087960,torch,cuda,float64,cpu
short,online,routeb_cumulative_hippo_mt128_ms128,routeb_cumulative_hippo_mt128_ms128,0,complete,runs/task1_2/online/routeb_cumulative_hippo_mt128_ms128/seed0,runs/task1_2/online/routeb_cumulative_hippo_mt128_ms128/seed0/result.json,runs/task1_2/online/routeb_cumulative_hippo_mt128_ms128/seed0/predictions.npz,,True,0.08068275271741585,-1.0476285091779827,0.9591666666666666,0.08068275271741585,5.81442360766232,0.015680154785513878,351.11083984375,416.0,,19.157371520996094,18,180,186,6,0.10400000270737826,0.019172584637999535,18,Task2,runs/task1_2/online/routeb_cumulative_hippo_mt128_ms128/seed0/blocks.csv,,0.6425,0.915,0.9783333333333334,0.021745825186371803,5.938112735748291e-06,0.34212956331238814,351.11083984375,20087960,torch,cuda,float64,cpu
short,online,routeb_cumulative_hippo_mt128_ms128,routeb_cumulative_hippo_mt128_ms128,1,complete,runs/task1_2/online/routeb_cumulative_hippo_mt128_ms128/seed1,runs/task1_2/online/routeb_cumulative_hippo_mt128_ms128/seed1/result.json,runs/task1_2/online/routeb_cumulative_hippo_mt128_ms128/seed1/predictions.npz,,True,0.06701075765862433,-1.1765871176074574,0.9825,0.08735953988492144,5.761786395683885,0.09852627664804459,351.11083984375,416.0,,19.157371520996094,0,0,10,10,0.10635499379840581,0.05899624153971672,0,Task2,runs/task1_2/online/routeb_cumulative_hippo_mt128_ms128/seed1/blocks.csv,,0.8105,0.961,0.9915,0.09902882017195225,2.748177032917738,0.3498767945874183,350.98583984375,20087960,torch,cuda,float64,cpu
short,online,routeb_cumulative_hippo_mt128_ms128,routeb_cumulative_hippo_mt128_ms128,1,complete,runs/task1_2/online/routeb_cumulative_hippo_mt128_ms128/seed1,runs/task1_2/online/routeb_cumulative_hippo_mt128_ms128/seed1/result.json,runs/task1_2/online/routeb_cumulative_hippo_mt128_ms128/seed1/predictions.npz,,True,0.08388657634355025,-1.1102585356524233,0.9695,0.08735953988492144,5.761786395683885,0.020373502746224403,351.11083984375,416.0,,19.157371520996094,1,10,20,10,0.10602774511077671,0.02107301913201809,1,Task2,runs/task1_2/online/routeb_cumulative_hippo_mt128_ms128/seed1/blocks.csv,,0.7205,0.9275,0.984,0.025910407304763794,8.091330528259277e-06,0.3488002422058946,351.11083984375,20087960,torch,cuda,float64,cpu
short,online,routeb_cumulative_hippo_mt128_ms128,routeb_cumulative_hippo_mt128_ms128,1,complete,runs/task1_2/online/routeb_cumulative_hippo_mt128_ms128/seed1,runs/task1_2/online/routeb_cumulative_hippo_mt128_ms128/seed1/result.json,runs/task1_2/online/routeb_cumulative_hippo_mt128_ms128/seed1/predictions.npz,,True,0.09650991529359393,-0.9796271303405731,0.9405,0.08735953988492144,5.761786395683885,0.020420048385858536,351.11083984375,416.0,,19.157371520996094,2,20,30,10,0.10592505653959752,0.020882384851574898,2,Task2,runs/task1_2/online/routeb_cumulative_hippo_mt128_ms128/seed1/blocks.csv,,0.6405,0.8805,0.9675,0.021807832643389702,7.39656388759613e-06,0.34846242686839357,351.11083984375,20087960,torch,cuda,float64,cpu
short,online,routeb_cumulative_hippo_mt128_ms128,routeb_cumulative_hippo_mt128_ms128,1,complete,runs/task1_2/online/routeb_cumulative_hippo_mt128_ms128/seed1,runs/task1_2/online/routeb_cumulative_hippo_mt128_ms128/seed1/result.json,runs/task1_2/online/routeb_cumulative_hippo_mt128_ms128/seed1/predictions.npz,,True,0.09390502224463347,-1.0208198419597567,0.947,0.08735953988492144,5.761786395683885,0.020785581320524216,351.11083984375,416.0,,19.157371520996094,3,30,40,10,0.10586875535602414,0.020941821858286858,3,Task2,runs/task1_2/online/routeb_cumulative_hippo_mt128_ms128/seed1/blocks.csv,,0.717,0.9125,0.9665,0.01898154802620411,6.921589374542236e-06,0.3482772124563888,351.11083984375,20087960,torch,cuda,float64,cpu
short,online,routeb_cumulative_hippo_mt128_ms128,routeb_cumulative_hippo_mt128_ms128,1,complete,runs/task1_2/online/routeb_cumulative_hippo_mt128_ms128/seed1,runs/task1_2/online/routeb_cumulative_hippo_mt128_ms128/seed1/result.json,runs/task1_2/online/routeb_cumulative_hippo_mt128_ms128/seed1/predictions.npz,,True,0.08734700284713029,-1.034667311028714,0.9595,0.08735953988492144,5.761786395683885,0.020574400201439857,351.11083984375,416.0,,19.157371520996094,4,40,50,10,0.1057847491528959,0.021132856607437134,4,Task2,runs/task1_2/online/routeb_cumulative_hippo_mt128_ms128/seed1/blocks.csv,,0.6105,0.9005,0.9805,0.020831715315580368,7.759779691696167e-06,0.34800085664058494,351.11083984375,20087960,torch,cuda,float64,cpu
short,online,routeb_cumulative_hippo_mt128_ms128,routeb_cumulative_hippo_mt128_ms128,1,complete,runs/task1_2/online/routeb_cumulative_hippo_mt128_ms128/seed1,runs/task1_2/online/routeb_cumulative_hippo_mt128_ms128/seed1/result.json,runs/task1_2/online/routeb_cumulative_hippo_mt128_ms128/seed1/predictions.npz,,True,0.05898182837399548,-1.1994441135846226,0.9925,0.08735953988492144,5.761786395683885,0.020562728866934776,351.11083984375,416.0,,19.157371520996094,5,50,60,10,0.1057417587234751,0.021021051332354546,5,Task2,runs/task1_2/online/routeb_cumulative_hippo_mt128_ms128/seed1/blocks.csv,,0.793,0.969,0.9985,0.019227158278226852,7.739290595054626e-06,0.347859430713071,351.11083984375,20087960,torch,cuda,float64,cpu
short,online,routeb_cumulative_hippo_mt128_ms128,routeb_cumulative_hippo_mt128_ms128,1,complete,runs/task1_2/online/routeb_cumulative_hippo_mt128_ms128/seed1,runs/task1_2/online/routeb_cumulative_hippo_mt128_ms128/seed1/result.json,runs/task1_2/online/routeb_cumulative_hippo_mt128_ms128/seed1/predictions.npz,,True,0.066844740013164,-1.15332833937536,0.9875,0.08735953988492144,5.761786395683885,0.018914565443992615,351.11083984375,416.0,,19.157371520996094,6,60,70,10,0.10569352366262887,0.01939091645181179,6,Task2,runs/task1_2/online/routeb_cumulative_hippo_mt128_ms128/seed1/blocks.csv,,0.734,0.9505,0.9975,0.019094984978437424,8.696690201759338e-06,0.3477007514835127,351.11083984375,20087960,torch,cuda,float64,cpu
short,online,routeb_cumulative_hippo_mt128_ms128,routeb_cumulative_hippo_mt128_ms128,1,complete,runs/task1_2/online/routeb_cumulative_hippo_mt128_ms128/seed1,runs/task1_2/online/routeb_cumulative_hippo_mt128_ms128/seed1/result.json,runs/task1_2/online/routeb_cumulative_hippo_mt128_ms128/seed1/predictions.npz,,True,0.07245912005611724,-1.1318309492938372,0.9745,0.08735953988492144,5.761786395683885,0.01892559975385666,351.11083984375,416.0,,19.157371520996094,7,70,80,10,0.10566812051808687,0.019420200958848,7,Task2,runs/task1_2/online/routeb_cumulative_hippo_mt128_ms128/seed1/blocks.csv,,0.732,0.942,0.991,0.02028587833046913,9.525567293167114e-06,0.3476171825746409,351.11083984375,20087960,torch,cuda,float64,cpu
short,online,routeb_cumulative_hippo_mt128_ms128,routeb_cumulative_hippo_mt128_ms128,1,complete,runs/task1_2/online/routeb_cumulative_hippo_mt128_ms128/seed1,runs/task1_2/online/routeb_cumulative_hippo_mt128_ms128/seed1/result.json,runs/task1_2/online/routeb_cumulative_hippo_mt128_ms128/seed1/predictions.npz,,True,0.07388370792859024,-1.11365635301892,0.9745,0.08735953988492144,5.761786395683885,0.019025973975658417,351.11083984375,416.0,,19.157371520996094,8,80,90,10,0.10567133412137449,0.019426366314291954,8,Task2,runs/task1_2/online/routeb_cumulative_hippo_mt128_ms128/seed1/blocks.csv,,0.7255,0.9435,0.9855,0.020335795357823372,5.906447768211365e-06,0.34762775438868737,351.11083984375,20087960,torch,cuda,float64,cpu
short,online,routeb_cumulative_hippo_mt128_ms128,routeb_cumulative_hippo_mt128_ms128,1,complete,runs/task1_2/online/routeb_cumulative_hippo_mt128_ms128/seed1,runs/task1_2/online/routeb_cumulative_hippo_mt128_ms128/seed1/result.json,runs/task1_2/online/routeb_cumulative_hippo_mt128_ms128/seed1/predictions.npz,,True,0.08824893942545478,-1.0356690398893762,0.9555,0.08735953988492144,5.761786395683885,0.01898261159658432,351.11083984375,416.0,,19.157371520996094,9,90,100,10,0.10565332452469883,0.019564103335142136,9,Task2,runs/task1_2/online/routeb_cumulative_hippo_mt128_ms128/seed1/blocks.csv,,0.6665,0.905,0.975,0.02143390290439129,6.109476089477539e-06,0.34756850808786355,351.11083984375,20087960,torch,cuda,float64,cpu
short,online,routeb_cumulative_hippo_mt128_ms128,routeb_cumulative_hippo_mt128_ms128,1,complete,runs/task1_2/online/routeb_cumulative_hippo_mt128_ms128/seed1,runs/task1_2/online/routeb_cumulative_hippo_mt128_ms128/seed1/result.json,runs/task1_2/online/routeb_cumulative_hippo_mt128_ms128/seed1/predictions.npz,,True,0.07770956703029737,-1.109903266506987,0.974,0.08735953988492144,5.761786395683885,0.018906261771917343,351.11083984375,416.0,,19.157371520996094,10,100,110,10,0.10564484378013793,0.019452571868896484,10,Task2,runs/task1_2/online/routeb_cumulative_hippo_mt128_ms128/seed1/blocks.csv,,0.738,0.9385,0.986,0.02241560071706772,5.856156349182129e-06,0.3475406089209631,351.11083984375,20087960,torch,cuda,float64,cpu
short,online,routeb_cumulative_hippo_mt128_ms128,routeb_cumulative_hippo_mt128_ms128,1,complete,runs/task1_2/online/routeb_cumulative_hippo_mt128_ms128/seed1,runs/task1_2/online/routeb_cumulative_hippo_mt128_ms128/seed1/result.json,runs/task1_2/online/routeb_cumulative_hippo_mt128_ms128/seed1/predictions.npz,,True,0.10844972533503644,-0.8174561537960429,0.888,0.08735953988492144,5.761786395683885,0.018970908597111702,351.11083984375,416.0,,19.157371520996094,11,110,120,10,0.10564379492693923,0.019396184012293816,11,Task2,runs/task1_2/online/routeb_cumulative_hippo_mt128_ms128/seed1/blocks.csv,,0.5215,0.801,0.937,0.01945079118013382,5.4817646741867065e-06,0.34753715850098704,351.11083984375,20087960,torch,cuda,float64,cpu
short,online,routeb_cumulative_hippo_mt128_ms128,routeb_cumulative_hippo_mt128_ms128,1,complete,runs/task1_2/online/routeb_cumulative_hippo_mt128_ms128/seed1,runs/task1_2/online/routeb_cumulative_hippo_mt128_ms128/seed1/result.json,runs/task1_2/online/routeb_cumulative_hippo_mt128_ms128/seed1/predictions.npz,,True,0.12062864123010499,-0.6984439880318225,0.867,0.08735953988492144,5.761786395683885,0.018888099119067192,351.11083984375,416.0,,19.157371520996094,12,120,130,10,0.10564458525169665,0.01940223202109337,12,Task2,runs/task1_2/online/routeb_cumulative_hippo_mt128_ms128/seed1/blocks.csv,,0.495,0.7685,0.917,0.019165311008691788,5.0514936447143555e-06,0.3475397584380745,351.11083984375,20087960,torch,cuda,float64,cpu
short,online,routeb_cumulative_hippo_mt128_ms128,routeb_cumulative_hippo_mt128_ms128,1,complete,runs/task1_2/online/routeb_cumulative_hippo_mt128_ms128/seed1,runs/task1_2/online/routeb_cumulative_hippo_mt128_ms128/seed1/result.json,runs/task1_2/online/routeb_cumulative_hippo_mt128_ms128/seed1/predictions.npz,,True,0.11553563856158222,-0.7811376682740083,0.8885,0.08735953988492144,5.761786395683885,0.01892506703734398,351.11083984375,416.0,,19.157371520996094,13,130,140,10,0.1056194257958828,0.019418109208345413,13,Task2,runs/task1_2/online/routeb_cumulative_hippo_mt128_ms128/seed1/blocks.csv,,0.541,0.794,0.927,0.02218172885477543,4.172325134277344e-06,0.3474569911937794,351.11083984375,20087960,torch,cuda,float64,cpu
short,online,routeb_cumulative_hippo_mt128_ms128,routeb_cumulative_hippo_mt128_ms128,1,complete,runs/task1_2/online/routeb_cumulative_hippo_mt128_ms128/seed1,runs/task1_2/online/routeb_cumulative_hippo_mt128_ms128/seed1/result.json,runs/task1_2/online/routeb_cumulative_hippo_mt128_ms128/seed1/predictions.npz,,True,0.09711100888785044,-0.9576688308076012,0.938,0.08735953988492144,5.761786395683885,0.01943574659526348,351.11083984375,416.0,,19.157371520996094,14,140,150,10,0.10561673849125162,0.0194234699010849,14,Task2,runs/task1_2/online/routeb_cumulative_hippo_mt128_ms128/seed1/blocks.csv,,0.5855,0.8685,0.9685,0.019268490374088287,4.863366484642029e-06,0.3474481507482408,351.11083984375,20087960,torch,cuda,float64,cpu
short,online,routeb_cumulative_hippo_mt128_ms128,routeb_cumulative_hippo_mt128_ms128,1,complete,runs/task1_2/online/routeb_cumulative_hippo_mt128_ms128/seed1,runs/task1_2/online/routeb_cumulative_hippo_mt128_ms128/seed1/result.json,runs/task1_2/online/routeb_cumulative_hippo_mt128_ms128/seed1/predictions.npz,,True,0.11047843343362417,-0.835600231341621,0.92,0.08735953988492144,5.761786395683885,0.019117949530482292,351.11083984375,416.0,,19.157371520996094,15,150,160,10,0.10559853898224543,0.01992979645729065,15,Task2,runs/task1_2/online/routeb_cumulative_hippo_mt128_ms128/seed1/blocks.csv,,0.566,0.84,0.949,0.03296518325805664,1.2964010238647461e-05,0.3473882796914457,351.11083984375,20087960,torch,cuda,float64,cpu
short,online,routeb_cumulative_hippo_mt128_ms128,routeb_cumulative_hippo_mt128_ms128,1,complete,runs/task1_2/online/routeb_cumulative_hippo_mt128_ms128/seed1,runs/task1_2/online/routeb_cumulative_hippo_mt128_ms128/seed1/result.json,runs/task1_2/online/routeb_cumulative_hippo_mt128_ms128/seed1/predictions.npz,,True,0.09513960707093456,-0.9412167655455347,0.928,0.08735953988492144,5.761786395683885,0.018940534442663193,351.11083984375,416.0,,19.157371520996094,16,160,170,10,0.10556687237548067,0.01946720853447914,16,Task2,runs/task1_2/online/routeb_cumulative_hippo_mt128_ms128/seed1/blocks.csv,,0.5825,0.851,0.962,0.02459917962551117,5.783513188362122e-06,0.3472841058254651,351.11083984375,20087960,torch,cuda,float64,cpu
short,online,routeb_cumulative_hippo_mt128_ms128,routeb_cumulative_hippo_mt128_ms128,1,complete,runs/task1_2/online/routeb_cumulative_hippo_mt128_ms128/seed1,runs/task1_2/online/routeb_cumulative_hippo_mt128_ms128/seed1/result.json,runs/task1_2/online/routeb_cumulative_hippo_mt128_ms128/seed1/predictions.npz,,True,0.0815610469269309,-1.070911451267783,0.968,0.08735953988492144,5.761786395683885,0.01893788017332554,351.11083984375,416.0,,19.157371520996094,17,170,180,10,0.10554586826336698,0.01946447230875492,17,Task2,runs/task1_2/online/routeb_cumulative_hippo_mt128_ms128/seed1/blocks.csv,,0.6445,0.916,0.9885,0.025636231526732445,5.301088094711304e-06,0.3472150084454829,351.11083984375,20087960,torch,cuda,float64,cpu
short,online,routeb_cumulative_hippo_mt128_ms128,routeb_cumulative_hippo_mt128_ms128,1,complete,runs/task1_2/online/routeb_cumulative_hippo_mt128_ms128/seed1,runs/task1_2/online/routeb_cumulative_hippo_mt128_ms128/seed1/result.json,runs/task1_2/online/routeb_cumulative_hippo_mt128_ms128/seed1/predictions.npz,,True,0.08735953988492144,-0.9863674493988299,0.9425,0.08735953988492144,5.761786395683885,0.015616578981280327,351.11083984375,416.0,,19.157371520996094,18,180,186,6,0.10570861632222461,0.019075367599725723,18,Task2,runs/task1_2/online/routeb_cumulative_hippo_mt128_ms128/seed1/blocks.csv,,0.62,0.8675,0.9766666666666667,0.025435755029320717,5.3122639656066895e-06,0.3477504019152655,351.11083984375,20087960,torch,cuda,float64,cpu
short,online,routeb_cumulative_hippo_mt128_ms128,routeb_cumulative_hippo_mt128_ms128,2,complete,runs/task1_2/online/routeb_cumulative_hippo_mt128_ms128/seed2,runs/task1_2/online/routeb_cumulative_hippo_mt128_ms128/seed2/result.json,runs/task1_2/online/routeb_cumulative_hippo_mt128_ms128/seed2/predictions.npz,,True,0.058166015025400496,-1.192672655631011,0.99,0.0823897323257867,5.665555167943239,0.09815362095832825,351.11083984375,416.0,,19.157371520996094,0,0,10,10,0.10698910563532783,0.05514269135892391,0,Task2,runs/task1_2/online/routeb_cumulative_hippo_mt128_ms128/seed2/blocks.csv,,0.8235,0.9695,0.9955,0.1184323113411665,2.6607117652893066,0.3519628368971264,350.98583984375,20087960,torch,cuda,float64,cpu
short,online,routeb_cumulative_hippo_mt128_ms128,routeb_cumulative_hippo_mt128_ms128,2,complete,runs/task1_2/online/routeb_cumulative_hippo_mt128_ms128/seed2,runs/task1_2/online/routeb_cumulative_hippo_mt128_ms128/seed2/result.json,runs/task1_2/online/routeb_cumulative_hippo_mt128_ms128/seed2/predictions.npz,,True,0.07208479659100085,-1.137657264736794,0.9815,0.0823897323257867,5.665555167943239,0.020498627796769142,351.11083984375,416.0,,19.157371520996094,1,10,20,10,0.10666773469184229,0.021147023886442184,1,Task2,runs/task1_2/online/routeb_cumulative_hippo_mt128_ms128/seed2/blocks.csv,,0.743,0.9485,0.9925,0.027003072202205658,8.884817361831665e-06,0.35090562057314834,351.11083984375,20087960,torch,cuda,float64,cpu
short,online,routeb_cumulative_hippo_mt128_ms128,routeb_cumulative_hippo_mt128_ms128,2,complete,runs/task1_2/online/routeb_cumulative_hippo_mt128_ms128/seed2,runs/task1_2/online/routeb_cumulative_hippo_mt128_ms128/seed2/result.json,runs/task1_2/online/routeb_cumulative_hippo_mt128_ms128/seed2/predictions.npz,,True,0.09444829537978244,-0.9948626599102031,0.9535,0.0823897323257867,5.665555167943239,0.02044713869690895,351.11083984375,416.0,,19.157371520996094,2,20,30,10,0.10657148390127849,0.021002838388085365,2,Task2,runs/task1_2/online/routeb_cumulative_hippo_mt128_ms128/seed2/blocks.csv,,0.655,0.8955,0.975,0.023564627394080162,7.813796401023865e-06,0.35058898364923674,351.11083984375,20087960,torch,cuda,float64,cpu
short,online,routeb_cumulative_hippo_mt128_ms128,routeb_cumulative_hippo_mt128_ms128,2,complete,runs/task1_2/online/routeb_cumulative_hippo_mt128_ms128/seed2,runs/task1_2/online/routeb_cumulative_hippo_mt128_ms128/seed2/result.json,runs/task1_2/online/routeb_cumulative_hippo_mt128_ms128/seed2/predictions.npz,,True,0.08815116311405381,-1.0435406852663478,0.9615,0.0823897323257867,5.665555167943239,0.020527804270386696,351.11083984375,416.0,,19.157371520996094,3,30,40,10,0.10651883457880999,0.02112734131515026,3,Task2,runs/task1_2/online/routeb_cumulative_hippo_mt128_ms128/seed2/blocks.csv,,0.7135,0.925,0.974,0.01936517283320427,7.802620530128479e-06,0.35041578279119906,351.11083984375,20087960,torch,cuda,float64,cpu
short,online,routeb_cumulative_hippo_mt128_ms128,routeb_cumulative_hippo_mt128_ms128,2,complete,runs/task1_2/online/routeb_cumulative_hippo_mt128_ms128/seed2,runs/task1_2/online/routeb_cumulative_hippo_mt128_ms128/seed2/result.json,runs/task1_2/online/routeb_cumulative_hippo_mt128_ms128/seed2/predictions.npz,,True,0.08293626927191783,-1.0546484945272763,0.965,0.0823897323257867,5.665555167943239,0.02051672339439392,351.11083984375,416.0,,19.157371520996094,4,40,50,10,0.10643151975808691,0.02099875546991825,4,Task2,runs/task1_2/online/routeb_cumulative_hippo_mt128_ms128/seed2/blocks.csv,,0.6425,0.91,0.99,0.01838054321706295,7.335096597671509e-06,0.35012854259209303,351.11083984375,20087960,torch,cuda,float64,cpu
short,online,routeb_cumulative_hippo_mt128_ms128,routeb_cumulative_hippo_mt128_ms128,2,complete,runs/task1_2/online/routeb_cumulative_hippo_mt128_ms128/seed2,runs/task1_2/online/routeb_cumulative_hippo_mt128_ms128/seed2/result.json,runs/task1_2/online/routeb_cumulative_hippo_mt128_ms128/seed2/predictions.npz,,True,0.059879548785903625,-1.18705162459026,0.989,0.0823897323257867,5.665555167943239,0.019961142912507057,351.11083984375,416.0,,19.157371520996094,5,50,60,10,0.10638978837891518,0.021069513633847237,5,Task2,runs/task1_2/online/routeb_cumulative_hippo_mt128_ms128/seed2/blocks.csv,,0.7955,0.9745,0.9955,0.021252108737826347,6.159767508506775e-06,0.3499912585713164,351.11083984375,20087960,torch,cuda,float64,cpu
short,online,routeb_cumulative_hippo_mt128_ms128,routeb_cumulative_hippo_mt128_ms128,2,complete,runs/task1_2/online/routeb_cumulative_hippo_mt128_ms128/seed2,runs/task1_2/online/routeb_cumulative_hippo_mt128_ms128/seed2/result.json,runs/task1_2/online/routeb_cumulative_hippo_mt128_ms128/seed2/predictions.npz,,True,0.06816561007800366,-1.1425797003480334,0.99,0.0823897323257867,5.665555167943239,0.018885914236307144,351.11083984375,416.0,,19.157371520996094,6,60,70,10,0.10634251192611927,0.01937856338918209,6,Task2,runs/task1_2/online/routeb_cumulative_hippo_mt128_ms128/seed2/blocks.csv,,0.717,0.9525,0.9955,0.018081137910485268,5.709007382392883e-06,0.34983573288161496,351.11083984375,20087960,torch,cuda,float64,cpu
short,online,routeb_cumulative_hippo_mt128_ms128,routeb_cumulative_hippo_mt128_ms128,2,complete,runs/task1_2/online/routeb_cumulative_hippo_mt128_ms128/seed2,runs/task1_2/online/routeb_cumulative_hippo_mt128_ms128/seed2/result.json,runs/task1_2/online/routeb_cumulative_hippo_mt128_ms128/seed2/predictions.npz,,True,0.07305521960201684,-1.1338384560615675,0.9795,0.0823897323257867,5.665555167943239,0.019028011709451675,351.11083984375,416.0,,19.157371520996094,7,70,80,10,0.10631784319049252,0.01943114399909973,7,Task2,runs/task1_2/online/routeb_cumulative_hippo_mt128_ms128/seed2/blocks.csv,,0.7555,0.953,0.989,0.018580738455057144,8.40798020362854e-06,0.34975457996307896,351.11083984375,20087960,torch,cuda,float64,cpu
short,online,routeb_cumulative_hippo_mt128_ms128,routeb_cumulative_hippo_mt128_ms128,2,complete,runs/task1_2/online/routeb_cumulative_hippo_mt128_ms128/seed2,runs/task1_2/online/routeb_cumulative_hippo_mt128_ms128/seed2/result.json,runs/task1_2/online/routeb_cumulative_hippo_mt128_ms128/seed2/predictions.npz,,True,0.07236317913287299,-1.106814921100279,0.9745,0.0823897323257867,5.665555167943239,0.018911993131041527,351.11083984375,416.0,,19.157371520996094,8,80,90,10,0.10632458945708931,0.019459467381238937,8,Task2,runs/task1_2/online/routeb_cumulative_hippo_mt128_ms128/seed2/blocks.csv,,0.7405,0.941,0.9865,0.02081778645515442,7.653608918190002e-06,0.3497767732052392,351.11083984375,20087960,torch,cuda,float64,cpu
short,online,routeb_cumulative_hippo_mt128_ms128,routeb_cumulative_hippo_mt128_ms128,2,complete,runs/task1_2/online/routeb_cumulative_hippo_mt128_ms128/seed2,runs/task1_2/online/routeb_cumulative_hippo_mt128_ms128/seed2/result.json,runs/task1_2/online/routeb_cumulative_hippo_mt128_ms128/seed2/predictions.npz,,True,0.076872304725959,-1.0915099814072842,0.9735,0.0823897323257867,5.665555167943239,0.01909591257572174,351.11083984375,416.0,,19.157371520996094,9,90,100,10,0.10630569178624542,0.019805673509836197,9,Task2,runs/task1_2/online/routeb_cumulative_hippo_mt128_ms128/seed2/blocks.csv,,0.695,0.9305,0.9855,0.02274058572947979,5.556270480155945e-06,0.34971460540038213,351.11083984375,20087960,torch,cuda,float64,cpu
short,online,routeb_cumulative_hippo_mt128_ms128,routeb_cumulative_hippo_mt128_ms128,2,complete,runs/task1_2/online/routeb_cumulative_hippo_mt128_ms128/seed2,runs/task1_2/online/routeb_cumulative_hippo_mt128_ms128/seed2/result.json,runs/task1_2/online/routeb_cumulative_hippo_mt128_ms128/seed2/predictions.npz,,True,0.0678530436532965,-1.1492002657341833,0.9845,0.0823897323257867,5.665555167943239,0.019018588587641716,351.11083984375,416.0,,19.157371520996094,10,100,110,10,0.10629704096481811,0.01957509107887745,10,Task2,runs/task1_2/online/routeb_cumulative_hippo_mt128_ms128/seed2/blocks.csv,,0.764,0.9585,0.992,0.02331356331706047,5.928799510002136e-06,0.34968614673038056,351.11083984375,20087960,torch,cuda,float64,cpu
short,online,routeb_cumulative_hippo_mt128_ms128,routeb_cumulative_hippo_mt128_ms128,2,complete,runs/task1_2/online/routeb_cumulative_hippo_mt128_ms128/seed2,runs/task1_2/online/routeb_cumulative_hippo_mt128_ms128/seed2/result.json,runs/task1_2/online/routeb_cumulative_hippo_mt128_ms128/seed2/predictions.npz,,True,0.10318180186109972,-0.8623964958500796,0.9065,0.0823897323257867,5.665555167943239,0.019007444381713867,351.11083984375,416.0,,19.157371520996094,11,110,120,10,0.1062964162292598,0.019571008160710335,11,Task2,runs/task1_2/online/routeb_cumulative_hippo_mt128_ms128/seed2/blocks.csv,,0.5715,0.8255,0.9435,0.02127077430486679,6.256625056266785e-06,0.34968409153328256,351.11083984375,20087960,torch,cuda,float64,cpu
short,online,routeb_cumulative_hippo_mt128_ms128,routeb_cumulative_hippo_mt128_ms128,2,complete,runs/task1_2/online/routeb_cumulative_hippo_mt128_ms128/seed2,runs/task1_2/online/routeb_cumulative_hippo_mt128_ms128/seed2/result.json,runs/task1_2/online/routeb_cumulative_hippo_mt128_ms128/seed2/predictions.npz,,True,0.11432512768069236,-0.7647116070331208,0.884,0.0823897323257867,5.665555167943239,0.018958110362291336,351.11083984375,416.0,,19.157371520996094,12,120,130,10,0.10629727070030777,0.019616706296801567,12,Task2,runs/task1_2/online/routeb_cumulative_hippo_mt128_ms128/seed2/blocks.csv,,0.504,0.801,0.9315,0.02118011564016342,5.623325705528259e-06,0.34968690249288736,351.11083984375,20087960,torch,cuda,float64,cpu
short,online,routeb_cumulative_hippo_mt128_ms128,routeb_cumulative_hippo_mt128_ms128,2,complete,runs/task1_2/online/routeb_cumulative_hippo_mt128_ms128/seed2,runs/task1_2/online/routeb_cumulative_hippo_mt128_ms128/seed2/result.json,runs/task1_2/online/routeb_cumulative_hippo_mt128_ms128/seed2/predictions.npz,,True,0.10101637881303707,-0.8894244490574481,0.909,0.0823897323257867,5.665555167943239,0.018977563828229904,351.11083984375,416.0,,19.157371520996094,13,130,140,10,0.10627272095751272,0.019531436264514923,13,Task2,runs/task1_2/online/routeb_cumulative_hippo_mt128_ms128/seed2/blocks.csv,,0.59,0.837,0.947,0.02285146526992321,5.010515451431274e-06,0.349606141025933,351.11083984375,20087960,torch,cuda,float64,cpu
short,online,routeb_cumulative_hippo_mt128_ms128,routeb_cumulative_hippo_mt128_ms128,2,complete,runs/task1_2/online/routeb_cumulative_hippo_mt128_ms128/seed2,runs/task1_2/online/routeb_cumulative_hippo_mt128_ms128/seed2/result.json,runs/task1_2/online/routeb_cumulative_hippo_mt128_ms128/seed2/predictions.npz,,True,0.08945434797253671,-0.9955853271696157,0.949,0.0823897323257867,5.665555167943239,0.01902509108185768,351.11083984375,416.0,,19.157371520996094,14,140,150,10,0.10627089232955356,0.019628075882792473,14,Task2,runs/task1_2/online/routeb_cumulative_hippo_mt128_ms128/seed2/blocks.csv,,0.613,0.8905,0.977,0.02046910487115383,4.770234227180481e-06,0.3496001253752711,351.11083984375,20087960,torch,cuda,float64,cpu
short,online,routeb_cumulative_hippo_mt128_ms128,routeb_cumulative_hippo_mt128_ms128,2,complete,runs/task1_2/online/routeb_cumulative_hippo_mt128_ms128/seed2,runs/task1_2/online/routeb_cumulative_hippo_mt128_ms128/seed2/result.json,runs/task1_2/online/routeb_cumulative_hippo_mt128_ms128/seed2/predictions.npz,,True,0.09469560607898499,-0.9346878570982661,0.932,0.0823897323257867,5.665555167943239,0.01901336759328842,351.11083984375,416.0,,19.157371520996094,15,150,160,10,0.1062526189784881,0.01952970400452614,15,Task2,runs/task1_2/online/routeb_cumulative_hippo_mt128_ms128/seed2/blocks.csv,,0.6015,0.879,0.9605,0.0208718404173851,4.297122359275818e-06,0.34954001139971796,351.11083984375,20087960,torch,cuda,float64,cpu
short,online,routeb_cumulative_hippo_mt128_ms128,routeb_cumulative_hippo_mt128_ms128,2,complete,runs/task1_2/online/routeb_cumulative_hippo_mt128_ms128/seed2,runs/task1_2/online/routeb_cumulative_hippo_mt128_ms128/seed2/result.json,runs/task1_2/online/routeb_cumulative_hippo_mt128_ms128/seed2/predictions.npz,,True,0.09020957544310047,-0.9788385917699287,0.9405,0.0823897323257867,5.665555167943239,0.019042735919356346,351.11083984375,416.0,,19.157371520996094,16,160,170,10,0.10622209263886082,0.019600633531808853,16,Task2,runs/task1_2/online/routeb_cumulative_hippo_mt128_ms128/seed2/blocks.csv,,0.605,0.8755,0.9715,0.02240723930299282,5.062669515609741e-06,0.349439588678811,351.11083984375,20087960,torch,cuda,float64,cpu
short,online,routeb_cumulative_hippo_mt128_ms128,routeb_cumulative_hippo_mt128_ms128,2,complete,runs/task1_2/online/routeb_cumulative_hippo_mt128_ms128/seed2,runs/task1_2/online/routeb_cumulative_hippo_mt128_ms128/seed2/result.json,runs/task1_2/online/routeb_cumulative_hippo_mt128_ms128/seed2/predictions.npz,,True,0.07677089951878147,-1.0907501495064043,0.9725,0.0823897323257867,5.665555167943239,0.01904425583779812,351.11083984375,416.0,,19.157371520996094,17,170,180,10,0.1062019740872428,0.019629469141364098,17,Task2,runs/task1_2/online/routeb_cumulative_hippo_mt128_ms128/seed2/blocks.csv,,0.6735,0.929,0.9905,0.021907571703195572,5.491077899932861e-06,0.34937340453361515,351.11083984375,20087960,torch,cuda,float64,cpu
short,online,routeb_cumulative_hippo_mt128_ms128,routeb_cumulative_hippo_mt128_ms128,2,complete,runs/task1_2/online/routeb_cumulative_hippo_mt128_ms128/seed2,runs/task1_2/online/routeb_cumulative_hippo_mt128_ms128/seed2/result.json,runs/task1_2/online/routeb_cumulative_hippo_mt128_ms128/seed2/predictions.npz,,True,0.0823897323257867,-1.0339318144478895,0.9608333333333333,0.0823897323257867,5.665555167943239,0.015689555555582047,351.11083984375,416.0,,19.157371520996094,18,180,186,6,0.10635815459333285,0.019184106960892677,18,Task2,runs/task1_2/online/routeb_cumulative_hippo_mt128_ms128/seed2/blocks.csv,,0.6275,0.9066666666666666,0.9791666666666666,0.020427994430065155,5.422160029411316e-06,0.3498871926774178,351.11083984375,20087960,torch,cuda,float64,cpu
short,online,routeb_cumulative_hippo_mt128_ms128,routeb_cumulative_hippo_mt128_ms128,3,complete,runs/task1_2/online/routeb_cumulative_hippo_mt128_ms128/seed3,runs/task1_2/online/routeb_cumulative_hippo_mt128_ms128/seed3/result.json,runs/task1_2/online/routeb_cumulative_hippo_mt128_ms128/seed3/predictions.npz,,True,0.06558889832989309,-1.1596082337273264,0.987,0.08340420635987537,5.6749177891761065,0.10073783434927464,351.11083984375,416.0,,19.157371520996094,0,0,10,10,0.11028440992560891,0.057316917926073074,0,Task2,runs/task1_2/online/routeb_cumulative_hippo_mt128_ms128/seed3/blocks.csv,,0.831,0.9695,0.995,0.08720238693058491,2.681494375690818,0.36280342332468146,350.98583984375,20087960,torch,cuda,float64,cpu
short,online,routeb_cumulative_hippo_mt128_ms128,routeb_cumulative_hippo_mt128_ms128,3,complete,runs/task1_2/online/routeb_cumulative_hippo_mt128_ms128/seed3,runs/task1_2/online/routeb_cumulative_hippo_mt128_ms128/seed3/result.json,runs/task1_2/online/routeb_cumulative_hippo_mt128_ms128/seed3/predictions.npz,,True,0.07467023715886993,-1.097251884457568,0.969,0.08340420635987537,5.6749177891761065,0.0205304604023695,351.11083984375,416.0,,19.157371520996094,1,10,20,10,0.10997524823309653,0.021509842947125435,1,Task2,runs/task1_2/online/routeb_cumulative_hippo_mt128_ms128/seed3/blocks.csv,,0.764,0.943,0.987,0.02637898363173008,8.795410394668579e-06,0.3617863718621946,351.11083984375,20087960,torch,cuda,float64,cpu
short,online,routeb_cumulative_hippo_mt128_ms128,routeb_cumulative_hippo_mt128_ms128,3,complete,runs/task1_2/online/routeb_cumulative_hippo_mt128_ms128/seed3,runs/task1_2/online/routeb_cumulative_hippo_mt128_ms128/seed3/result.json,runs/task1_2/online/routeb_cumulative_hippo_mt128_ms128/seed3/predictions.npz,,True,0.08889530476569002,-1.020798887427557,0.9565,0.08340420635987537,5.6749177891761065,0.02044982649385929,351.11083984375,416.0,,19.157371520996094,2,20,30,10,0.10985114189242276,0.02096322551369667,2,Task2,runs/task1_2/online/routeb_cumulative_hippo_mt128_ms128/seed3/blocks.csv,,0.699,0.917,0.976,0.022403663024306297,1.241825520992279e-05,0.36137809833302476,351.11083984375,20087960,torch,cuda,float64,cpu
short,online,routeb_cumulative_hippo_mt128_ms128,routeb_cumulative_hippo_mt128_ms128,3,complete,runs/task1_2/online/routeb_cumulative_hippo_mt128_ms128/seed3,runs/task1_2/online/routeb_cumulative_hippo_mt128_ms128/seed3/result.json,runs/task1_2/online/routeb_cumulative_hippo_mt128_ms128/seed3/predictions.npz,,True,0.07848969817035487,-1.0785631939669562,0.973,0.08340420635987537,5.6749177891761065,0.020554503425955772,351.11083984375,416.0,,19.157371520996094,3,30,40,10,0.10979666941808158,0.020986372604966164,3,Task2,runs/task1_2/online/routeb_cumulative_hippo_mt128_ms128/seed3/blocks.csv,,0.754,0.941,0.984,0.018040692433714867,6.712973117828369e-06,0.3611988998390465,351.11083984375,20087960,torch,cuda,float64,cpu
short,online,routeb_cumulative_hippo_mt128_ms128,routeb_cumulative_hippo_mt128_ms128,3,complete,runs/task1_2/online/routeb_cumulative_hippo_mt128_ms128/seed3,runs/task1_2/online/routeb_cumulative_hippo_mt128_ms128/seed3/result.json,runs/task1_2/online/routeb_cumulative_hippo_mt128_ms128/seed3/predictions.npz,,True,0.08139408065748238,-1.0531617337893695,0.973,0.08340420635987537,5.6749177891761065,0.020679408684372902,351.11083984375,416.0,,19.157371520996094,4,40,50,10,0.10971555013249144,0.021520426496863365,4,Task2,runs/task1_2/online/routeb_cumulative_hippo_mt128_ms128/seed3/blocks.csv,,0.664,0.925,0.9885,0.027287723496556282,6.81169331073761e-06,0.36093204113680916,351.11083984375,20087960,torch,cuda,float64,cpu
short,online,routeb_cumulative_hippo_mt128_ms128,routeb_cumulative_hippo_mt128_ms128,3,complete,runs/task1_2/online/routeb_cumulative_hippo_mt128_ms128/seed3,runs/task1_2/online/routeb_cumulative_hippo_mt128_ms128/seed3/result.json,runs/task1_2/online/routeb_cumulative_hippo_mt128_ms128/seed3/predictions.npz,,True,0.05969224777650447,-1.1625723883358847,0.9915,0.08340420635987537,5.6749177891761065,0.019091520458459854,351.11083984375,416.0,,19.157371520996094,5,50,60,10,0.10966810292549979,0.02122514694929123,5,Task2,runs/task1_2/online/routeb_cumulative_hippo_mt128_ms128/seed3/blocks.csv,,0.8195,0.9695,0.996,0.021450825035572052,9.084120392799377e-06,0.3607759537157914,351.11083984375,20087960,torch,cuda,float64,cpu
short,online,routeb_cumulative_hippo_mt128_ms128,routeb_cumulative_hippo_mt128_ms128,3,complete,runs/task1_2/online/routeb_cumulative_hippo_mt128_ms128/seed3,runs/task1_2/online/routeb_cumulative_hippo_mt128_ms128/seed3/result.json,runs/task1_2/online/routeb_cumulative_hippo_mt128_ms128/seed3/predictions.npz,,True,0.06463586093896191,-1.1397235903218517,0.9905,0.08340420635987537,5.6749177891761065,0.01981831155717373,351.11083984375,416.0,,19.157371520996094,6,60,70,10,0.10962018512197512,0.019497497007250786,6,Task2,runs/task1_2/online/routeb_cumulative_hippo_mt128_ms128/seed3/blocks.csv,,0.773,0.9605,0.997,0.0207737535238266,8.7004154920578e-06,0.3606183181699452,351.11083984375,20087960,torch,cuda,float64,cpu
short,online,routeb_cumulative_hippo_mt128_ms128,routeb_cumulative_hippo_mt128_ms128,3,complete,runs/task1_2/online/routeb_cumulative_hippo_mt128_ms128/seed3,runs/task1_2/online/routeb_cumulative_hippo_mt128_ms128/seed3/result.json,runs/task1_2/online/routeb_cumulative_hippo_mt128_ms128/seed3/predictions.npz,,True,0.06854742395779853,-1.138328027905652,0.9865,0.08340420635987537,5.6749177891761065,0.01898896135389805,351.11083984375,416.0,,19.157371520996094,7,70,80,10,0.1095981284959614,0.019571129232645035,7,Task2,runs/task1_2/online/routeb_cumulative_hippo_mt128_ms128/seed3/blocks.csv,,0.7745,0.969,0.9925,0.02075779065489769,1.0577961802482605e-05,0.3605457583273513,351.11083984375,20087960,torch,cuda,float64,cpu
short,online,routeb_cumulative_hippo_mt128_ms128,routeb_cumulative_hippo_mt128_ms128,3,complete,runs/task1_2/online/routeb_cumulative_hippo_mt128_ms128/seed3,runs/task1_2/online/routeb_cumulative_hippo_mt128_ms128/seed3/result.json,runs/task1_2/online/routeb_cumulative_hippo_mt128_ms128/seed3/predictions.npz,,True,0.07356592325950323,-1.1052265932115353,0.9845,0.08340420635987537,5.6749177891761065,0.01896275207400322,351.11083984375,416.0,,19.157371520996094,8,80,90,10,0.10959774278970054,0.01971435360610485,8,Task2,runs/task1_2/online/routeb_cumulative_hippo_mt128_ms128/seed3/blocks.csv,,0.7225,0.9515,0.9915,0.019809797406196594,5.731359124183655e-06,0.36054448946666695,351.11083984375,20087960,torch,cuda,float64,cpu
short,online,routeb_cumulative_hippo_mt128_ms128,routeb_cumulative_hippo_mt128_ms128,3,complete,runs/task1_2/online/routeb_cumulative_hippo_mt128_ms128/seed3,runs/task1_2/online/routeb_cumulative_hippo_mt128_ms128/seed3/result.json,runs/task1_2/online/routeb_cumulative_hippo_mt128_ms128/seed3/predictions.npz,,True,0.08056259283635522,-1.0558419195257536,0.9735,0.08340420635987537,5.6749177891761065,0.020090332254767418,351.11083984375,416.0,,19.157371520996094,9,90,100,10,0.10958708350672466,0.01954222097992897,9,Task2,runs/task1_2/online/routeb_cumulative_hippo_mt128_ms128/seed3/blocks.csv,,0.7005,0.927,0.987,0.019362712278962135,5.2656978368759155e-06,0.36050942354613985,351.11083984375,20087960,torch,cuda,float64,cpu
short,online,routeb_cumulative_hippo_mt128_ms128,routeb_cumulative_hippo_mt128_ms128,3,complete,runs/task1_2/online/routeb_cumulative_hippo_mt128_ms128/seed3,runs/task1_2/online/routeb_cumulative_hippo_mt128_ms128/seed3/result.json,runs/task1_2/online/routeb_cumulative_hippo_mt128_ms128/seed3/predictions.npz,,True,0.06774625089351105,-1.1360402934927616,0.9865,0.08340420635987537,5.6749177891761065,0.01900988630950451,351.11083984375,416.0,,19.157371520996094,10,100,110,10,0.10957863375846341,0.01963314786553383,10,Task2,runs/task1_2/online/routeb_cumulative_hippo_mt128_ms128/seed3/blocks.csv,,0.776,0.958,0.993,0.020919792354106903,5.129724740982056e-06,0.3604816263479912,351.11083984375,20087960,torch,cuda,float64,cpu
short,online,routeb_cumulative_hippo_mt128_ms128,routeb_cumulative_hippo_mt128_ms128,3,complete,runs/task1_2/online/routeb_cumulative_hippo_mt128_ms128/seed3,runs/task1_2/online/routeb_cumulative_hippo_mt128_ms128/seed3/result.json,runs/task1_2/online/routeb_cumulative_hippo_mt128_ms128/seed3/predictions.npz,,True,0.10708239518710967,-0.8453828033526106,0.907,0.08340420635987537,5.6749177891761065,0.019081074744462967,351.11083984375,416.0,,19.157371520996094,11,110,120,10,0.10958009677040075,0.01967635378241539,11,Task2,runs/task1_2/online/routeb_cumulative_hippo_mt128_ms128/seed3/blocks.csv,,0.5795,0.8255,0.946,0.025034543126821518,5.295500159263611e-06,0.36048643922897394,351.11083984375,20087960,torch,cuda,float64,cpu
short,online,routeb_cumulative_hippo_mt128_ms128,routeb_cumulative_hippo_mt128_ms128,3,complete,runs/task1_2/online/routeb_cumulative_hippo_mt128_ms128/seed3,runs/task1_2/online/routeb_cumulative_hippo_mt128_ms128/seed3/result.json,runs/task1_2/online/routeb_cumulative_hippo_mt128_ms128/seed3/predictions.npz,,True,0.11641795765895062,-0.7546814999259011,0.8795,0.08340420635987537,5.6749177891761065,0.01909569278359413,351.11083984375,416.0,,19.157371520996094,12,120,130,10,0.10958080930668933,0.019695637747645378,12,Task2,runs/task1_2/online/routeb_cumulative_hippo_mt128_ms128/seed3/blocks.csv,,0.525,0.8035,0.9315,0.02051711082458496,5.358830094337463e-06,0.3604887832647712,351.11083984375,20087960,torch,cuda,float64,cpu
short,online,routeb_cumulative_hippo_mt128_ms128,routeb_cumulative_hippo_mt128_ms128,3,complete,runs/task1_2/online/routeb_cumulative_hippo_mt128_ms128/seed3,runs/task1_2/online/routeb_cumulative_hippo_mt128_ms128/seed3/result.json,runs/task1_2/online/routeb_cumulative_hippo_mt128_ms128/seed3/predictions.npz,,True,0.10135166077604478,-0.8810885834099583,0.929,0.08340420635987537,5.6749177891761065,0.018997931852936745,351.11083984375,416.0,,19.157371520996094,13,130,140,10,0.1095542734622039,0.01985008455812931,13,Task2,runs/task1_2/online/routeb_cumulative_hippo_mt128_ms128/seed3/blocks.csv,,0.5585,0.838,0.962,0.020560845732688904,5.76116144657135e-06,0.3604014881046789,351.11083984375,20087960,torch,cuda,float64,cpu
short,online,routeb_cumulative_hippo_mt128_ms128,routeb_cumulative_hippo_mt128_ms128,3,complete,runs/task1_2/online/routeb_cumulative_hippo_mt128_ms128/seed3,runs/task1_2/online/routeb_cumulative_hippo_mt128_ms128/seed3/result.json,runs/task1_2/online/routeb_cumulative_hippo_mt128_ms128/seed3/predictions.npz,,True,0.08727266100339122,-1.0110196818047488,0.965,0.08340420635987537,5.6749177891761065,0.019442031159996986,351.11083984375,416.0,,19.157371520996094,14,140,150,10,0.10955368291737641,0.019528185948729515,14,Task2,runs/task1_2/online/routeb_cumulative_hippo_mt128_ms128/seed3/blocks.csv,,0.6285,0.902,0.9865,0.019862566143274307,4.803761839866638e-06,0.3603995453850763,351.11083984375,20087960,torch,cuda,float64,cpu
short,online,routeb_cumulative_hippo_mt128_ms128,routeb_cumulative_hippo_mt128_ms128,3,complete,runs/task1_2/online/routeb_cumulative_hippo_mt128_ms128/seed3,runs/task1_2/online/routeb_cumulative_hippo_mt128_ms128/seed3/result.json,runs/task1_2/online/routeb_cumulative_hippo_mt128_ms128/seed3/predictions.npz,,True,0.09527620053209206,-0.9456510499004608,0.9515,0.08340420635987537,5.6749177891761065,0.01902681216597557,351.11083984375,416.0,,19.157371520996094,15,150,160,10,0.10953562080265115,0.019599923864006996,15,Task2,runs/task1_2/online/routeb_cumulative_hippo_mt128_ms128/seed3/blocks.csv,,0.6115,0.887,0.9715,0.022018760442733765,6.472691893577576e-06,0.36034012631524376,351.11083984375,20087960,torch,cuda,float64,cpu
short,online,routeb_cumulative_hippo_mt128_ms128,routeb_cumulative_hippo_mt128_ms128,3,complete,runs/task1_2/online/routeb_cumulative_hippo_mt128_ms128/seed3,runs/task1_2/online/routeb_cumulative_hippo_mt128_ms128/seed3/result.json,runs/task1_2/online/routeb_cumulative_hippo_mt128_ms128/seed3/predictions.npz,,True,0.08934843787170883,-0.9784680430020077,0.952,0.08340420635987537,5.6749177891761065,0.019044099375605583,351.11083984375,416.0,,19.157371520996094,16,160,170,10,0.10950521120833266,0.019612131640315056,16,Task2,runs/task1_2/online/routeb_cumulative_hippo_mt128_ms128/seed3/blocks.csv,,0.619,0.8855,0.9745,0.023570597171783447,5.232170224189758e-06,0.3602400876522259,351.11083984375,20087960,torch,cuda,float64,cpu
short,online,routeb_cumulative_hippo_mt128_ms128,routeb_cumulative_hippo_mt128_ms128,3,complete,runs/task1_2/online/routeb_cumulative_hippo_mt128_ms128/seed3,runs/task1_2/online/routeb_cumulative_hippo_mt128_ms128/seed3/result.json,runs/task1_2/online/routeb_cumulative_hippo_mt128_ms128/seed3/predictions.npz,,True,0.0799184099316601,-1.0457950898433257,0.964,0.08340420635987537,5.6749177891761065,0.01904274895787239,351.11083984375,416.0,,19.157371520996094,17,170,180,10,0.10948454503750787,0.01978679746389389,17,Task2,runs/task1_2/online/routeb_cumulative_hippo_mt128_ms128/seed3/blocks.csv,,0.6845,0.917,0.982,0.022119812667369843,5.23589551448822e-06,0.36017210200015326,351.11083984375,20087960,torch,cuda,float64,cpu
short,online,routeb_cumulative_hippo_mt128_ms128,routeb_cumulative_hippo_mt128_ms128,3,complete,runs/task1_2/online/routeb_cumulative_hippo_mt128_ms128/seed3,runs/task1_2/online/routeb_cumulative_hippo_mt128_ms128/seed3/result.json,runs/task1_2/online/routeb_cumulative_hippo_mt128_ms128/seed3/predictions.npz,,True,0.08340420635987537,-1.0144164003130778,0.9625,0.08340420635987537,5.6749177891761065,0.015687132254242897,351.11083984375,416.0,,19.157371520996094,18,180,186,6,0.1096398592941549,0.019354287534952164,18,Task2,runs/task1_2/online/routeb_cumulative_hippo_mt128_ms128/seed3/blocks.csv,,0.6491666666666667,0.9033333333333333,0.985,0.02075088955461979,5.077570676803589e-06,0.3606830404368795,351.11083984375,20087960,torch,cuda,float64,cpu
short,online,routeb_cumulative_hippo_mt128_ms128,routeb_cumulative_hippo_mt128_ms128,4,complete,runs/task1_2/online/routeb_cumulative_hippo_mt128_ms128/seed4,runs/task1_2/online/routeb_cumulative_hippo_mt128_ms128/seed4/result.json,runs/task1_2/online/routeb_cumulative_hippo_mt128_ms128/seed4/predictions.npz,,True,0.07298654731369963,-1.1224201902745536,0.9775,0.08574622473951089,5.948296980932355,0.12032164819538593,351.11083984375,416.0,,19.157371520996094,0,0,10,10,0.10950927950901143,0.06526845693588257,0,Task2,runs/task1_2/online/routeb_cumulative_hippo_mt128_ms128/seed4/blocks.csv,,0.808,0.948,0.988,0.058720577508211136,2.8569299150258303,0.36025347117048,350.98583984375,20087960,torch,cuda,float64,cpu
short,online,routeb_cumulative_hippo_mt128_ms128,routeb_cumulative_hippo_mt128_ms128,4,complete,runs/task1_2/online/routeb_cumulative_hippo_mt128_ms128/seed4,runs/task1_2/online/routeb_cumulative_hippo_mt128_ms128/seed4/result.json,runs/task1_2/online/routeb_cumulative_hippo_mt128_ms128/seed4/predictions.npz,,True,0.08600100554153729,-1.064187135757814,0.964,0.08574622473951089,5.948296980932355,0.020383084192872047,351.11083984375,416.0,,19.157371520996094,1,10,20,10,0.10916853251807832,0.021388277411460876,1,Task2,runs/task1_2/online/routeb_cumulative_hippo_mt128_ms128/seed4/blocks.csv,,0.7295,0.9215,0.9795,0.037460487335920334,7.834285497665405e-06,0.35913251332266166,351.11083984375,20087960,torch,cuda,float64,cpu
short,online,routeb_cumulative_hippo_mt128_ms128,routeb_cumulative_hippo_mt128_ms128,4,complete,runs/task1_2/online/routeb_cumulative_hippo_mt128_ms128/seed4,runs/task1_2/online/routeb_cumulative_hippo_mt128_ms128/seed4/result.json,runs/task1_2/online/routeb_cumulative_hippo_mt128_ms128/seed4/predictions.npz,,True,0.11696163100592125,-0.9150878977104371,0.937,0.08574622473951089,5.948296980932355,0.020437512546777725,351.11083984375,416.0,,19.157371520996094,2,20,30,10,0.10906947317892614,0.02100488357245922,2,Task2,runs/task1_2/online/routeb_cumulative_hippo_mt128_ms128/seed4/blocks.csv,,0.6575,0.8805,0.966,0.03065326437354088,7.409602403640747e-06,0.35880663709608596,351.11083984375,20087960,torch,cuda,float64,cpu
short,online,routeb_cumulative_hippo_mt128_ms128,routeb_cumulative_hippo_mt128_ms128,4,complete,runs/task1_2/online/routeb_cumulative_hippo_mt128_ms128/seed4,runs/task1_2/online/routeb_cumulative_hippo_mt128_ms128/seed4/result.json,runs/task1_2/online/routeb_cumulative_hippo_mt128_ms128/seed4/predictions.npz,,True,0.10451478232470335,-0.9636395838801023,0.9395,0.08574622473951089,5.948296980932355,0.020511412993073463,351.11083984375,416.0,,19.157371520996094,3,30,40,10,0.10901765108346487,0.021191034466028214,3,Task2,runs/task1_2/online/routeb_cumulative_hippo_mt128_ms128/seed4/blocks.csv,,0.7035,0.898,0.962,0.01917300932109356,7.366761565208435e-06,0.3586361575727346,351.11083984375,20087960,torch,cuda,float64,cpu
short,online,routeb_cumulative_hippo_mt128_ms128,routeb_cumulative_hippo_mt128_ms128,4,complete,runs/task1_2/online/routeb_cumulative_hippo_mt128_ms128/seed4,runs/task1_2/online/routeb_cumulative_hippo_mt128_ms128/seed4/result.json,runs/task1_2/online/routeb_cumulative_hippo_mt128_ms128/seed4/predictions.npz,,True,0.0884359043453649,-1.0215157439532203,0.963,0.08574622473951089,5.948296980932355,0.020580202341079712,351.11083984375,416.0,,19.157371520996094,4,40,50,10,0.10892708067689062,0.02107451856136322,4,Task2,runs/task1_2/online/routeb_cumulative_hippo_mt128_ms128/seed4/blocks.csv,,0.6335,0.9065,0.985,0.01931418851017952,6.9122761487960815e-06,0.35833820744923833,351.11083984375,20087960,torch,cuda,float64,cpu
short,online,routeb_cumulative_hippo_mt128_ms128,routeb_cumulative_hippo_mt128_ms128,4,complete,runs/task1_2/online/routeb_cumulative_hippo_mt128_ms128/seed4,runs/task1_2/online/routeb_cumulative_hippo_mt128_ms128/seed4/result.json,runs/task1_2/online/routeb_cumulative_hippo_mt128_ms128/seed4/predictions.npz,,True,0.06774007361321661,-1.1509768782424032,0.988,0.08574622473951089,5.948296980932355,0.01897921785712242,351.11083984375,416.0,,19.157371520996094,5,50,60,10,0.10888352262087651,0.019395029172301292,5,Task2,runs/task1_2/online/routeb_cumulative_hippo_mt128_ms128/seed4/blocks.csv,,0.7745,0.9715,0.9955,0.02069120854139328,7.6070427894592285e-06,0.3581949141964028,351.11083984375,20087960,torch,cuda,float64,cpu
short,online,routeb_cumulative_hippo_mt128_ms128,routeb_cumulative_hippo_mt128_ms128,4,complete,runs/task1_2/online/routeb_cumulative_hippo_mt128_ms128/seed4,runs/task1_2/online/routeb_cumulative_hippo_mt128_ms128/seed4/result.json,runs/task1_2/online/routeb_cumulative_hippo_mt128_ms128/seed4/predictions.npz,,True,0.07510946511413266,-1.1018446409501033,0.9805,0.08574622473951089,5.948296980932355,0.018882717937231064,351.11083984375,416.0,,19.157371520996094,6,60,70,10,0.10883597815740778,0.019399257376790047,6,Task2,runs/task1_2/online/routeb_cumulative_hippo_mt128_ms128/seed4/blocks.csv,,0.7095,0.9455,0.9925,0.021343568339943886,7.893890142440796e-06,0.3580385068300468,351.11083984375,20087960,torch,cuda,float64,cpu
short,online,routeb_cumulative_hippo_mt128_ms128,routeb_cumulative_hippo_mt128_ms128,4,complete,runs/task1_2/online/routeb_cumulative_hippo_mt128_ms128/seed4,runs/task1_2/online/routeb_cumulative_hippo_mt128_ms128/seed4/result.json,runs/task1_2/online/routeb_cumulative_hippo_mt128_ms128/seed4/predictions.npz,,True,0.0778295612810678,-1.0898725807334135,0.9705,0.08574622473951089,5.948296980932355,0.018860211595892906,351.11083984375,416.0,,19.157371520996094,7,70,80,10,0.10880794892424493,0.01957700587809086,7,Task2,runs/task1_2/online/routeb_cumulative_hippo_mt128_ms128/seed4/blocks.csv,,0.721,0.9325,0.9885,0.020145416259765625,9.739771485328674e-06,0.35794629885838963,351.11083984375,20087960,torch,cuda,float64,cpu
short,online,routeb_cumulative_hippo_mt128_ms128,routeb_cumulative_hippo_mt128_ms128,4,complete,runs/task1_2/online/routeb_cumulative_hippo_mt128_ms128/seed4,runs/task1_2/online/routeb_cumulative_hippo_mt128_ms128/seed4/result.json,runs/task1_2/online/routeb_cumulative_hippo_mt128_ms128/seed4/predictions.npz,,True,0.08840437639084116,-1.023218549843015,0.957,0.08574622473951089,5.948296980932355,0.01887483149766922,351.11083984375,416.0,,19.157371520996094,8,80,90,10,0.1088135006761359,0.019357716664671898,8,Task2,runs/task1_2/online/routeb_cumulative_hippo_mt128_ms128/seed4/blocks.csv,,0.6995,0.9175,0.9765,0.023129107430577278,4.984438419342041e-06,0.35796456249685726,351.11083984375,20087960,torch,cuda,float64,cpu
short,online,routeb_cumulative_hippo_mt128_ms128,routeb_cumulative_hippo_mt128_ms128,4,complete,runs/task1_2/online/routeb_cumulative_hippo_mt128_ms128/seed4,runs/task1_2/online/routeb_cumulative_hippo_mt128_ms128/seed4/result.json,runs/task1_2/online/routeb_cumulative_hippo_mt128_ms128/seed4/predictions.npz,,True,0.091454679975036,-0.9990264518971863,0.9525,0.08574622473951089,5.948296980932355,0.0189497172832489,351.11083984375,416.0,,19.157371520996094,9,90,100,10,0.1087950134281045,0.019760875031352043,9,Task2,runs/task1_2/online/routeb_cumulative_hippo_mt128_ms128/seed4/blocks.csv,,0.682,0.8905,0.978,0.01949651539325714,4.410743713378906e-06,0.35790374486290366,351.11083984375,20087960,torch,cuda,float64,cpu
short,online,routeb_cumulative_hippo_mt128_ms128,routeb_cumulative_hippo_mt128_ms128,4,complete,runs/task1_2/online/routeb_cumulative_hippo_mt128_ms128/seed4,runs/task1_2/online/routeb_cumulative_hippo_mt128_ms128/seed4/result.json,runs/task1_2/online/routeb_cumulative_hippo_mt128_ms128/seed4/predictions.npz,,True,0.07901716440705972,-1.0847391230666095,0.9715,0.08574622473951089,5.948296980932355,0.01896737888455391,351.11083984375,416.0,,19.157371520996094,10,100,110,10,0.1087861601583989,0.019469665363430977,10,Task2,runs/task1_2/online/routeb_cumulative_hippo_mt128_ms128/seed4/blocks.csv,,0.7335,0.9285,0.988,0.021667350083589554,6.085261702537537e-06,0.3578746201973323,351.11083984375,20087960,torch,cuda,float64,cpu
short,online,routeb_cumulative_hippo_mt128_ms128,routeb_cumulative_hippo_mt128_ms128,4,complete,runs/task1_2/online/routeb_cumulative_hippo_mt128_ms128/seed4,runs/task1_2/online/routeb_cumulative_hippo_mt128_ms128/seed4/result.json,runs/task1_2/online/routeb_cumulative_hippo_mt128_ms128/seed4/predictions.npz,,True,0.10957092175170587,-0.8109299503566209,0.9025,0.08574622473951089,5.948296980932355,0.019157130271196365,351.11083984375,416.0,,19.157371520996094,11,110,120,10,0.10878715432689802,0.0197981595993042,11,Task2,runs/task1_2/online/routeb_cumulative_hippo_mt128_ms128/seed4/blocks.csv,,0.5475,0.8145,0.9455,0.03125823475420475,5.4817646741867065e-06,0.3578778907206555,351.11083984375,20087960,torch,cuda,float64,cpu
short,online,routeb_cumulative_hippo_mt128_ms128,routeb_cumulative_hippo_mt128_ms128,4,complete,runs/task1_2/online/routeb_cumulative_hippo_mt128_ms128/seed4,runs/task1_2/online/routeb_cumulative_hippo_mt128_ms128/seed4/result.json,runs/task1_2/online/routeb_cumulative_hippo_mt128_ms128/seed4/predictions.npz,,True,0.12741324613885183,-0.6696607435644153,0.861,0.08574622473951089,5.948296980932355,0.019087955355644226,351.11083984375,416.0,,19.157371520996094,12,120,130,10,0.108789886970766,0.01958685927093029,12,Task2,runs/task1_2/online/routeb_cumulative_hippo_mt128_ms128/seed4/blocks.csv,,0.507,0.7815,0.9165,0.026358209550380707,1.6169622540473938e-05,0.3578868803190103,351.11083984375,20087960,torch,cuda,float64,cpu
short,online,routeb_cumulative_hippo_mt128_ms128,routeb_cumulative_hippo_mt128_ms128,4,complete,runs/task1_2/online/routeb_cumulative_hippo_mt128_ms128/seed4,runs/task1_2/online/routeb_cumulative_hippo_mt128_ms128/seed4/result.json,runs/task1_2/online/routeb_cumulative_hippo_mt128_ms128/seed4/predictions.npz,,True,0.12171849378696771,-0.7410973838304831,0.8825,0.08574622473951089,5.948296980932355,0.019265903159976006,351.11083984375,416.0,,19.157371520996094,13,130,140,10,0.10876198000001157,0.019614847376942635,13,Task2,runs/task1_2/online/routeb_cumulative_hippo_mt128_ms128/seed4/blocks.csv,,0.529,0.8045,0.9315,0.025501174852252007,5.921348929405212e-06,0.357795074554885,351.11083984375,20087960,torch,cuda,float64,cpu
short,online,routeb_cumulative_hippo_mt128_ms128,routeb_cumulative_hippo_mt128_ms128,4,complete,runs/task1_2/online/routeb_cumulative_hippo_mt128_ms128/seed4,runs/task1_2/online/routeb_cumulative_hippo_mt128_ms128/seed4/result.json,runs/task1_2/online/routeb_cumulative_hippo_mt128_ms128/seed4/predictions.npz,,True,0.10301259538695925,-0.9110246369648586,0.935,0.08574622473951089,5.948296980932355,0.01912854239344597,351.11083984375,416.0,,19.157371520996094,14,140,150,10,0.10875867741965592,0.01968238316476345,14,Task2,runs/task1_2/online/routeb_cumulative_hippo_mt128_ms128/seed4/blocks.csv,,0.589,0.8625,0.966,0.027993975207209587,6.1318278312683105e-06,0.35778421003233246,351.11083984375,20087960,torch,cuda,float64,cpu
short,online,routeb_cumulative_hippo_mt128_ms128,routeb_cumulative_hippo_mt128_ms128,4,complete,runs/task1_2/online/routeb_cumulative_hippo_mt128_ms128/seed4,runs/task1_2/online/routeb_cumulative_hippo_mt128_ms128/seed4/result.json,runs/task1_2/online/routeb_cumulative_hippo_mt128_ms128/seed4/predictions.npz,,True,0.10758698299913112,-0.8587996616544983,0.924,0.08574622473951089,5.948296980932355,0.019130662083625793,351.11083984375,416.0,,19.157371520996094,15,150,160,10,0.10874151105387687,0.019640600308775902,15,Task2,runs/task1_2/online/routeb_cumulative_hippo_mt128_ms128/seed4/blocks.csv,,0.569,0.8545,0.9555,0.026536639779806137,5.867332220077515e-06,0.35772773771430594,351.11083984375,20087960,torch,cuda,float64,cpu
short,online,routeb_cumulative_hippo_mt128_ms128,routeb_cumulative_hippo_mt128_ms128,4,complete,runs/task1_2/online/routeb_cumulative_hippo_mt128_ms128/seed4,runs/task1_2/online/routeb_cumulative_hippo_mt128_ms128/seed4/result.json,runs/task1_2/online/routeb_cumulative_hippo_mt128_ms128/seed4/predictions.npz,,True,0.1019880578708015,-0.8882716530652881,0.9235,0.08574622473951089,5.948296980932355,0.01909012347459793,351.11083984375,416.0,,19.157371520996094,16,160,170,10,0.10871044574526567,0.01958458498120308,16,Task2,runs/task1_2/online/routeb_cumulative_hippo_mt128_ms128/seed4/blocks.csv,,0.581,0.858,0.957,0.025507453829050064,5.939975380897522e-06,0.357625541943223,351.11083984375,20087960,torch,cuda,float64,cpu
short,online,routeb_cumulative_hippo_mt128_ms128,routeb_cumulative_hippo_mt128_ms128,4,complete,runs/task1_2/online/routeb_cumulative_hippo_mt128_ms128/seed4,runs/task1_2/online/routeb_cumulative_hippo_mt128_ms128/seed4/result.json,runs/task1_2/online/routeb_cumulative_hippo_mt128_ms128/seed4/predictions.npz,,True,0.08112648922779178,-1.0573680686274842,0.9715,0.08574622473951089,5.948296980932355,0.019053783267736435,351.11083984375,416.0,,19.157371520996094,17,170,180,10,0.10868942863555693,0.019587507471442223,17,Task2,runs/task1_2/online/routeb_cumulative_hippo_mt128_ms128/seed4/blocks.csv,,0.6695,0.9205,0.9875,0.02593126893043518,4.986301064491272e-06,0.35755640180495807,351.11083984375,20087960,torch,cuda,float64,cpu
short,online,routeb_cumulative_hippo_mt128_ms128,routeb_cumulative_hippo_mt128_ms128,4,complete,runs/task1_2/online/routeb_cumulative_hippo_mt128_ms128/seed4,runs/task1_2/online/routeb_cumulative_hippo_mt128_ms128/seed4/result.json,runs/task1_2/online/routeb_cumulative_hippo_mt128_ms128/seed4/predictions.npz,,True,0.08574622473951089,-0.9960979315584674,0.9433333333333334,0.08574622473951089,5.948296980932355,0.015928372740745544,351.11083984375,416.0,,19.157371520996094,18,180,186,6,0.10884737802286128,0.019386449828743935,18,Task2,runs/task1_2/online/routeb_cumulative_hippo_mt128_ms128/seed4/blocks.csv,,0.6258333333333334,0.8833333333333333,0.9775,0.026747560128569603,5.081295967102051e-06,0.3580760090501227,351.11083984375,20087960,torch,cuda,float64,cpu
short,online,routeb_cumulative_hippo_mt128_ms64,routeb_cumulative_hippo_mt128_ms64,0,complete,runs/task1_2/online/routeb_cumulative_hippo_mt128_ms64/seed0,runs/task1_2/online/routeb_cumulative_hippo_mt128_ms64/seed0/result.json,runs/task1_2/online/routeb_cumulative_hippo_mt128_ms64/seed0/predictions.npz,,True,0.07172333903688292,-0.9550381476224518,0.9885,0.0888428581723059,5.395951848477125,0.09697292931377888,313.2666015625,370.0,,9.950340270996094,0,0,10,10,0.14051582861531292,0.051122600212693214,0,Task2,runs/task1_2/online/routeb_cumulative_hippo_mt128_ms64/seed0/blocks.csv,,0.8775,0.9765,0.9925,0.04439634643495083,2.6831093579530716,0.46225594068397785,313.1416015625,10433688,torch,cuda,float64,cpu
short,online,routeb_cumulative_hippo_mt128_ms64,routeb_cumulative_hippo_mt128_ms64,0,complete,runs/task1_2/online/routeb_cumulative_hippo_mt128_ms64/seed0,runs/task1_2/online/routeb_cumulative_hippo_mt128_ms64/seed0/result.json,runs/task1_2/online/routeb_cumulative_hippo_mt128_ms64/seed0/predictions.npz,,True,0.08391713948085637,-0.8852485128505104,0.9775,0.0888428581723059,5.395951848477125,0.012652052566409111,313.2666015625,370.0,,9.950340270996094,1,10,20,10,0.14032338476948933,0.015165504068136215,1,Task2,runs/task1_2/online/routeb_cumulative_hippo_mt128_ms64/seed0/blocks.csv,,0.7725,0.954,0.988,0.0290099885314703,1.5398487448692322e-05,0.4616228567684029,313.2666015625,10433688,torch,cuda,float64,cpu
short,online,routeb_cumulative_hippo_mt128_ms64,routeb_cumulative_hippo_mt128_ms64,0,complete,runs/task1_2/online/routeb_cumulative_hippo_mt128_ms64/seed0,runs/task1_2/online/routeb_cumulative_hippo_mt128_ms64/seed0/result.json,runs/task1_2/online/routeb_cumulative_hippo_mt128_ms64/seed0/predictions.npz,,True,0.09976787176446722,-0.813209551093596,0.96,0.0888428581723059,5.395951848477125,0.012749915942549706,313.2666015625,370.0,,9.950340270996094,2,20,30,10,0.14024742017822575,0.015157341957092285,2,Task2,runs/task1_2/online/routeb_cumulative_hippo_mt128_ms64/seed0/blocks.csv,,0.726,0.924,0.9775,0.02158801443874836,7.0445239543914795e-06,0.4613729555014834,313.2666015625,10433688,torch,cuda,float64,cpu
short,online,routeb_cumulative_hippo_mt128_ms64,routeb_cumulative_hippo_mt128_ms64,0,complete,runs/task1_2/online/routeb_cumulative_hippo_mt128_ms64/seed0,runs/task1_2/online/routeb_cumulative_hippo_mt128_ms64/seed0/result.json,runs/task1_2/online/routeb_cumulative_hippo_mt128_ms64/seed0/predictions.npz,,True,0.08996648498611853,-0.8755385867772365,0.9735,0.0888428581723059,5.395951848477125,0.012734536081552505,313.2666015625,370.0,,9.950340270996094,3,30,40,10,0.140205631595542,0.015121513977646828,3,Task2,runs/task1_2/online/routeb_cumulative_hippo_mt128_ms64/seed0/blocks.csv,,0.777,0.943,0.9875,0.017562488093972206,6.6980719566345215e-06,0.4612354832978983,313.2666015625,10433688,torch,cuda,float64,cpu
short,online,routeb_cumulative_hippo_mt128_ms64,routeb_cumulative_hippo_mt128_ms64,0,complete,runs/task1_2/online/routeb_cumulative_hippo_mt128_ms64/seed0,runs/task1_2/online/routeb_cumulative_hippo_mt128_ms64/seed0/result.json,runs/task1_2/online/routeb_cumulative_hippo_mt128_ms64/seed0/predictions.npz,,True,0.09294102380883217,-0.8527976227157256,0.9745,0.0888428581723059,5.395951848477125,0.012826414778828621,313.2666015625,370.0,,9.950340270996094,4,40,50,10,0.14014857686182092,0.015160864219069481,4,Task2,runs/task1_2/online/routeb_cumulative_hippo_mt128_ms64/seed0/blocks.csv,,0.705,0.935,0.9905,0.0181262344121933,5.77978789806366e-06,0.4610477899265065,313.2666015625,10433688,torch,cuda,float64,cpu
short,online,routeb_cumulative_hippo_mt128_ms64,routeb_cumulative_hippo_mt128_ms64,0,complete,runs/task1_2/online/routeb_cumulative_hippo_mt128_ms64/seed0,runs/task1_2/online/routeb_cumulative_hippo_mt128_ms64/seed0/result.json,runs/task1_2/online/routeb_cumulative_hippo_mt128_ms64/seed0/predictions.npz,,True,0.07996883983201172,-0.9266828716102723,0.989,0.0888428581723059,5.395951848477125,0.012072643265128136,313.2666015625,370.0,,9.950340270996094,5,50,60,10,0.14012169806235245,0.014457948505878448,5,Task2,runs/task1_2/online/routeb_cumulative_hippo_mt128_ms64/seed0/blocks.csv,,0.7955,0.969,0.9965,0.026192372664809227,5.7425349950790405e-06,0.46095936654491904,313.2666015625,10433688,torch,cuda,float64,cpu
short,online,routeb_cumulative_hippo_mt128_ms64,routeb_cumulative_hippo_mt128_ms64,0,complete,runs/task1_2/online/routeb_cumulative_hippo_mt128_ms64/seed0,runs/task1_2/online/routeb_cumulative_hippo_mt128_ms64/seed0/result.json,runs/task1_2/online/routeb_cumulative_hippo_mt128_ms64/seed0/predictions.npz,,True,0.08466869099909606,-0.8910534598353749,0.9905,0.0888428581723059,5.395951848477125,0.011940401047468185,313.2666015625,370.0,,9.950340270996094,6,60,70,10,0.1400941221123494,0.015598809346556664,6,Task2,runs/task1_2/online/routeb_cumulative_hippo_mt128_ms64/seed0/blocks.csv,,0.735,0.96,0.9965,0.02055230364203453,8.694827556610107e-06,0.46086864974216074,313.2666015625,10433688,torch,cuda,float64,cpu
short,online,routeb_cumulative_hippo_mt128_ms64,routeb_cumulative_hippo_mt128_ms64,0,complete,runs/task1_2/online/routeb_cumulative_hippo_mt128_ms64/seed0,runs/task1_2/online/routeb_cumulative_hippo_mt128_ms64/seed0/result.json,runs/task1_2/online/routeb_cumulative_hippo_mt128_ms64/seed0/predictions.npz,,True,0.08241350433529562,-0.8911146788118117,0.9815,0.0888428581723059,5.395951848477125,0.011922001838684082,313.2666015625,370.0,,9.950340270996094,7,70,80,10,0.14007980018099656,0.014193272218108177,7,Task2,runs/task1_2/online/routeb_cumulative_hippo_mt128_ms64/seed0/blocks.csv,,0.761,0.962,0.99,0.01947879046201706,1.0531395673751831e-05,0.46082153478069937,313.2666015625,10433688,torch,cuda,float64,cpu
short,online,routeb_cumulative_hippo_mt128_ms64,routeb_cumulative_hippo_mt128_ms64,0,complete,runs/task1_2/online/routeb_cumulative_hippo_mt128_ms64/seed0,runs/task1_2/online/routeb_cumulative_hippo_mt128_ms64/seed0/result.json,runs/task1_2/online/routeb_cumulative_hippo_mt128_ms64/seed0/predictions.npz,,True,0.08475541729119729,-0.8854728391597162,0.985,0.0888428581723059,5.395951848477125,0.011893251910805702,313.2666015625,370.0,,9.950340270996094,8,80,90,10,0.1400868661124121,0.014435932040214539,8,Task2,runs/task1_2/online/routeb_cumulative_hippo_mt128_ms64/seed0/blocks.csv,,0.748,0.963,0.99,0.01971375197172165,5.1818788051605225e-06,0.46084477962653275,313.2666015625,10433688,torch,cuda,float64,cpu
short,online,routeb_cumulative_hippo_mt128_ms64,routeb_cumulative_hippo_mt128_ms64,0,complete,runs/task1_2/online/routeb_cumulative_hippo_mt128_ms64/seed0,runs/task1_2/online/routeb_cumulative_hippo_mt128_ms64/seed0/result.json,runs/task1_2/online/routeb_cumulative_hippo_mt128_ms64/seed0/predictions.npz,,True,0.09034364056351298,-0.8523277831905043,0.972,0.0888428581723059,5.395951848477125,0.01193910464644432,313.2666015625,370.0,,9.950340270996094,9,90,100,10,0.1400754326859589,0.014198163524270058,9,Task2,runs/task1_2/online/routeb_cumulative_hippo_mt128_ms64/seed0/blocks.csv,,0.7595,0.9425,0.984,0.019223114475607872,4.511326551437378e-06,0.4608071670005926,313.2666015625,10433688,torch,cuda,float64,cpu
short,online,routeb_cumulative_hippo_mt128_ms64,routeb_cumulative_hippo_mt128_ms64,0,complete,runs/task1_2/online/routeb_cumulative_hippo_mt128_ms64/seed0,runs/task1_2/online/routeb_cumulative_hippo_mt128_ms64/seed0/result.json,runs/task1_2/online/routeb_cumulative_hippo_mt128_ms64/seed0/predictions.npz,,True,0.0799455665166963,-0.919908662720632,0.9845,0.0888428581723059,5.395951848477125,0.011944659054279327,313.2666015625,370.0,,9.950340270996094,10,100,110,10,0.14007009102711646,0.014235684648156166,10,Task2,runs/task1_2/online/routeb_cumulative_hippo_mt128_ms64/seed0/blocks.csv,,0.817,0.9635,0.9935,0.02262119948863983,4.805624485015869e-06,0.4607895945067507,313.2666015625,10433688,torch,cuda,float64,cpu
short,online,routeb_cumulative_hippo_mt128_ms64,routeb_cumulative_hippo_mt128_ms64,0,complete,runs/task1_2/online/routeb_cumulative_hippo_mt128_ms64/seed0,runs/task1_2/online/routeb_cumulative_hippo_mt128_ms64/seed0/result.json,runs/task1_2/online/routeb_cumulative_hippo_mt128_ms64/seed0/predictions.npz,,True,0.10867825120323854,-0.7401620568783415,0.9495,0.0888428581723059,5.395951848477125,0.011997062712907791,313.2666015625,370.0,,9.950340270996094,11,110,120,10,0.14007245268709287,0.014456776902079582,11,Task2,runs/task1_2/online/routeb_cumulative_hippo_mt128_ms64/seed0/blocks.csv,,0.643,0.8875,0.9745,0.0209910087287426,5.45009970664978e-06,0.4607973636767064,313.2666015625,10433688,torch,cuda,float64,cpu
short,online,routeb_cumulative_hippo_mt128_ms64,routeb_cumulative_hippo_mt128_ms64,0,complete,runs/task1_2/online/routeb_cumulative_hippo_mt128_ms64/seed0,runs/task1_2/online/routeb_cumulative_hippo_mt128_ms64/seed0/result.json,runs/task1_2/online/routeb_cumulative_hippo_mt128_ms64/seed0/predictions.npz,,True,0.1265691395476348,-0.6493432174494617,0.9205,0.0888428581723059,5.395951848477125,0.012013565748929977,313.2666015625,370.0,,9.950340270996094,12,120,130,10,0.14007610447061933,0.01443835161626339,12,Task2,runs/task1_2/online/routeb_cumulative_hippo_mt128_ms64/seed0/blocks.csv,,0.566,0.837,0.9585,0.02044748328626156,4.764646291732788e-06,0.46080937697546304,313.2666015625,10433688,torch,cuda,float64,cpu
short,online,routeb_cumulative_hippo_mt128_ms64,routeb_cumulative_hippo_mt128_ms64,0,complete,runs/task1_2/online/routeb_cumulative_hippo_mt128_ms64/seed0,runs/task1_2/online/routeb_cumulative_hippo_mt128_ms64/seed0/result.json,runs/task1_2/online/routeb_cumulative_hippo_mt128_ms64/seed0/predictions.npz,,True,0.1287198171897327,-0.6283439627140548,0.9205,0.0888428581723059,5.395951848477125,0.011944964528083801,313.2666015625,370.0,,9.950340270996094,13,130,140,10,0.14006012688947803,0.014265533536672592,13,Task2,runs/task1_2/online/routeb_cumulative_hippo_mt128_ms64/seed0/blocks.csv,,0.571,0.8465,0.952,0.021932316944003105,6.1802566051483154e-06,0.46075681541088265,313.2666015625,10433688,torch,cuda,float64,cpu
short,online,routeb_cumulative_hippo_mt128_ms64,routeb_cumulative_hippo_mt128_ms64,0,complete,runs/task1_2/online/routeb_cumulative_hippo_mt128_ms64/seed0,runs/task1_2/online/routeb_cumulative_hippo_mt128_ms64/seed0/result.json,runs/task1_2/online/routeb_cumulative_hippo_mt128_ms64/seed0/predictions.npz,,True,0.10699411705731456,-0.7701860804288913,0.9555,0.0888428581723059,5.395951848477125,0.011934399604797363,313.2666015625,370.0,,9.950340270996094,14,140,150,10,0.14006090169152674,0.014424232766032219,14,Task2,runs/task1_2/online/routeb_cumulative_hippo_mt128_ms64/seed0/blocks.csv,,0.6415,0.913,0.9765,0.020862996578216553,5.0533562898635864e-06,0.46075936428280273,313.2666015625,10433688,torch,cuda,float64,cpu
short,online,routeb_cumulative_hippo_mt128_ms64,routeb_cumulative_hippo_mt128_ms64,0,complete,runs/task1_2/online/routeb_cumulative_hippo_mt128_ms64/seed0,runs/task1_2/online/routeb_cumulative_hippo_mt128_ms64/seed0/result.json,runs/task1_2/online/routeb_cumulative_hippo_mt128_ms64/seed0/predictions.npz,,True,0.11834241804058315,-0.6923264594355316,0.942,0.0888428581723059,5.395951848477125,0.01194310188293457,313.2666015625,370.0,,9.950340270996094,15,150,160,10,0.14004757550114474,0.014248400926589966,15,Task2,runs/task1_2/online/routeb_cumulative_hippo_mt128_ms64/seed0/blocks.csv,,0.577,0.882,0.9695,0.01972127892076969,4.200264811515808e-06,0.4607155250176361,313.2666015625,10433688,torch,cuda,float64,cpu
short,online,routeb_cumulative_hippo_mt128_ms64,routeb_cumulative_hippo_mt128_ms64,0,complete,runs/task1_2/online/routeb_cumulative_hippo_mt128_ms64/seed0,runs/task1_2/online/routeb_cumulative_hippo_mt128_ms64/seed0/result.json,runs/task1_2/online/routeb_cumulative_hippo_mt128_ms64/seed0/predictions.npz,,True,0.10780644771250852,-0.7563403387705462,0.9425,0.0888428581723059,5.395951848477125,0.011945480480790138,313.2666015625,370.0,,9.950340270996094,16,160,170,10,0.14003058103927468,0.014308523386716843,16,Task2,runs/task1_2/online/routeb_cumulative_hippo_mt128_ms64/seed0/blocks.csv,,0.647,0.8915,0.972,0.02053804136812687,4.468485713005066e-06,0.460659618213146,313.2666015625,10433688,torch,cuda,float64,cpu
short,online,routeb_cumulative_hippo_mt128_ms64,routeb_cumulative_hippo_mt128_ms64,0,complete,runs/task1_2/online/routeb_cumulative_hippo_mt128_ms64/seed0,runs/task1_2/online/routeb_cumulative_hippo_mt128_ms64/seed0/result.json,runs/task1_2/online/routeb_cumulative_hippo_mt128_ms64/seed0/predictions.npz,,True,0.09370021991370996,-0.8504953374859987,0.9785,0.0888428581723059,5.395951848477125,0.012800389900803566,313.2666015625,370.0,,9.950340270996094,17,170,180,10,0.14002098851563163,0.014269068837165833,17,Task2,runs/task1_2/online/routeb_cumulative_hippo_mt128_ms64/seed0/blocks.csv,,0.719,0.937,0.991,0.01989057846367359,4.036352038383484e-06,0.4606280616185343,313.2666015625,10433688,torch,cuda,float64,cpu
short,online,routeb_cumulative_hippo_mt128_ms64,routeb_cumulative_hippo_mt128_ms64,0,complete,runs/task1_2/online/routeb_cumulative_hippo_mt128_ms64/seed0,runs/task1_2/online/routeb_cumulative_hippo_mt128_ms64/seed0/result.json,runs/task1_2/online/routeb_cumulative_hippo_mt128_ms64/seed0/predictions.npz,,True,0.0888428581723059,-0.8560537621438452,0.98,0.0888428581723059,5.395951848477125,0.010125728324055672,313.2666015625,370.0,,9.950340270996094,18,180,186,6,0.14010479317277752,0.01374296098947525,18,Task2,runs/task1_2/online/routeb_cumulative_hippo_mt128_ms64/seed0/blocks.csv,,0.7225,0.9475,0.99,0.018790381029248238,4.382804036140442e-06,0.460903754407058,313.2666015625,10433688,torch,cuda,float64,cpu
short,online,routeb_cumulative_hippo_mt128_ms64,routeb_cumulative_hippo_mt128_ms64,1,complete,runs/task1_2/online/routeb_cumulative_hippo_mt128_ms64/seed1,runs/task1_2/online/routeb_cumulative_hippo_mt128_ms64/seed1/result.json,runs/task1_2/online/routeb_cumulative_hippo_mt128_ms64/seed1/predictions.npz,,True,0.07761461121114892,-0.9671109409938095,0.9895,0.09455253119943122,5.4089307356625795,0.08569573797285557,313.2666015625,370.0,,9.950340270996094,0,0,10,10,0.13920303440137585,0.05289888381958008,0,Task2,runs/task1_2/online/routeb_cumulative_hippo_mt128_ms64/seed1/blocks.csv,,0.8535,0.974,0.9945,0.08147639967501163,2.6275233142077923,0.45793723203550724,313.1416015625,10433688,torch,cuda,float64,cpu
short,online,routeb_cumulative_hippo_mt128_ms64,routeb_cumulative_hippo_mt128_ms64,1,complete,runs/task1_2/online/routeb_cumulative_hippo_mt128_ms64/seed1,runs/task1_2/online/routeb_cumulative_hippo_mt128_ms64/seed1/result.json,runs/task1_2/online/routeb_cumulative_hippo_mt128_ms64/seed1/predictions.npz,,True,0.09510851516782358,-0.9136952555528669,0.977,0.09455253119943122,5.4089307356625795,0.012758651748299599,313.2666015625,370.0,,9.950340270996094,1,10,20,10,0.13901761959950815,0.015297183766961098,1,Task2,runs/task1_2/online/routeb_cumulative_hippo_mt128_ms64/seed1/blocks.csv,,0.7865,0.9505,0.9895,0.025576245039701462,8.05594027042389e-06,0.4573272716168221,313.2666015625,10433688,torch,cuda,float64,cpu
short,online,routeb_cumulative_hippo_mt128_ms64,routeb_cumulative_hippo_mt128_ms64,1,complete,runs/task1_2/online/routeb_cumulative_hippo_mt128_ms64/seed1,runs/task1_2/online/routeb_cumulative_hippo_mt128_ms64/seed1/result.json,runs/task1_2/online/routeb_cumulative_hippo_mt128_ms64/seed1/predictions.npz,,True,0.11149193648680635,-0.8014454149356555,0.958,0.09455253119943122,5.4089307356625795,0.014300266280770302,313.2666015625,370.0,,9.950340270996094,2,20,30,10,0.13894256241190261,0.01621231622993946,2,Task2,runs/task1_2/online/routeb_cumulative_hippo_mt128_ms64/seed1/blocks.csv,,0.685,0.905,0.9755,0.022191660478711128,6.269663572311401e-06,0.4570803554422987,313.2666015625,10433688,torch,cuda,float64,cpu
short,online,routeb_cumulative_hippo_mt128_ms64,routeb_cumulative_hippo_mt128_ms64,1,complete,runs/task1_2/online/routeb_cumulative_hippo_mt128_ms64/seed1,runs/task1_2/online/routeb_cumulative_hippo_mt128_ms64/seed1/result.json,runs/task1_2/online/routeb_cumulative_hippo_mt128_ms64/seed1/predictions.npz,,True,0.11033194608921244,-0.8026968220992924,0.952,0.09455253119943122,5.4089307356625795,0.012832198292016983,313.2666015625,370.0,,9.950340270996094,3,30,40,10,0.13890111533155602,0.01521119475364685,3,Task2,runs/task1_2/online/routeb_cumulative_hippo_mt128_ms64/seed1/blocks.csv,,0.721,0.902,0.9725,0.018407870084047318,6.6552311182022095e-06,0.4569440066814293,313.2666015625,10433688,torch,cuda,float64,cpu
short,online,routeb_cumulative_hippo_mt128_ms64,routeb_cumulative_hippo_mt128_ms64,1,complete,runs/task1_2/online/routeb_cumulative_hippo_mt128_ms64/seed1,runs/task1_2/online/routeb_cumulative_hippo_mt128_ms64/seed1/result.json,runs/task1_2/online/routeb_cumulative_hippo_mt128_ms64/seed1/predictions.npz,,True,0.10116060971371406,-0.8570795477393972,0.976,0.09455253119943122,5.4089307356625795,0.01284964382648468,313.2666015625,370.0,,9.950340270996094,4,40,50,10,0.13884212458382744,0.015331612899899483,4,Task2,runs/task1_2/online/routeb_cumulative_hippo_mt128_ms64/seed1/blocks.csv,,0.687,0.9375,0.99,0.018040752038359642,6.720423698425293e-06,0.4567499443907135,313.2666015625,10433688,torch,cuda,float64,cpu
short,online,routeb_cumulative_hippo_mt128_ms64,routeb_cumulative_hippo_mt128_ms64,1,complete,runs/task1_2/online/routeb_cumulative_hippo_mt128_ms64/seed1,runs/task1_2/online/routeb_cumulative_hippo_mt128_ms64/seed1/result.json,runs/task1_2/online/routeb_cumulative_hippo_mt128_ms64/seed1/predictions.npz,,True,0.07292738788551831,-0.9614015978315247,0.994,0.09455253119943122,5.4089307356625795,0.012900665402412415,313.2666015625,370.0,,9.950340270996094,5,50,60,10,0.13881411780114014,0.015286749228835106,5,Task2,runs/task1_2/online/routeb_cumulative_hippo_mt128_ms64/seed1/blocks.csv,,0.813,0.9795,0.999,0.019017523154616356,6.96815550327301e-06,0.45665781027454855,313.2666015625,10433688,torch,cuda,float64,cpu
short,online,routeb_cumulative_hippo_mt128_ms64,routeb_cumulative_hippo_mt128_ms64,1,complete,runs/task1_2/online/routeb_cumulative_hippo_mt128_ms64/seed1,runs/task1_2/online/routeb_cumulative_hippo_mt128_ms64/seed1/result.json,runs/task1_2/online/routeb_cumulative_hippo_mt128_ms64/seed1/predictions.npz,,True,0.08354706128943785,-0.9093120364579381,0.99,0.09455253119943122,5.4089307356625795,0.012900058180093765,313.2666015625,370.0,,9.950340270996094,6,60,70,10,0.13878720053909782,0.015352565795183182,6,Task2,runs/task1_2/online/routeb_cumulative_hippo_mt128_ms64/seed1/blocks.csv,,0.7495,0.9535,0.998,0.022913584485650063,6.6105276346206665e-06,0.4565692603623527,313.2666015625,10433688,torch,cuda,float64,cpu
short,online,routeb_cumulative_hippo_mt128_ms64,routeb_cumulative_hippo_mt128_ms64,1,complete,runs/task1_2/online/routeb_cumulative_hippo_mt128_ms64/seed1,runs/task1_2/online/routeb_cumulative_hippo_mt128_ms64/seed1/result.json,runs/task1_2/online/routeb_cumulative_hippo_mt128_ms64/seed1/predictions.npz,,True,0.0860651175330501,-0.8960861874979226,0.982,0.09455253119943122,5.4089307356625795,0.011926067993044853,313.2666015625,370.0,,9.950340270996094,7,70,80,10,0.1387723045391102,0.014952600002288818,7,Task2,runs/task1_2/online/routeb_cumulative_hippo_mt128_ms64/seed1/blocks.csv,,0.734,0.954,0.994,0.019085297361016273,9.367242455482483e-06,0.4565202568831394,313.2666015625,10433688,torch,cuda,float64,cpu
short,online,routeb_cumulative_hippo_mt128_ms64,routeb_cumulative_hippo_mt128_ms64,1,complete,runs/task1_2/online/routeb_cumulative_hippo_mt128_ms64/seed1,runs/task1_2/online/routeb_cumulative_hippo_mt128_ms64/seed1/result.json,runs/task1_2/online/routeb_cumulative_hippo_mt128_ms64/seed1/predictions.npz,,True,0.08643163876567246,-0.8888824090348589,0.9805,0.09455253119943122,5.4089307356625795,0.011879205703735352,313.2666015625,370.0,,9.950340270996094,8,80,90,10,0.13878062796207605,0.01423661969602108,8,Task2,runs/task1_2/online/routeb_cumulative_hippo_mt128_ms64/seed1/blocks.csv,,0.7435,0.954,0.9885,0.019320297986268997,5.271285772323608e-06,0.45654763850804736,313.2666015625,10433688,torch,cuda,float64,cpu
short,online,routeb_cumulative_hippo_mt128_ms64,routeb_cumulative_hippo_mt128_ms64,1,complete,runs/task1_2/online/routeb_cumulative_hippo_mt128_ms64/seed1,runs/task1_2/online/routeb_cumulative_hippo_mt128_ms64/seed1/result.json,runs/task1_2/online/routeb_cumulative_hippo_mt128_ms64/seed1/predictions.npz,,True,0.10417004379835738,-0.8284368426751239,0.963,0.09455253119943122,5.4089307356625795,0.012849146500229836,313.2666015625,370.0,,9.950340270996094,9,90,100,10,0.13876663910372886,0.014168301597237587,9,Task2,runs/task1_2/online/routeb_cumulative_hippo_mt128_ms64/seed1/blocks.csv,,0.692,0.915,0.9835,0.018523098900914192,4.472211003303528e-06,0.45650161925926885,313.2666015625,10433688,torch,cuda,float64,cpu
short,online,routeb_cumulative_hippo_mt128_ms64,routeb_cumulative_hippo_mt128_ms64,1,complete,runs/task1_2/online/routeb_cumulative_hippo_mt128_ms64/seed1,runs/task1_2/online/routeb_cumulative_hippo_mt128_ms64/seed1/result.json,runs/task1_2/online/routeb_cumulative_hippo_mt128_ms64/seed1/predictions.npz,,True,0.08815300754592781,-0.9056832416545956,0.9815,0.09455253119943122,5.4089307356625795,0.011914419010281563,313.2666015625,370.0,,9.950340270996094,10,100,110,10,0.13876125876291695,0.014223165810108185,10,Task2,runs/task1_2/online/routeb_cumulative_hippo_mt128_ms64/seed1/blocks.csv,,0.7645,0.952,0.991,0.019597252830863,4.811212420463562e-06,0.4564839195130713,313.2666015625,10433688,torch,cuda,float64,cpu
short,online,routeb_cumulative_hippo_mt128_ms64,routeb_cumulative_hippo_mt128_ms64,1,complete,runs/task1_2/online/routeb_cumulative_hippo_mt128_ms64/seed1,runs/task1_2/online/routeb_cumulative_hippo_mt128_ms64/seed1/result.json,runs/task1_2/online/routeb_cumulative_hippo_mt128_ms64/seed1/predictions.npz,,True,0.11347959705493878,-0.7089108681852084,0.9285,0.09455253119943122,5.4089307356625795,0.011934315785765648,313.2666015625,370.0,,9.950340270996094,11,110,120,10,0.13876366698014808,0.014147592708468437,11,Task2,runs/task1_2/online/routeb_cumulative_hippo_mt128_ms64/seed1/blocks.csv,,0.62,0.8605,0.9625,0.01869424246251583,5.183741450309753e-06,0.45649184184276564,313.2666015625,10433688,torch,cuda,float64,cpu
short,online,routeb_cumulative_hippo_mt128_ms64,routeb_cumulative_hippo_mt128_ms64,1,complete,runs/task1_2/online/routeb_cumulative_hippo_mt128_ms64/seed1,runs/task1_2/online/routeb_cumulative_hippo_mt128_ms64/seed1/result.json,runs/task1_2/online/routeb_cumulative_hippo_mt128_ms64/seed1/predictions.npz,,True,0.14134104510878998,-0.5153950665327831,0.892,0.09455253119943122,5.4089307356625795,0.01190054789185524,313.2666015625,370.0,,9.950340270996094,12,120,130,10,0.13876757199790044,0.014205556362867355,12,Task2,runs/task1_2/online/routeb_cumulative_hippo_mt128_ms64/seed1/blocks.csv,,0.534,0.8,0.929,0.019272880628705025,4.518777132034302e-06,0.4565046882079921,313.2666015625,10433688,torch,cuda,float64,cpu
short,online,routeb_cumulative_hippo_mt128_ms64,routeb_cumulative_hippo_mt128_ms64,1,complete,runs/task1_2/online/routeb_cumulative_hippo_mt128_ms64/seed1,runs/task1_2/online/routeb_cumulative_hippo_mt128_ms64/seed1/result.json,runs/task1_2/online/routeb_cumulative_hippo_mt128_ms64/seed1/predictions.npz,,True,0.1364740002488325,-0.5822899968620268,0.9055,0.09455253119943122,5.4089307356625795,0.01439378596842289,313.2666015625,370.0,,9.950340270996094,13,130,140,10,0.13875121633702042,0.01420149952173233,13,Task2,runs/task1_2/online/routeb_cumulative_hippo_mt128_ms64/seed1/blocks.csv,,0.5395,0.827,0.948,0.019314419478178024,4.610046744346619e-06,0.4564508828717529,313.2666015625,10433688,torch,cuda,float64,cpu
short,online,routeb_cumulative_hippo_mt128_ms64,routeb_cumulative_hippo_mt128_ms64,1,complete,runs/task1_2/online/routeb_cumulative_hippo_mt128_ms64/seed1,runs/task1_2/online/routeb_cumulative_hippo_mt128_ms64/seed1/result.json,runs/task1_2/online/routeb_cumulative_hippo_mt128_ms64/seed1/predictions.npz,,True,0.10941392625653375,-0.780021545730696,0.958,0.09455253119943122,5.4089307356625795,0.011950183659791946,313.2666015625,370.0,,9.950340270996094,14,140,150,10,0.13874928741691836,0.014381008222699165,14,Task2,runs/task1_2/online/routeb_cumulative_hippo_mt128_ms64/seed1/blocks.csv,,0.6385,0.8955,0.981,0.025993235409259796,1.5506520867347717e-05,0.4564445372893008,313.2666015625,10433688,torch,cuda,float64,cpu
short,online,routeb_cumulative_hippo_mt128_ms64,routeb_cumulative_hippo_mt128_ms64,1,complete,runs/task1_2/online/routeb_cumulative_hippo_mt128_ms64/seed1,runs/task1_2/online/routeb_cumulative_hippo_mt128_ms64/seed1/result.json,runs/task1_2/online/routeb_cumulative_hippo_mt128_ms64/seed1/predictions.npz,,True,0.1255759070619,-0.6546342663091125,0.9245,0.09455253119943122,5.4089307356625795,0.011979278177022934,313.2666015625,370.0,,9.950340270996094,15,150,160,10,0.13873709380015598,0.014583971351385117,15,Task2,runs/task1_2/online/routeb_cumulative_hippo_mt128_ms64/seed1/blocks.csv,,0.5925,0.8535,0.956,0.025153080001473427,5.628913640975952e-06,0.45640442385978636,313.2666015625,10433688,torch,cuda,float64,cpu
short,online,routeb_cumulative_hippo_mt128_ms64,routeb_cumulative_hippo_mt128_ms64,1,complete,runs/task1_2/online/routeb_cumulative_hippo_mt128_ms64/seed1,runs/task1_2/online/routeb_cumulative_hippo_mt128_ms64/seed1/result.json,runs/task1_2/online/routeb_cumulative_hippo_mt128_ms64/seed1/predictions.npz,,True,0.11076690620116861,-0.7534448208793547,0.9425,0.09455253119943122,5.4089307356625795,0.011916624382138252,313.2666015625,370.0,,9.950340270996094,16,160,170,10,0.13871996482265486,0.014213930815458298,16,Task2,runs/task1_2/online/routeb_cumulative_hippo_mt128_ms64/seed1/blocks.csv,,0.615,0.8775,0.9675,0.02410438470542431,5.023553967475891e-06,0.456348074538249,313.2666015625,10433688,torch,cuda,float64,cpu
short,online,routeb_cumulative_hippo_mt128_ms64,routeb_cumulative_hippo_mt128_ms64,1,complete,runs/task1_2/online/routeb_cumulative_hippo_mt128_ms64/seed1,runs/task1_2/online/routeb_cumulative_hippo_mt128_ms64/seed1/result.json,runs/task1_2/online/routeb_cumulative_hippo_mt128_ms64/seed1/predictions.npz,,True,0.09212096057524757,-0.867447724940783,0.9745,0.09455253119943122,5.4089307356625795,0.011908827349543571,313.2666015625,370.0,,9.950340270996094,17,170,180,10,0.13871036408573667,0.014358924701809883,17,Task2,runs/task1_2/online/routeb_cumulative_hippo_mt128_ms64/seed1/blocks.csv,,0.704,0.9275,0.995,0.025336766615509987,4.779547452926636e-06,0.4563164909243663,313.2666015625,10433688,torch,cuda,float64,cpu
short,online,routeb_cumulative_hippo_mt128_ms64,routeb_cumulative_hippo_mt128_ms64,1,complete,runs/task1_2/online/routeb_cumulative_hippo_mt128_ms64/seed1,runs/task1_2/online/routeb_cumulative_hippo_mt128_ms64/seed1/result.json,runs/task1_2/online/routeb_cumulative_hippo_mt128_ms64/seed1/predictions.npz,,True,0.09455253119943122,-0.8438395263897907,0.9691666666666666,0.09455253119943122,5.4089307356625795,0.010282950475811958,313.2666015625,370.0,,9.950340270996094,18,180,186,6,0.13879513177987035,0.013716723769903183,18,Task2,runs/task1_2/online/routeb_cumulative_hippo_mt128_ms64/seed1/blocks.csv,,0.695,0.9308333333333333,0.9816666666666667,0.02479351870715618,4.954636096954346e-06,0.45659535182265454,313.2666015625,10433688,torch,cuda,float64,cpu
short,online,routeb_cumulative_hippo_mt128_ms64,routeb_cumulative_hippo_mt128_ms64,2,complete,runs/task1_2/online/routeb_cumulative_hippo_mt128_ms64/seed2,runs/task1_2/online/routeb_cumulative_hippo_mt128_ms64/seed2/result.json,runs/task1_2/online/routeb_cumulative_hippo_mt128_ms64/seed2/predictions.npz,,True,0.06627123294081858,-0.9693291595468814,0.995,0.08830731192474305,5.6140058767050505,0.08744140155613422,313.2666015625,370.0,,9.950340270996094,0,0,10,10,0.13908324043704715,0.05110546946525574,0,Task2,runs/task1_2/online/routeb_cumulative_hippo_mt128_ms64/seed2/blocks.csv,,0.8385,0.9815,0.999,0.055525632575154305,2.7633532155305147,0.4575431449620813,313.1416015625,10433688,torch,cuda,float64,cpu
short,online,routeb_cumulative_hippo_mt128_ms64,routeb_cumulative_hippo_mt128_ms64,2,complete,runs/task1_2/online/routeb_cumulative_hippo_mt128_ms64/seed2,runs/task1_2/online/routeb_cumulative_hippo_mt128_ms64/seed2/result.json,runs/task1_2/online/routeb_cumulative_hippo_mt128_ms64/seed2/predictions.npz,,True,0.08574238700089887,-0.9081452499657433,0.989,0.08830731192474305,5.6140058767050505,0.012709083035588264,313.2666015625,370.0,,9.950340270996094,1,10,20,10,0.13889154926646916,0.015223676338791847,1,Task2,runs/task1_2/online/routeb_cumulative_hippo_mt128_ms64/seed2/blocks.csv,,0.7605,0.9565,0.996,0.032013172283768654,1.749955117702484e-05,0.4569125371277218,313.2666015625,10433688,torch,cuda,float64,cpu
short,online,routeb_cumulative_hippo_mt128_ms64,routeb_cumulative_hippo_mt128_ms64,2,complete,runs/task1_2/online/routeb_cumulative_hippo_mt128_ms64/seed2,runs/task1_2/online/routeb_cumulative_hippo_mt128_ms64/seed2/result.json,runs/task1_2/online/routeb_cumulative_hippo_mt128_ms64/seed2/predictions.npz,,True,0.10881384479024936,-0.8096966338873426,0.96,0.08830731192474305,5.6140058767050505,0.012843683362007141,313.2666015625,370.0,,9.950340270996094,2,20,30,10,0.1388219920747021,0.015646977350115776,2,Task2,runs/task1_2/online/routeb_cumulative_hippo_mt128_ms64/seed2/blocks.csv,,0.712,0.9155,0.977,0.038274288177490234,6.455928087234497e-06,0.4566837143294046,313.2666015625,10433688,torch,cuda,float64,cpu
short,online,routeb_cumulative_hippo_mt128_ms64,routeb_cumulative_hippo_mt128_ms64,2,complete,runs/task1_2/online/routeb_cumulative_hippo_mt128_ms64/seed2,runs/task1_2/online/routeb_cumulative_hippo_mt128_ms64/seed2/result.json,runs/task1_2/online/routeb_cumulative_hippo_mt128_ms64/seed2/predictions.npz,,True,0.10243152125326623,-0.8351299477631939,0.958,0.08830731192474305,5.6140058767050505,0.012780729681253433,313.2666015625,370.0,,9.950340270996094,3,30,40,10,0.13878106528721984,0.01516767404973507,3,Task2,runs/task1_2/online/routeb_cumulative_hippo_mt128_ms64/seed2/blocks.csv,,0.7385,0.924,0.9735,0.0266710314899683,7.95908272266388e-06,0.45654907717974513,313.2666015625,10433688,torch,cuda,float64,cpu
short,online,routeb_cumulative_hippo_mt128_ms64,routeb_cumulative_hippo_mt128_ms64,2,complete,runs/task1_2/online/routeb_cumulative_hippo_mt128_ms64/seed2,runs/task1_2/online/routeb_cumulative_hippo_mt128_ms64/seed2/result.json,runs/task1_2/online/routeb_cumulative_hippo_mt128_ms64/seed2/predictions.npz,,True,0.09689135650549217,-0.841093444592916,0.975,0.08830731192474305,5.6140058767050505,0.012775927782058716,313.2666015625,370.0,,9.950340270996094,4,40,50,10,0.13871890873349302,0.015226170420646667,4,Task2,runs/task1_2/online/routeb_cumulative_hippo_mt128_ms64/seed2/blocks.csv,,0.6765,0.928,0.991,0.023213598877191544,8.305534720420837e-06,0.4563446003140724,313.2666015625,10433688,torch,cuda,float64,cpu
short,online,routeb_cumulative_hippo_mt128_ms64,routeb_cumulative_hippo_mt128_ms64,2,complete,runs/task1_2/online/routeb_cumulative_hippo_mt128_ms64/seed2,runs/task1_2/online/routeb_cumulative_hippo_mt128_ms64/seed2/result.json,runs/task1_2/online/routeb_cumulative_hippo_mt128_ms64/seed2/predictions.npz,,True,0.08270444168475533,-0.9207917000212121,0.983,0.08830731192474305,5.6140058767050505,0.01282445341348648,313.2666015625,370.0,,9.950340270996094,5,50,60,10,0.1386920757401223,0.015167620033025742,5,Task2,runs/task1_2/online/routeb_cumulative_hippo_mt128_ms64/seed2/blocks.csv,,0.779,0.958,0.9955,0.021554820239543915,6.03310763835907e-06,0.4562563276211368,313.2666015625,10433688,torch,cuda,float64,cpu
short,online,routeb_cumulative_hippo_mt128_ms64,routeb_cumulative_hippo_mt128_ms64,2,complete,runs/task1_2/online/routeb_cumulative_hippo_mt128_ms64/seed2,runs/task1_2/online/routeb_cumulative_hippo_mt128_ms64/seed2/result.json,runs/task1_2/online/routeb_cumulative_hippo_mt128_ms64/seed2/predictions.npz,,True,0.089377539337132,-0.8725389102822123,0.981,0.08830731192474305,5.6140058767050505,0.011818371713161469,313.2666015625,370.0,,9.950340270996094,6,60,70,10,0.1386650646808935,0.014060592278838158,6,Task2,runs/task1_2/online/routeb_cumulative_hippo_mt128_ms64/seed2/blocks.csv,,0.715,0.939,0.9935,0.024487661197781563,6.506219506263733e-06,0.4561674691436563,313.2666015625,10433688,torch,cuda,float64,cpu
short,online,routeb_cumulative_hippo_mt128_ms64,routeb_cumulative_hippo_mt128_ms64,2,complete,runs/task1_2/online/routeb_cumulative_hippo_mt128_ms64/seed2,runs/task1_2/online/routeb_cumulative_hippo_mt128_ms64/seed2/result.json,runs/task1_2/online/routeb_cumulative_hippo_mt128_ms64/seed2/predictions.npz,,True,0.08855494909037978,-0.8983275033315229,0.984,0.08830731192474305,5.6140058767050505,0.011879228055477142,313.2666015625,370.0,,9.950340270996094,7,70,80,10,0.13865069863103338,0.014125524088740349,7,Task2,runs/task1_2/online/routeb_cumulative_hippo_mt128_ms64/seed2/blocks.csv,,0.7415,0.958,0.9935,0.024106968194246292,8.970499038696289e-06,0.45612020904522155,313.2666015625,10433688,torch,cuda,float64,cpu
short,online,routeb_cumulative_hippo_mt128_ms64,routeb_cumulative_hippo_mt128_ms64,2,complete,runs/task1_2/online/routeb_cumulative_hippo_mt128_ms64/seed2,runs/task1_2/online/routeb_cumulative_hippo_mt128_ms64/seed2/result.json,runs/task1_2/online/routeb_cumulative_hippo_mt128_ms64/seed2/predictions.npz,,True,0.08753604659891834,-0.8861452834756294,0.9805,0.08830731192474305,5.6140058767050505,0.011869287118315697,313.2666015625,370.0,,9.950340270996094,8,80,90,10,0.13866008019836487,0.014084091410040855,8,Task2,runs/task1_2/online/routeb_cumulative_hippo_mt128_ms64/seed2/blocks.csv,,0.735,0.955,0.994,0.023822786286473274,5.68293035030365e-06,0.4561510716553249,313.2666015625,10433688,torch,cuda,float64,cpu
short,online,routeb_cumulative_hippo_mt128_ms64,routeb_cumulative_hippo_mt128_ms64,2,complete,runs/task1_2/online/routeb_cumulative_hippo_mt128_ms64/seed2,runs/task1_2/online/routeb_cumulative_hippo_mt128_ms64/seed2/result.json,runs/task1_2/online/routeb_cumulative_hippo_mt128_ms64/seed2/predictions.npz,,True,0.09433381547219122,-0.8611784812781047,0.9775,0.08830731192474305,5.6140058767050505,0.011955039575695992,313.2666015625,370.0,,9.950340270996094,9,90,100,10,0.13864647739301866,0.0141068734228611,9,Task2,runs/task1_2/online/routeb_cumulative_hippo_mt128_ms64/seed2/blocks.csv,,0.7115,0.9365,0.991,0.024711482226848602,5.081295967102051e-06,0.45610632240790416,313.2666015625,10433688,torch,cuda,float64,cpu
short,online,routeb_cumulative_hippo_mt128_ms64,routeb_cumulative_hippo_mt128_ms64,2,complete,runs/task1_2/online/routeb_cumulative_hippo_mt128_ms64/seed2,runs/task1_2/online/routeb_cumulative_hippo_mt128_ms64/seed2/result.json,runs/task1_2/online/routeb_cumulative_hippo_mt128_ms64/seed2/predictions.npz,,True,0.0770626011486392,-0.9228176796768158,0.99,0.08830731192474305,5.6140058767050505,0.01191101036965847,313.2666015625,370.0,,9.950340270996094,10,100,110,10,0.13864109962834373,0.014271574094891548,10,Task2,runs/task1_2/online/routeb_cumulative_hippo_mt128_ms64/seed2/blocks.csv,,0.767,0.9645,0.996,0.02639845199882984,6.016343832015991e-06,0.45608863113644316,313.2666015625,10433688,torch,cuda,float64,cpu
short,online,routeb_cumulative_hippo_mt128_ms64,routeb_cumulative_hippo_mt128_ms64,2,complete,runs/task1_2/online/routeb_cumulative_hippo_mt128_ms64/seed2,runs/task1_2/online/routeb_cumulative_hippo_mt128_ms64/seed2/result.json,runs/task1_2/online/routeb_cumulative_hippo_mt128_ms64/seed2/predictions.npz,,True,0.10922500898551529,-0.7224461688057506,0.94,0.08830731192474305,5.6140058767050505,0.011957518756389618,313.2666015625,370.0,,9.950340270996094,11,110,120,10,0.1386436233593499,0.014252342283725739,11,Task2,runs/task1_2/online/routeb_cumulative_hippo_mt128_ms64/seed2/blocks.csv,,0.622,0.8785,0.9675,0.024115951731801033,5.900859832763672e-06,0.45609693347264113,313.2666015625,10433688,torch,cuda,float64,cpu
short,online,routeb_cumulative_hippo_mt128_ms64,routeb_cumulative_hippo_mt128_ms64,2,complete,runs/task1_2/online/routeb_cumulative_hippo_mt128_ms64/seed2,runs/task1_2/online/routeb_cumulative_hippo_mt128_ms64/seed2/result.json,runs/task1_2/online/routeb_cumulative_hippo_mt128_ms64/seed2/predictions.npz,,True,0.13626709590159525,-0.5767498092937696,0.8985,0.08830731192474305,5.6140058767050505,0.013616194948554039,313.2666015625,370.0,,9.950340270996094,12,120,130,10,0.1386472092706702,0.017230050638318062,12,Task2,runs/task1_2/online/routeb_cumulative_hippo_mt128_ms64/seed2/blocks.csv,,0.5385,0.819,0.943,0.024505631998181343,4.967674612998962e-06,0.4561087300711233,313.2666015625,10433688,torch,cuda,float64,cpu
short,online,routeb_cumulative_hippo_mt128_ms64,routeb_cumulative_hippo_mt128_ms64,2,complete,runs/task1_2/online/routeb_cumulative_hippo_mt128_ms64/seed2,runs/task1_2/online/routeb_cumulative_hippo_mt128_ms64/seed2/result.json,runs/task1_2/online/routeb_cumulative_hippo_mt128_ms64/seed2/predictions.npz,,True,0.12912272497039118,-0.6306402952563199,0.8995,0.08830731192474305,5.6140058767050505,0.011903353035449982,313.2666015625,370.0,,9.950340270996094,13,130,140,10,0.13863103277962188,0.01416698656976223,13,Task2,runs/task1_2/online/routeb_cumulative_hippo_mt128_ms64/seed2/blocks.csv,,0.564,0.8305,0.9435,0.029071474447846413,8.95373523235321e-06,0.45605551415117895,313.2666015625,10433688,torch,cuda,float64,cpu
short,online,routeb_cumulative_hippo_mt128_ms64,routeb_cumulative_hippo_mt128_ms64,2,complete,runs/task1_2/online/routeb_cumulative_hippo_mt128_ms64/seed2,runs/task1_2/online/routeb_cumulative_hippo_mt128_ms64/seed2/result.json,runs/task1_2/online/routeb_cumulative_hippo_mt128_ms64/seed2/predictions.npz,,True,0.10702390558353171,-0.7877796790675421,0.96,0.08830731192474305,5.6140058767050505,0.01191333495080471,313.2666015625,370.0,,9.950340270996094,14,140,150,10,0.13862988359160433,0.014209680259227753,14,Task2,runs/task1_2/online/routeb_cumulative_hippo_mt128_ms64/seed2/blocks.csv,,0.637,0.898,0.985,0.02470034547150135,4.133209586143494e-06,0.4560517336590216,313.2666015625,10433688,torch,cuda,float64,cpu
short,online,routeb_cumulative_hippo_mt128_ms64,routeb_cumulative_hippo_mt128_ms64,2,complete,runs/task1_2/online/routeb_cumulative_hippo_mt128_ms64/seed2,runs/task1_2/online/routeb_cumulative_hippo_mt128_ms64/seed2/result.json,runs/task1_2/online/routeb_cumulative_hippo_mt128_ms64/seed2/predictions.npz,,True,0.11555156765388346,-0.7256285393628044,0.9485,0.08830731192474305,5.6140058767050505,0.012092631310224533,313.2666015625,370.0,,9.950340270996094,15,150,160,10,0.13861716357787784,0.014200372621417046,15,Task2,runs/task1_2/online/routeb_cumulative_hippo_mt128_ms64/seed2/blocks.csv,,0.615,0.878,0.9735,0.02791101671755314,4.16487455368042e-06,0.4560098885375958,313.2666015625,10433688,torch,cuda,float64,cpu
short,online,routeb_cumulative_hippo_mt128_ms64,routeb_cumulative_hippo_mt128_ms64,2,complete,runs/task1_2/online/routeb_cumulative_hippo_mt128_ms64/seed2,runs/task1_2/online/routeb_cumulative_hippo_mt128_ms64/seed2/result.json,runs/task1_2/online/routeb_cumulative_hippo_mt128_ms64/seed2/predictions.npz,,True,0.10499997216856297,-0.7936407046990779,0.9575,0.08830731192474305,5.6140058767050505,0.011910812929272652,313.2666015625,370.0,,9.950340270996094,16,160,170,10,0.13860016108772452,0.014224963262677193,16,Task2,runs/task1_2/online/routeb_cumulative_hippo_mt128_ms64/seed2/blocks.csv,,0.6445,0.9005,0.9835,0.028132418170571327,5.807727575302124e-06,0.45595395532240396,313.2666015625,10433688,torch,cuda,float64,cpu
short,online,routeb_cumulative_hippo_mt128_ms64,routeb_cumulative_hippo_mt128_ms64,2,complete,runs/task1_2/online/routeb_cumulative_hippo_mt128_ms64/seed2,runs/task1_2/online/routeb_cumulative_hippo_mt128_ms64/seed2/result.json,runs/task1_2/online/routeb_cumulative_hippo_mt128_ms64/seed2/predictions.npz,,True,0.09199868450043791,-0.8676475585971596,0.9845,0.08830731192474305,5.6140058767050505,0.011919546872377396,313.2666015625,370.0,,9.950340270996094,17,170,180,10,0.1385906427268815,0.014173824340105057,17,Task2,runs/task1_2/online/routeb_cumulative_hippo_mt128_ms64/seed2/blocks.csv,,0.709,0.935,0.9935,0.025816086679697037,6.198883056640625e-06,0.4559226427016936,313.2666015625,10433688,torch,cuda,float64,cpu
short,online,routeb_cumulative_hippo_mt128_ms64,routeb_cumulative_hippo_mt128_ms64,2,complete,runs/task1_2/online/routeb_cumulative_hippo_mt128_ms64/seed2,runs/task1_2/online/routeb_cumulative_hippo_mt128_ms64/seed2/result.json,runs/task1_2/online/routeb_cumulative_hippo_mt128_ms64/seed2/predictions.npz,,True,0.08830731192474305,-0.8512437592884751,0.9775,0.08830731192474305,5.6140058767050505,0.010045545175671577,313.2666015625,370.0,,9.950340270996094,18,180,186,6,0.1386756266923356,0.01360558345913887,18,Task2,runs/task1_2/online/routeb_cumulative_hippo_mt128_ms64/seed2/blocks.csv,,0.6741666666666667,0.9391666666666667,0.9891666666666666,0.02495325170457363,6.085261702537537e-06,0.4562022150693132,313.2666015625,10433688,torch,cuda,float64,cpu
short,online,routeb_cumulative_hippo_mt128_ms64,routeb_cumulative_hippo_mt128_ms64,3,complete,runs/task1_2/online/routeb_cumulative_hippo_mt128_ms64/seed3,runs/task1_2/online/routeb_cumulative_hippo_mt128_ms64/seed3/result.json,runs/task1_2/online/routeb_cumulative_hippo_mt128_ms64/seed3/predictions.npz,,True,0.07221242856997759,-0.9488520824041982,0.994,0.09115506472145483,5.588310720399022,0.0980551652610302,313.2666015625,370.0,,9.950340270996094,0,0,10,10,0.14384665237195213,0.05557918921113014,0,Task2,runs/task1_2/online/routeb_cumulative_hippo_mt128_ms64/seed3/blocks.csv,,0.873,0.9795,0.9975,0.0363021194934845,2.8225608821958303,0.47321337575766614,313.1416015625,10433688,torch,cuda,float64,cpu
short,online,routeb_cumulative_hippo_mt128_ms64,routeb_cumulative_hippo_mt128_ms64,3,complete,runs/task1_2/online/routeb_cumulative_hippo_mt128_ms64/seed3,runs/task1_2/online/routeb_cumulative_hippo_mt128_ms64/seed3/result.json,runs/task1_2/online/routeb_cumulative_hippo_mt128_ms64/seed3/predictions.npz,,True,0.08452048069307583,-0.8957820705032137,0.98,0.09115506472145483,5.588310720399022,0.01280849240720272,313.2666015625,370.0,,9.950340270996094,1,10,20,10,0.14367024430427233,0.015356868505477905,1,Task2,runs/task1_2/online/routeb_cumulative_hippo_mt128_ms64/seed3/blocks.csv,,0.8215,0.9635,0.9875,0.03171062283217907,1.3986602425575256e-05,0.47263304485777285,313.2666015625,10433688,torch,cuda,float64,cpu
short,online,routeb_cumulative_hippo_mt128_ms64,routeb_cumulative_hippo_mt128_ms64,3,complete,runs/task1_2/online/routeb_cumulative_hippo_mt128_ms64/seed3,runs/task1_2/online/routeb_cumulative_hippo_mt128_ms64/seed3/result.json,runs/task1_2/online/routeb_cumulative_hippo_mt128_ms64/seed3/predictions.npz,,True,0.09917198182536194,-0.8145370427974763,0.965,0.09115506472145483,5.588310720399022,0.012887783348560333,313.2666015625,370.0,,9.950340270996094,2,20,30,10,0.14357806986931498,0.015373595058918,2,Task2,runs/task1_2/online/routeb_cumulative_hippo_mt128_ms64/seed3/blocks.csv,,0.7485,0.9365,0.9745,0.02563595026731491,7.988885045051575e-06,0.4723298179504693,313.2666015625,10433688,torch,cuda,float64,cpu
short,online,routeb_cumulative_hippo_mt128_ms64,routeb_cumulative_hippo_mt128_ms64,3,complete,runs/task1_2/online/routeb_cumulative_hippo_mt128_ms64/seed3,runs/task1_2/online/routeb_cumulative_hippo_mt128_ms64/seed3/result.json,runs/task1_2/online/routeb_cumulative_hippo_mt128_ms64/seed3/predictions.npz,,True,0.10093697743220216,-0.8364792754567584,0.975,0.09115506472145483,5.588310720399022,0.01287507638335228,313.2666015625,370.0,,9.950340270996094,3,30,40,10,0.14354170215268722,0.015284571796655655,3,Task2,runs/task1_2/online/routeb_cumulative_hippo_mt128_ms64/seed3/blocks.csv,,0.7565,0.941,0.982,0.02223311923444271,6.409361958503723e-06,0.47221017880927096,313.2666015625,10433688,torch,cuda,float64,cpu
short,online,routeb_cumulative_hippo_mt128_ms64,routeb_cumulative_hippo_mt128_ms64,3,complete,runs/task1_2/online/routeb_cumulative_hippo_mt128_ms64/seed3,runs/task1_2/online/routeb_cumulative_hippo_mt128_ms64/seed3/result.json,runs/task1_2/online/routeb_cumulative_hippo_mt128_ms64/seed3/predictions.npz,,True,0.09463799665185928,-0.8495646370482377,0.9795,0.09115506472145483,5.588310720399022,0.013232037425041199,313.2666015625,370.0,,9.950340270996094,4,40,50,10,0.14348391740305905,0.01646912470459938,4,Task2,runs/task1_2/online/routeb_cumulative_hippo_mt128_ms64/seed3/blocks.csv,,0.735,0.9405,0.99,0.02222154103219509,6.752088665962219e-06,0.47202008389925426,313.2666015625,10433688,torch,cuda,float64,cpu
short,online,routeb_cumulative_hippo_mt128_ms64,routeb_cumulative_hippo_mt128_ms64,3,complete,runs/task1_2/online/routeb_cumulative_hippo_mt128_ms64/seed3,runs/task1_2/online/routeb_cumulative_hippo_mt128_ms64/seed3/result.json,runs/task1_2/online/routeb_cumulative_hippo_mt128_ms64/seed3/predictions.npz,,True,0.07636108284729551,-0.9042793648713207,0.9915,0.09115506472145483,5.588310720399022,0.01226704753935337,313.2666015625,370.0,,9.950340270996094,5,50,60,10,0.1434521406974861,0.014517467468976974,5,Task2,runs/task1_2/online/routeb_cumulative_hippo_mt128_ms64/seed3/blocks.csv,,0.7945,0.965,0.998,0.02406308613717556,1.0591000318527222e-05,0.4719155478404258,313.2666015625,10433688,torch,cuda,float64,cpu
short,online,routeb_cumulative_hippo_mt128_ms64,routeb_cumulative_hippo_mt128_ms64,3,complete,runs/task1_2/online/routeb_cumulative_hippo_mt128_ms64/seed3,runs/task1_2/online/routeb_cumulative_hippo_mt128_ms64/seed3/result.json,runs/task1_2/online/routeb_cumulative_hippo_mt128_ms64/seed3/predictions.npz,,True,0.08304994336657585,-0.8894171793992027,0.991,0.09115506472145483,5.588310720399022,0.012214476242661476,313.2666015625,370.0,,9.950340270996094,6,60,70,10,0.14342456183961008,0.01459207758307457,6,Task2,runs/task1_2/online/routeb_cumulative_hippo_mt128_ms64/seed3/blocks.csv,,0.7695,0.96,0.9985,0.024478064849972725,7.778406143188477e-06,0.4718248214716167,313.2666015625,10433688,torch,cuda,float64,cpu
short,online,routeb_cumulative_hippo_mt128_ms64,routeb_cumulative_hippo_mt128_ms64,3,complete,runs/task1_2/online/routeb_cumulative_hippo_mt128_ms64/seed3,runs/task1_2/online/routeb_cumulative_hippo_mt128_ms64/seed3/result.json,runs/task1_2/online/routeb_cumulative_hippo_mt128_ms64/seed3/predictions.npz,,True,0.08307790555467479,-0.9119708064937732,0.991,0.09115506472145483,5.588310720399022,0.012221764773130417,313.2666015625,370.0,,9.950340270996094,7,70,80,10,0.14341261354373028,0.014536615461111069,7,Task2,runs/task1_2/online/routeb_cumulative_hippo_mt128_ms64/seed3/blocks.csv,,0.801,0.9735,0.998,0.024322867393493652,9.890645742416382e-06,0.4717855150759892,313.2666015625,10433688,torch,cuda,float64,cpu
short,online,routeb_cumulative_hippo_mt128_ms64,routeb_cumulative_hippo_mt128_ms64,3,complete,runs/task1_2/online/routeb_cumulative_hippo_mt128_ms64/seed3,runs/task1_2/online/routeb_cumulative_hippo_mt128_ms64/seed3/result.json,runs/task1_2/online/routeb_cumulative_hippo_mt128_ms64/seed3/predictions.npz,,True,0.08346830880116596,-0.905061442986784,0.9905,0.09115506472145483,5.588310720399022,0.011948201805353165,313.2666015625,370.0,,9.950340270996094,8,80,90,10,0.14341591822902475,0.014348259195685387,8,Task2,runs/task1_2/online/routeb_cumulative_hippo_mt128_ms64/seed3/blocks.csv,,0.7825,0.9725,0.998,0.02374984137713909,5.7425349950790405e-06,0.4717963865231743,313.2666015625,10433688,torch,cuda,float64,cpu
short,online,routeb_cumulative_hippo_mt128_ms64,routeb_cumulative_hippo_mt128_ms64,3,complete,runs/task1_2/online/routeb_cumulative_hippo_mt128_ms64/seed3,runs/task1_2/online/routeb_cumulative_hippo_mt128_ms64/seed3/result.json,runs/task1_2/online/routeb_cumulative_hippo_mt128_ms64/seed3/predictions.npz,,True,0.09133440515982212,-0.8678212555083518,0.985,0.09115506472145483,5.588310720399022,0.012024536728858948,313.2666015625,370.0,,9.950340270996094,9,90,100,10,0.14340937666366788,0.014303227886557579,9,Task2,runs/task1_2/online/routeb_cumulative_hippo_mt128_ms64/seed3/blocks.csv,,0.7505,0.9565,0.994,0.022796733304858208,5.045905709266663e-06,0.47177486668816787,313.2666015625,10433688,torch,cuda,float64,cpu
short,online,routeb_cumulative_hippo_mt128_ms64,routeb_cumulative_hippo_mt128_ms64,3,complete,runs/task1_2/online/routeb_cumulative_hippo_mt128_ms64/seed3,runs/task1_2/online/routeb_cumulative_hippo_mt128_ms64/seed3/result.json,runs/task1_2/online/routeb_cumulative_hippo_mt128_ms64/seed3/predictions.npz,,True,0.08108226129050816,-0.9033273406770476,0.9845,0.09115506472145483,5.588310720399022,0.01211746595799923,313.2666015625,370.0,,9.950340270996094,10,100,110,10,0.1434037561662484,0.01433965191245079,10,Task2,runs/task1_2/online/routeb_cumulative_hippo_mt128_ms64/seed3/blocks.csv,,0.8065,0.9635,0.995,0.023213421925902367,4.984438419342041e-06,0.4717563768970365,313.2666015625,10433688,torch,cuda,float64,cpu
short,online,routeb_cumulative_hippo_mt128_ms64,routeb_cumulative_hippo_mt128_ms64,3,complete,runs/task1_2/online/routeb_cumulative_hippo_mt128_ms64/seed3,runs/task1_2/online/routeb_cumulative_hippo_mt128_ms64/seed3/result.json,runs/task1_2/online/routeb_cumulative_hippo_mt128_ms64/seed3/predictions.npz,,True,0.11353053816063727,-0.7553819524794146,0.955,0.09115506472145483,5.588310720399022,0.012015633285045624,313.2666015625,370.0,,9.950340270996094,11,110,120,10,0.14340693342483488,0.014316590502858162,11,Task2,runs/task1_2/online/routeb_cumulative_hippo_mt128_ms64/seed3/blocks.csv,,0.6605,0.901,0.9765,0.02410905808210373,6.444752216339111e-06,0.47176682914765594,313.2666015625,10433688,torch,cuda,float64,cpu
short,online,routeb_cumulative_hippo_mt128_ms64,routeb_cumulative_hippo_mt128_ms64,3,complete,runs/task1_2/online/routeb_cumulative_hippo_mt128_ms64/seed3,runs/task1_2/online/routeb_cumulative_hippo_mt128_ms64/seed3/result.json,runs/task1_2/online/routeb_cumulative_hippo_mt128_ms64/seed3/predictions.npz,,True,0.1426429920386389,-0.5910251347028722,0.9095,0.09115506472145483,5.588310720399022,0.012001492083072662,313.2666015625,370.0,,9.950340270996094,12,120,130,10,0.14341088752595274,0.014416167512536049,12,Task2,runs/task1_2/online/routeb_cumulative_hippo_mt128_ms64/seed3/blocks.csv,,0.5435,0.812,0.953,0.023387987166643143,5.3942203521728516e-06,0.4717798369827861,313.2666015625,10433688,torch,cuda,float64,cpu
short,online,routeb_cumulative_hippo_mt128_ms64,routeb_cumulative_hippo_mt128_ms64,3,complete,runs/task1_2/online/routeb_cumulative_hippo_mt128_ms64/seed3,runs/task1_2/online/routeb_cumulative_hippo_mt128_ms64/seed3/result.json,runs/task1_2/online/routeb_cumulative_hippo_mt128_ms64/seed3/predictions.npz,,True,0.13183291241924294,-0.6152560252763244,0.918,0.09115506472145483,5.588310720399022,0.012005452066659927,313.2666015625,370.0,,9.950340270996094,13,130,140,10,0.14339366853631544,0.01426825113594532,13,Task2,runs/task1_2/online/routeb_cumulative_hippo_mt128_ms64/seed3/blocks.csv,,0.573,0.8405,0.9525,0.021819083020091057,5.159527063369751e-06,0.47172319154767134,313.2666015625,10433688,torch,cuda,float64,cpu
short,online,routeb_cumulative_hippo_mt128_ms64,routeb_cumulative_hippo_mt128_ms64,3,complete,runs/task1_2/online/routeb_cumulative_hippo_mt128_ms64/seed3,runs/task1_2/online/routeb_cumulative_hippo_mt128_ms64/seed3/result.json,runs/task1_2/online/routeb_cumulative_hippo_mt128_ms64/seed3/predictions.npz,,True,0.09921690977937478,-0.8162031748001982,0.98,0.09115506472145483,5.588310720399022,0.01198129914700985,313.2666015625,370.0,,9.950340270996094,14,140,150,10,0.14339472269806344,0.014437427744269371,14,Task2,runs/task1_2/online/routeb_cumulative_hippo_mt128_ms64/seed3/blocks.csv,,0.661,0.933,0.9935,0.02631530538201332,4.317611455917358e-06,0.4717266594312204,313.2666015625,10433688,torch,cuda,float64,cpu
short,online,routeb_cumulative_hippo_mt128_ms64,routeb_cumulative_hippo_mt128_ms64,3,complete,runs/task1_2/online/routeb_cumulative_hippo_mt128_ms64/seed3,runs/task1_2/online/routeb_cumulative_hippo_mt128_ms64/seed3/result.json,runs/task1_2/online/routeb_cumulative_hippo_mt128_ms64/seed3/predictions.npz,,True,0.11525535613630332,-0.736946987447614,0.9505,0.09115506472145483,5.588310720399022,0.01198793388903141,313.2666015625,370.0,,9.950340270996094,15,150,160,10,0.1433813759453051,0.01426544040441513,15,Task2,runs/task1_2/online/routeb_cumulative_hippo_mt128_ms64/seed3/blocks.csv,,0.647,0.902,0.974,0.02485521137714386,4.43682074546814e-06,0.4716827525218553,313.2666015625,10433688,torch,cuda,float64,cpu
short,online,routeb_cumulative_hippo_mt128_ms64,routeb_cumulative_hippo_mt128_ms64,3,complete,runs/task1_2/online/routeb_cumulative_hippo_mt128_ms64/seed3,runs/task1_2/online/routeb_cumulative_hippo_mt128_ms64/seed3/result.json,runs/task1_2/online/routeb_cumulative_hippo_mt128_ms64/seed3/predictions.npz,,True,0.10430982038582426,-0.7684276607466056,0.959,0.09115506472145483,5.588310720399022,0.012092331424355507,313.2666015625,370.0,,9.950340270996094,16,160,170,10,0.14336450274463572,0.014477727934718132,16,Task2,runs/task1_2/online/routeb_cumulative_hippo_mt128_ms64/seed3/blocks.csv,,0.656,0.9105,0.981,0.026411771774291992,4.155561327934265e-06,0.47162724463121675,313.2666015625,10433688,torch,cuda,float64,cpu
short,online,routeb_cumulative_hippo_mt128_ms64,routeb_cumulative_hippo_mt128_ms64,3,complete,runs/task1_2/online/routeb_cumulative_hippo_mt128_ms64/seed3,runs/task1_2/online/routeb_cumulative_hippo_mt128_ms64/seed3/result.json,runs/task1_2/online/routeb_cumulative_hippo_mt128_ms64/seed3/predictions.npz,,True,0.09213471021714592,-0.8298787330749353,0.967,0.09115506472145483,5.588310720399022,0.01200433261692524,313.2666015625,370.0,,9.950340270996094,17,170,180,10,0.14335439693755192,0.0143118966370821,17,Task2,runs/task1_2/online/routeb_cumulative_hippo_mt128_ms64/seed3/blocks.csv,,0.727,0.929,0.988,0.026169834658503532,5.997717380523682e-06,0.4715939994843465,313.2666015625,10433688,torch,cuda,float64,cpu
short,online,routeb_cumulative_hippo_mt128_ms64,routeb_cumulative_hippo_mt128_ms64,3,complete,runs/task1_2/online/routeb_cumulative_hippo_mt128_ms64/seed3,runs/task1_2/online/routeb_cumulative_hippo_mt128_ms64/seed3/result.json,runs/task1_2/online/routeb_cumulative_hippo_mt128_ms64/seed3/predictions.npz,,True,0.09115506472145483,-0.8388328643704276,0.9775,0.09115506472145483,5.588310720399022,0.010182270780205727,313.2666015625,370.0,,9.950340270996094,18,180,186,6,0.14343707963745136,0.013796718791127205,18,Task2,runs/task1_2/online/routeb_cumulative_hippo_mt128_ms64/seed3/blocks.csv,,0.7191666666666666,0.9366666666666666,0.995,0.026714229956269264,6.336718797683716e-06,0.47186600136197804,313.2666015625,10433688,torch,cuda,float64,cpu
short,online,routeb_cumulative_hippo_mt128_ms64,routeb_cumulative_hippo_mt128_ms64,4,complete,runs/task1_2/online/routeb_cumulative_hippo_mt128_ms64/seed4,runs/task1_2/online/routeb_cumulative_hippo_mt128_ms64/seed4/result.json,runs/task1_2/online/routeb_cumulative_hippo_mt128_ms64/seed4/predictions.npz,,True,0.08026771024433131,-0.9048470198343296,0.9895,0.09388311373377083,5.652111530303955,0.10828652232885361,313.2666015625,370.0,,9.950340270996094,0,0,10,10,0.1468781231448919,0.05165599472820759,0,Task2,runs/task1_2/online/routeb_cumulative_hippo_mt128_ms64/seed4/blocks.csv,,0.826,0.968,0.9955,0.12260369583964348,2.8506722133606672,0.48318602714940073,313.1416015625,10433688,torch,cuda,float64,cpu
short,online,routeb_cumulative_hippo_mt128_ms64,routeb_cumulative_hippo_mt128_ms64,4,complete,runs/task1_2/online/routeb_cumulative_hippo_mt128_ms64/seed4,runs/task1_2/online/routeb_cumulative_hippo_mt128_ms64/seed4/result.json,runs/task1_2/online/routeb_cumulative_hippo_mt128_ms64/seed4/predictions.npz,,True,0.10210961219135714,-0.8426137616182817,0.9695,0.09388311373377083,5.652111530303955,0.012684697285294533,313.2666015625,370.0,,9.950340270996094,1,10,20,10,0.14667940621581288,0.015229864045977592,1,Task2,runs/task1_2/online/routeb_cumulative_hippo_mt128_ms64/seed4/blocks.csv,,0.763,0.9395,0.985,0.029240034520626068,8.266419172286987e-06,0.4825323066263362,313.2666015625,10433688,torch,cuda,float64,cpu
short,online,routeb_cumulative_hippo_mt128_ms64,routeb_cumulative_hippo_mt128_ms64,4,complete,runs/task1_2/online/routeb_cumulative_hippo_mt128_ms64/seed4,runs/task1_2/online/routeb_cumulative_hippo_mt128_ms64/seed4/result.json,runs/task1_2/online/routeb_cumulative_hippo_mt128_ms64/seed4/predictions.npz,,True,0.13811316080483282,-0.7182582133516525,0.9505,0.09388311373377083,5.652111530303955,0.012715328484773636,313.2666015625,370.0,,9.950340270996094,2,20,30,10,0.14660492404063455,0.015253826975822449,2,Task2,runs/task1_2/online/routeb_cumulative_hippo_mt128_ms64/seed4/blocks.csv,,0.681,0.9045,0.9685,0.02481038309633732,7.312744855880737e-06,0.4822872820743656,313.2666015625,10433688,torch,cuda,float64,cpu
short,online,routeb_cumulative_hippo_mt128_ms64,routeb_cumulative_hippo_mt128_ms64,4,complete,runs/task1_2/online/routeb_cumulative_hippo_mt128_ms64/seed4,runs/task1_2/online/routeb_cumulative_hippo_mt128_ms64/seed4/result.json,runs/task1_2/online/routeb_cumulative_hippo_mt128_ms64/seed4/predictions.npz,,True,0.13374449875001743,-0.70386781412744,0.9365,0.09388311373377083,5.652111530303955,0.012769520282745361,313.2666015625,370.0,,9.950340270996094,3,30,40,10,0.14657074808576903,0.01518489420413971,3,Task2,runs/task1_2/online/routeb_cumulative_hippo_mt128_ms64/seed4/blocks.csv,,0.715,0.8995,0.9585,0.019793381914496422,7.750466465950012e-06,0.4821748531877355,313.2666015625,10433688,torch,cuda,float64,cpu
short,online,routeb_cumulative_hippo_mt128_ms64,routeb_cumulative_hippo_mt128_ms64,4,complete,runs/task1_2/online/routeb_cumulative_hippo_mt128_ms64/seed4,runs/task1_2/online/routeb_cumulative_hippo_mt128_ms64/seed4/result.json,runs/task1_2/online/routeb_cumulative_hippo_mt128_ms64/seed4/predictions.npz,,True,0.10655223856060395,-0.7945689374266827,0.968,0.09388311373377083,5.652111530303955,0.012870078906416893,313.2666015625,370.0,,9.950340270996094,4,40,50,10,0.14650852320667135,0.015007272362709045,4,Task2,runs/task1_2/online/routeb_cumulative_hippo_mt128_ms64/seed4/blocks.csv,,0.68,0.9195,0.99,0.020173044875264168,7.482245564460754e-06,0.48197015155159467,313.2666015625,10433688,torch,cuda,float64,cpu
short,online,routeb_cumulative_hippo_mt128_ms64,routeb_cumulative_hippo_mt128_ms64,4,complete,runs/task1_2/online/routeb_cumulative_hippo_mt128_ms64/seed4,runs/task1_2/online/routeb_cumulative_hippo_mt128_ms64/seed4/result.json,runs/task1_2/online/routeb_cumulative_hippo_mt128_ms64/seed4/predictions.npz,,True,0.07339206267655467,-0.9129536553397719,0.996,0.09388311373377083,5.652111530303955,0.0122442077845335,313.2666015625,370.0,,9.950340270996094,5,50,60,10,0.14647955976444324,0.014829708263278008,5,Task2,runs/task1_2/online/routeb_cumulative_hippo_mt128_ms64/seed4/blocks.csv,,0.808,0.975,0.999,0.019565042108297348,7.634982466697693e-06,0.48187487030559883,313.2666015625,10433688,torch,cuda,float64,cpu
short,online,routeb_cumulative_hippo_mt128_ms64,routeb_cumulative_hippo_mt128_ms64,4,complete,runs/task1_2/online/routeb_cumulative_hippo_mt128_ms64/seed4,runs/task1_2/online/routeb_cumulative_hippo_mt128_ms64/seed4/result.json,runs/task1_2/online/routeb_cumulative_hippo_mt128_ms64/seed4/predictions.npz,,True,0.09105441733190042,-0.8558361824219345,0.992,0.09388311373377083,5.652111530303955,0.012280914932489395,313.2666015625,370.0,,9.950340270996094,6,60,70,10,0.14645405148721366,0.014643097296357155,6,Task2,runs/task1_2/online/routeb_cumulative_hippo_mt128_ms64/seed4/blocks.csv,,0.7105,0.952,0.997,0.019042907282710075,7.10412859916687e-06,0.48179095554096213,313.2666015625,10433688,torch,cuda,float64,cpu
short,online,routeb_cumulative_hippo_mt128_ms64,routeb_cumulative_hippo_mt128_ms64,4,complete,runs/task1_2/online/routeb_cumulative_hippo_mt128_ms64/seed4,runs/task1_2/online/routeb_cumulative_hippo_mt128_ms64/seed4/result.json,runs/task1_2/online/routeb_cumulative_hippo_mt128_ms64/seed4/predictions.npz,,True,0.09430725498063938,-0.8628009554640252,0.984,0.09388311373377083,5.652111530303955,0.01227019727230072,313.2666015625,370.0,,9.950340270996094,7,70,80,10,0.14643865942342432,0.014825616031885147,7,Task2,runs/task1_2/online/routeb_cumulative_hippo_mt128_ms64/seed4/blocks.csv,,0.745,0.9585,0.9955,0.019161762669682503,9.274110198020935e-06,0.4817403201570617,313.2666015625,10433688,torch,cuda,float64,cpu
short,online,routeb_cumulative_hippo_mt128_ms64,routeb_cumulative_hippo_mt128_ms64,4,complete,runs/task1_2/online/routeb_cumulative_hippo_mt128_ms64/seed4,runs/task1_2/online/routeb_cumulative_hippo_mt128_ms64/seed4/result.json,runs/task1_2/online/routeb_cumulative_hippo_mt128_ms64/seed4/predictions.npz,,True,0.11086607861903096,-0.8106058943247245,0.97,0.09388311373377083,5.652111530303955,0.011996107175946236,313.2666015625,370.0,,9.950340270996094,8,80,90,10,0.146446874930047,0.014608984813094139,8,Task2,runs/task1_2/online/routeb_cumulative_hippo_mt128_ms64/seed4/blocks.csv,,0.7225,0.931,0.984,0.019143661484122276,5.418434739112854e-06,0.48176734676879285,313.2666015625,10433688,torch,cuda,float64,cpu
short,online,routeb_cumulative_hippo_mt128_ms64,routeb_cumulative_hippo_mt128_ms64,4,complete,runs/task1_2/online/routeb_cumulative_hippo_mt128_ms64/seed4,runs/task1_2/online/routeb_cumulative_hippo_mt128_ms64/seed4/result.json,runs/task1_2/online/routeb_cumulative_hippo_mt128_ms64/seed4/predictions.npz,,True,0.11282329981353006,-0.7699862784546385,0.965,0.09388311373377083,5.652111530303955,0.011982539668679237,313.2666015625,370.0,,9.950340270996094,9,90,100,10,0.14643423888401344,0.0141887366771698,9,Task2,runs/task1_2/online/routeb_cumulative_hippo_mt128_ms64/seed4/blocks.csv,,0.6965,0.916,0.98,0.020060231909155846,5.023553967475891e-06,0.48172577787649556,313.2666015625,10433688,torch,cuda,float64,cpu
short,online,routeb_cumulative_hippo_mt128_ms64,routeb_cumulative_hippo_mt128_ms64,4,complete,runs/task1_2/online/routeb_cumulative_hippo_mt128_ms64/seed4,runs/task1_2/online/routeb_cumulative_hippo_mt128_ms64/seed4/result.json,runs/task1_2/online/routeb_cumulative_hippo_mt128_ms64/seed4/predictions.npz,,True,0.08812416580939851,-0.8578681693025917,0.9805,0.09388311373377083,5.652111530303955,0.011858979240059853,313.2666015625,370.0,,9.950340270996094,10,100,110,10,0.14642860278019657,0.014184173196554184,10,Task2,runs/task1_2/online/routeb_cumulative_hippo_mt128_ms64/seed4/blocks.csv,,0.78,0.9535,0.987,0.020316611975431442,5.504116415977478e-06,0.4817072367448855,313.2666015625,10433688,torch,cuda,float64,cpu
short,online,routeb_cumulative_hippo_mt128_ms64,routeb_cumulative_hippo_mt128_ms64,4,complete,runs/task1_2/online/routeb_cumulative_hippo_mt128_ms64/seed4,runs/task1_2/online/routeb_cumulative_hippo_mt128_ms64/seed4/result.json,runs/task1_2/online/routeb_cumulative_hippo_mt128_ms64/seed4/predictions.npz,,True,0.12116680809816388,-0.7049886667131603,0.944,0.09388311373377083,5.652111530303955,0.011886423453688622,313.2666015625,370.0,,9.950340270996094,11,110,120,10,0.146431780918246,0.014228809624910355,11,Task2,runs/task1_2/online/routeb_cumulative_hippo_mt128_ms64/seed4/blocks.csv,,0.61,0.88,0.9715,0.020150188356637955,5.161389708518982e-06,0.4817176918886805,313.2666015625,10433688,torch,cuda,float64,cpu
short,online,routeb_cumulative_hippo_mt128_ms64,routeb_cumulative_hippo_mt128_ms64,4,complete,runs/task1_2/online/routeb_cumulative_hippo_mt128_ms64/seed4,runs/task1_2/online/routeb_cumulative_hippo_mt128_ms64/seed4/result.json,runs/task1_2/online/routeb_cumulative_hippo_mt128_ms64/seed4/predictions.npz,,True,0.1490090187173902,-0.5464898124861697,0.892,0.09388311373377083,5.652111530303955,0.011908551678061485,313.2666015625,370.0,,9.950340270996094,12,120,130,10,0.1464370294387129,0.014128128066658974,12,Task2,runs/task1_2/online/routeb_cumulative_hippo_mt128_ms64/seed4/blocks.csv,,0.541,0.8075,0.9375,0.021483052521944046,5.302950739860535e-06,0.4817349579845328,313.2666015625,10433688,torch,cuda,float64,cpu
short,online,routeb_cumulative_hippo_mt128_ms64,routeb_cumulative_hippo_mt128_ms64,4,complete,runs/task1_2/online/routeb_cumulative_hippo_mt128_ms64/seed4,runs/task1_2/online/routeb_cumulative_hippo_mt128_ms64/seed4/result.json,runs/task1_2/online/routeb_cumulative_hippo_mt128_ms64/seed4/predictions.npz,,True,0.1367425266929393,-0.6030149624910566,0.921,0.09388311373377083,5.652111530303955,0.011900348588824272,313.2666015625,370.0,,9.950340270996094,13,130,140,10,0.1464193426307728,0.014386268332600594,13,Task2,runs/task1_2/online/routeb_cumulative_hippo_mt128_ms64/seed4/blocks.csv,,0.5585,0.8275,0.96,0.02407843805849552,5.461275577545166e-06,0.48167677356415384,313.2666015625,10433688,torch,cuda,float64,cpu
short,online,routeb_cumulative_hippo_mt128_ms64,routeb_cumulative_hippo_mt128_ms64,4,complete,runs/task1_2/online/routeb_cumulative_hippo_mt128_ms64/seed4,runs/task1_2/online/routeb_cumulative_hippo_mt128_ms64/seed4/result.json,runs/task1_2/online/routeb_cumulative_hippo_mt128_ms64/seed4/predictions.npz,,True,0.11920846881710903,-0.7414703245787583,0.956,0.09388311373377083,5.652111530303955,0.011900348588824272,313.2666015625,370.0,,9.950340270996094,14,140,150,10,0.14641839403811088,0.014193031936883926,14,Task2,runs/task1_2/online/routeb_cumulative_hippo_mt128_ms64/seed4/blocks.csv,,0.6445,0.9025,0.9805,0.020884666591882706,4.934147000312805e-06,0.48167365297199294,313.2666015625,10433688,torch,cuda,float64,cpu
short,online,routeb_cumulative_hippo_mt128_ms64,routeb_cumulative_hippo_mt128_ms64,4,complete,runs/task1_2/online/routeb_cumulative_hippo_mt128_ms64/seed4,runs/task1_2/online/routeb_cumulative_hippo_mt128_ms64/seed4/result.json,runs/task1_2/online/routeb_cumulative_hippo_mt128_ms64/seed4/predictions.npz,,True,0.12241024991781932,-0.7090539101960878,0.948,0.09388311373377083,5.652111530303955,0.011913979426026344,313.2666015625,370.0,,9.950340270996094,15,150,160,10,0.1464063489515744,0.014178302139043808,15,Task2,runs/task1_2/online/routeb_cumulative_hippo_mt128_ms64/seed4/blocks.csv,,0.6035,0.889,0.974,0.020485345274209976,5.016103386878967e-06,0.48163402816344003,313.2666015625,10433688,torch,cuda,float64,cpu
short,online,routeb_cumulative_hippo_mt128_ms64,routeb_cumulative_hippo_mt128_ms64,4,complete,runs/task1_2/online/routeb_cumulative_hippo_mt128_ms64/seed4,runs/task1_2/online/routeb_cumulative_hippo_mt128_ms64/seed4/result.json,runs/task1_2/online/routeb_cumulative_hippo_mt128_ms64/seed4/predictions.npz,,True,0.11539406697192932,-0.7263647102817387,0.95,0.09388311373377083,5.652111530303955,0.012239843606948853,313.2666015625,370.0,,9.950340270996094,16,160,170,10,0.14638981506354504,0.015101758763194084,16,Task2,runs/task1_2/online/routeb_cumulative_hippo_mt128_ms64/seed4/blocks.csv,,0.63,0.8915,0.9725,0.025091713294386864,5.4407864809036255e-06,0.48157963651205454,313.2666015625,10433688,torch,cuda,float64,cpu
short,online,routeb_cumulative_hippo_mt128_ms64,routeb_cumulative_hippo_mt128_ms64,4,complete,runs/task1_2/online/routeb_cumulative_hippo_mt128_ms64/seed4,runs/task1_2/online/routeb_cumulative_hippo_mt128_ms64/seed4/result.json,runs/task1_2/online/routeb_cumulative_hippo_mt128_ms64/seed4/predictions.npz,,True,0.09279400434515246,-0.8232748552425386,0.9735,0.09388311373377083,5.652111530303955,0.012007798999547958,313.2666015625,370.0,,9.950340270996094,17,170,180,10,0.1463799968139167,0.014283455908298492,17,Task2,runs/task1_2/online/routeb_cumulative_hippo_mt128_ms64/seed4/blocks.csv,,0.731,0.939,0.986,0.028688741847872734,2.1828338503837585e-05,0.4815473373450317,313.2666015625,10433688,torch,cuda,float64,cpu
short,online,routeb_cumulative_hippo_mt128_ms64,routeb_cumulative_hippo_mt128_ms64,4,complete,runs/task1_2/online/routeb_cumulative_hippo_mt128_ms64/seed4,runs/task1_2/online/routeb_cumulative_hippo_mt128_ms64/seed4/result.json,runs/task1_2/online/routeb_cumulative_hippo_mt128_ms64/seed4/predictions.npz,,True,0.09388311373377083,-0.8176552980337145,0.975,0.09388311373377083,5.652111530303955,0.010159783065319061,313.2666015625,370.0,,9.950340270996094,18,180,186,6,0.14646267617094313,0.013831501826643944,18,Task2,runs/task1_2/online/routeb_cumulative_hippo_mt128_ms64/seed4/blocks.csv,,0.7091666666666666,0.925,0.99,0.026273014023900032,5.763024091720581e-06,0.48181932822558965,313.2666015625,10433688,torch,cuda,float64,cpu
short,online,routeb_cumulative_hippo_mt64_ms64,routeb_cumulative_hippo_mt64_ms64,0,complete,runs/task1_2/online/routeb_cumulative_hippo_mt64_ms64/seed0,runs/task1_2/online/routeb_cumulative_hippo_mt64_ms64/seed0/result.json,runs/task1_2/online/routeb_cumulative_hippo_mt64_ms64/seed0/predictions.npz,,True,0.07172200692530667,-0.9550409126373848,0.9885,0.0882606724546457,5.245544724166393,0.09179418534040451,163.95947265625,202.0,,5.544090270996094,0,0,10,10,0.14051587851883546,0.04726135730743408,0,Task2,runs/task1_2/online/routeb_cumulative_hippo_mt64_ms64/seed0/blocks.csv,,0.8775,0.9765,0.9925,0.08187368884682655,2.702587613835931,0.46225610485195795,163.92822265625,5813400,torch,cuda,float64,cpu
short,online,routeb_cumulative_hippo_mt64_ms64,routeb_cumulative_hippo_mt64_ms64,0,complete,runs/task1_2/online/routeb_cumulative_hippo_mt64_ms64/seed0,runs/task1_2/online/routeb_cumulative_hippo_mt64_ms64/seed0/result.json,runs/task1_2/online/routeb_cumulative_hippo_mt64_ms64/seed0/predictions.npz,,True,0.08391655481286028,-0.8852500183450936,0.9775,0.0882606724546457,5.245544724166393,0.00773228332400322,163.95947265625,202.0,,5.544090270996094,1,10,20,10,0.14032341137949028,0.010918112471699715,1,Task2,runs/task1_2/online/routeb_cumulative_hippo_mt64_ms64/seed0/blocks.csv,,0.7725,0.954,0.988,0.02998417243361473,1.4135614037513733e-05,0.46162294430751616,163.95947265625,5813400,torch,cuda,float64,cpu
short,online,routeb_cumulative_hippo_mt64_ms64,routeb_cumulative_hippo_mt64_ms64,0,complete,runs/task1_2/online/routeb_cumulative_hippo_mt64_ms64/seed0,runs/task1_2/online/routeb_cumulative_hippo_mt64_ms64/seed0/result.json,runs/task1_2/online/routeb_cumulative_hippo_mt64_ms64/seed0/predictions.npz,,True,0.09976692668779652,-0.8132171475054968,0.96,0.0882606724546457,5.245544724166393,0.0073089804500341415,163.95947265625,202.0,,5.544090270996094,2,20,30,10,0.1402474407253368,0.010639015585184097,2,Task2,runs/task1_2/online/routeb_cumulative_hippo_mt64_ms64/seed0/blocks.csv,,0.726,0.924,0.9775,0.023919567465782166,6.528571248054504e-06,0.46137302309546374,163.95947265625,5813400,torch,cuda,float64,cpu
short,online,routeb_cumulative_hippo_mt64_ms64,routeb_cumulative_hippo_mt64_ms64,0,complete,runs/task1_2/online/routeb_cumulative_hippo_mt64_ms64/seed0,runs/task1_2/online/routeb_cumulative_hippo_mt64_ms64/seed0/result.json,runs/task1_2/online/routeb_cumulative_hippo_mt64_ms64/seed0/predictions.npz,,True,0.08996513276315107,-0.8755466946757756,0.9735,0.0882606724546457,5.245544724166393,0.007337864488363266,163.95947265625,202.0,,5.544090270996094,3,30,40,10,0.1402056494132955,0.01060868613421917,3,Task2,runs/task1_2/online/routeb_cumulative_hippo_mt64_ms64/seed0/blocks.csv,,0.7775,0.943,0.9875,0.020360775291919708,6.0014426708221436e-06,0.4612355419130913,163.95947265625,5813400,torch,cuda,float64,cpu
short,online,routeb_cumulative_hippo_mt64_ms64,routeb_cumulative_hippo_mt64_ms64,0,complete,runs/task1_2/online/routeb_cumulative_hippo_mt64_ms64/seed0,runs/task1_2/online/routeb_cumulative_hippo_mt64_ms64/seed0/result.json,runs/task1_2/online/routeb_cumulative_hippo_mt64_ms64/seed0/predictions.npz,,True,0.09294216974233004,-0.8527915835967367,0.9745,0.0882606724546457,5.245544724166393,0.007267951965332031,163.95947265625,202.0,,5.544090270996094,4,40,50,10,0.14014859260734044,0.010648567229509354,4,Task2,runs/task1_2/online/routeb_cumulative_hippo_mt64_ms64/seed0/blocks.csv,,0.705,0.935,0.9905,0.02418777160346508,5.8300793170928955e-06,0.46104784172465646,163.95947265625,5813400,torch,cuda,float64,cpu
short,online,routeb_cumulative_hippo_mt64_ms64,routeb_cumulative_hippo_mt64_ms64,0,complete,runs/task1_2/online/routeb_cumulative_hippo_mt64_ms64/seed0,runs/task1_2/online/routeb_cumulative_hippo_mt64_ms64/seed0/result.json,runs/task1_2/online/routeb_cumulative_hippo_mt64_ms64/seed0/predictions.npz,,True,0.07996946550279964,-0.9266805564591999,0.989,0.0882606724546457,5.245544724166393,0.007277203723788261,163.95947265625,202.0,,5.544090270996094,5,50,60,10,0.14012171242666674,0.010595589876174927,5,Task2,runs/task1_2/online/routeb_cumulative_hippo_mt64_ms64/seed0/blocks.csv,,0.7955,0.969,0.9965,0.01867109164595604,5.817040801048279e-06,0.4609594137993079,163.95947265625,5813400,torch,cuda,float64,cpu
short,online,routeb_cumulative_hippo_mt64_ms64,routeb_cumulative_hippo_mt64_ms64,0,complete,runs/task1_2/online/routeb_cumulative_hippo_mt64_ms64/seed0,runs/task1_2/online/routeb_cumulative_hippo_mt64_ms64/seed0/result.json,runs/task1_2/online/routeb_cumulative_hippo_mt64_ms64/seed0/predictions.npz,,True,0.08466935648348932,-0.8910507739441641,0.9905,0.0882606724546457,5.245544724166393,0.0072610992938280106,163.95947265625,202.0,,5.544090270996094,6,60,70,10,0.14009413527425743,0.010639999061822891,6,Task2,runs/task1_2/online/routeb_cumulative_hippo_mt64_ms64/seed0/blocks.csv,,0.735,0.96,0.9965,0.018008222803473473,5.388632416725159e-06,0.46086869304098516,163.95947265625,5813400,torch,cuda,float64,cpu
short,online,routeb_cumulative_hippo_mt64_ms64,routeb_cumulative_hippo_mt64_ms64,0,complete,runs/task1_2/online/routeb_cumulative_hippo_mt64_ms64/seed0,runs/task1_2/online/routeb_cumulative_hippo_mt64_ms64/seed0/result.json,runs/task1_2/online/routeb_cumulative_hippo_mt64_ms64/seed0/predictions.npz,,True,0.0824139321142343,-0.8911126932598925,0.9815,0.0882606724546457,5.245544724166393,0.007285496219992638,163.95947265625,202.0,,5.544090270996094,7,70,80,10,0.14007981251947574,0.010683344677090645,7,Task2,runs/task1_2/online/routeb_cumulative_hippo_mt64_ms64/seed0/blocks.csv,,0.761,0.962,0.99,0.01779983565211296,7.1320682764053345e-06,0.4608215753706839,163.95947265625,5813400,torch,cuda,float64,cpu
short,online,routeb_cumulative_hippo_mt64_ms64,routeb_cumulative_hippo_mt64_ms64,0,complete,runs/task1_2/online/routeb_cumulative_hippo_mt64_ms64/seed0,runs/task1_2/online/routeb_cumulative_hippo_mt64_ms64/seed0/result.json,runs/task1_2/online/routeb_cumulative_hippo_mt64_ms64/seed0/predictions.npz,,True,0.08475586049050328,-0.8854699051401699,0.985,0.0882606724546457,5.245544724166393,0.007286084815859795,163.95947265625,202.0,,5.544090270996094,8,80,90,10,0.1400868777997668,0.010671285912394524,8,Task2,runs/task1_2/online/routeb_cumulative_hippo_mt64_ms64/seed0/blocks.csv,,0.748,0.963,0.99,0.01760845258831978,4.367902874946594e-06,0.4608448180745081,163.95947265625,5813400,torch,cuda,float64,cpu
short,online,routeb_cumulative_hippo_mt64_ms64,routeb_cumulative_hippo_mt64_ms64,0,complete,runs/task1_2/online/routeb_cumulative_hippo_mt64_ms64/seed0,runs/task1_2/online/routeb_cumulative_hippo_mt64_ms64/seed0/result.json,runs/task1_2/online/routeb_cumulative_hippo_mt64_ms64/seed0/predictions.npz,,True,0.09034356395031498,-0.8523273085956031,0.972,0.0882606724546457,5.245544724166393,0.007529770955443382,163.95947265625,202.0,,5.544090270996094,9,90,100,10,0.1400754438421717,0.01082685962319374,9,Task2,runs/task1_2/online/routeb_cumulative_hippo_mt64_ms64/seed0/blocks.csv,,0.7595,0.9425,0.984,0.019200943410396576,3.7048012018203735e-06,0.46080720370126677,163.95947265625,5813400,torch,cuda,float64,cpu
short,online,routeb_cumulative_hippo_mt64_ms64,routeb_cumulative_hippo_mt64_ms64,0,complete,runs/task1_2/online/routeb_cumulative_hippo_mt64_ms64/seed0,runs/task1_2/online/routeb_cumulative_hippo_mt64_ms64/seed0/result.json,runs/task1_2/online/routeb_cumulative_hippo_mt64_ms64/seed0/predictions.npz,,True,0.07994501899492508,-0.9199101637639154,0.9845,0.0882606724546457,5.245544724166393,0.007420612499117851,163.95947265625,202.0,,5.544090270996094,10,100,110,10,0.14007010178591114,0.010762488469481468,10,Task2,runs/task1_2/online/routeb_cumulative_hippo_mt64_ms64/seed0/blocks.csv,,0.817,0.9635,0.9935,0.021045761182904243,5.161389708518982e-06,0.46078962990003547,163.95947265625,5813400,torch,cuda,float64,cpu
short,online,routeb_cumulative_hippo_mt64_ms64,routeb_cumulative_hippo_mt64_ms64,0,complete,runs/task1_2/online/routeb_cumulative_hippo_mt64_ms64/seed0,runs/task1_2/online/routeb_cumulative_hippo_mt64_ms64/seed0/result.json,runs/task1_2/online/routeb_cumulative_hippo_mt64_ms64/seed0/predictions.npz,,True,0.1086782010082464,-0.740162313568714,0.9495,0.0882606724546457,5.245544724166393,0.0071768853813409805,163.95947265625,202.0,,5.544090270996094,11,110,120,10,0.1400724636520274,0.010487737134099007,11,Task2,runs/task1_2/online/routeb_cumulative_hippo_mt64_ms64/seed0/blocks.csv,,0.643,0.8875,0.9745,0.020187802612781525,5.338340997695923e-06,0.46079739974813105,163.95947265625,5813400,torch,cuda,float64,cpu
short,online,routeb_cumulative_hippo_mt64_ms64,routeb_cumulative_hippo_mt64_ms64,0,complete,runs/task1_2/online/routeb_cumulative_hippo_mt64_ms64/seed0,runs/task1_2/online/routeb_cumulative_hippo_mt64_ms64/seed0/result.json,runs/task1_2/online/routeb_cumulative_hippo_mt64_ms64/seed0/predictions.npz,,True,0.12657310059479795,-0.6493164232436499,0.9205,0.0882606724546457,5.245544724166393,0.007163913920521736,163.95947265625,202.0,,5.544090270996094,12,120,130,10,0.14007612953460438,0.010456651449203491,12,Task2,runs/task1_2/online/routeb_cumulative_hippo_mt64_ms64/seed0/blocks.csv,,0.5655,0.8365,0.9585,0.018620451912283897,4.7050416469573975e-06,0.46080945942863655,163.95947265625,5813400,torch,cuda,float64,cpu
short,online,routeb_cumulative_hippo_mt64_ms64,routeb_cumulative_hippo_mt64_ms64,0,complete,runs/task1_2/online/routeb_cumulative_hippo_mt64_ms64/seed0,runs/task1_2/online/routeb_cumulative_hippo_mt64_ms64/seed0/result.json,runs/task1_2/online/routeb_cumulative_hippo_mt64_ms64/seed0/predictions.npz,,True,0.12870817062757814,-0.6284455044873611,0.9205,0.0882606724546457,5.245544724166393,0.007229719310998917,163.95947265625,202.0,,5.544090270996094,13,130,140,10,0.14006049964794073,0.010435115545988083,13,Task2,runs/task1_2/online/routeb_cumulative_hippo_mt64_ms64/seed0/blocks.csv,,0.571,0.8465,0.952,0.019442636519670486,3.946945071220398e-06,0.46075804167710144,163.95947265625,5813400,torch,cuda,float64,cpu
short,online,routeb_cumulative_hippo_mt64_ms64,routeb_cumulative_hippo_mt64_ms64,0,complete,runs/task1_2/online/routeb_cumulative_hippo_mt64_ms64/seed0,runs/task1_2/online/routeb_cumulative_hippo_mt64_ms64/seed0/result.json,runs/task1_2/online/routeb_cumulative_hippo_mt64_ms64/seed0/predictions.npz,,True,0.10708538359748244,-0.7696024941124288,0.9555,0.0882606724546457,5.245544724166393,0.007214551791548729,163.95947265625,202.0,,5.544090270996094,14,140,150,10,0.14006130424961874,0.01046358048915863,14,Task2,runs/task1_2/online/routeb_cumulative_hippo_mt64_ms64/seed0/blocks.csv,,0.641,0.9135,0.9765,0.020875025540590286,4.887580871582031e-06,0.46076068858107805,163.95947265625,5813400,torch,cuda,float64,cpu
short,online,routeb_cumulative_hippo_mt64_ms64,routeb_cumulative_hippo_mt64_ms64,0,complete,runs/task1_2/online/routeb_cumulative_hippo_mt64_ms64/seed0,runs/task1_2/online/routeb_cumulative_hippo_mt64_ms64/seed0/result.json,runs/task1_2/online/routeb_cumulative_hippo_mt64_ms64/seed0/predictions.npz,,True,0.11867942013856837,-0.6897685747392457,0.9425,0.0882606724546457,5.245544724166393,0.007202431559562683,163.95947265625,202.0,,5.544090270996094,15,150,160,10,0.1400477621567607,0.010491747409105301,15,Task2,runs/task1_2/online/routeb_cumulative_hippo_mt64_ms64/seed0/blocks.csv,,0.575,0.88,0.9695,0.02148294635117054,4.507601261138916e-06,0.46071613905997,163.95947265625,5813400,torch,cuda,float64,cpu
short,online,routeb_cumulative_hippo_mt64_ms64,routeb_cumulative_hippo_mt64_ms64,0,complete,runs/task1_2/online/routeb_cumulative_hippo_mt64_ms64/seed0,runs/task1_2/online/routeb_cumulative_hippo_mt64_ms64/seed0/result.json,runs/task1_2/online/routeb_cumulative_hippo_mt64_ms64/seed0/predictions.npz,,True,0.10768347760732477,-0.7572912572947685,0.943,0.0882606724546457,5.245544724166393,0.007179532200098038,163.95947265625,202.0,,5.544090270996094,16,160,170,10,0.14003447920479506,0.01046757958829403,16,Task2,runs/task1_2/online/routeb_cumulative_hippo_mt64_ms64/seed0/blocks.csv,,0.648,0.89,0.9725,0.020220356062054634,4.664063453674316e-06,0.4606724420365353,163.95947265625,5813400,torch,cuda,float64,cpu
short,online,routeb_cumulative_hippo_mt64_ms64,routeb_cumulative_hippo_mt64_ms64,0,complete,runs/task1_2/online/routeb_cumulative_hippo_mt64_ms64/seed0,runs/task1_2/online/routeb_cumulative_hippo_mt64_ms64/seed0/result.json,runs/task1_2/online/routeb_cumulative_hippo_mt64_ms64/seed0/predictions.npz,,True,0.09475606075284304,-0.8445388749672502,0.9765,0.0882606724546457,5.245544724166393,0.007356956601142883,163.95947265625,202.0,,5.544090270996094,17,170,180,10,0.1400221973862535,0.010719871148467064,17,Task2,runs/task1_2/online/routeb_cumulative_hippo_mt64_ms64/seed0/blocks.csv,,0.7095,0.934,0.991,0.02543766051530838,4.6622008085250854e-06,0.460632038448988,163.95947265625,5813400,torch,cuda,float64,cpu
short,online,routeb_cumulative_hippo_mt64_ms64,routeb_cumulative_hippo_mt64_ms64,0,complete,runs/task1_2/online/routeb_cumulative_hippo_mt64_ms64/seed0,runs/task1_2/online/routeb_cumulative_hippo_mt64_ms64/seed0/result.json,runs/task1_2/online/routeb_cumulative_hippo_mt64_ms64/seed0/predictions.npz,,True,0.0882606724546457,-0.8588602706709344,0.98,0.0882606724546457,5.245544724166393,0.006281448528170586,163.95947265625,202.0,,5.544090270996094,18,180,186,6,0.14010979830319314,0.009935479611158371,18,Task2,runs/task1_2/online/routeb_cumulative_hippo_mt64_ms64/seed0/blocks.csv,,0.7241666666666666,0.9483333333333334,0.9908333333333333,0.020206749439239502,5.299225449562073e-06,0.460920219820893,163.95947265625,5813400,torch,cuda,float64,cpu
short,online,routeb_cumulative_hippo_mt64_ms64,routeb_cumulative_hippo_mt64_ms64,1,complete,runs/task1_2/online/routeb_cumulative_hippo_mt64_ms64/seed1,runs/task1_2/online/routeb_cumulative_hippo_mt64_ms64/seed1/result.json,runs/task1_2/online/routeb_cumulative_hippo_mt64_ms64/seed1/predictions.npz,,True,0.07761829272909518,-0.9671066156429954,0.9895,0.09408415772606339,5.154209520667791,0.09157623164355755,163.95947265625,202.0,,5.544090270996094,0,0,10,10,0.13920308722585373,0.046771593391895294,0,Task2,runs/task1_2/online/routeb_cumulative_hippo_mt64_ms64/seed1/blocks.csv,,0.8535,0.974,0.9945,0.10550212487578392,2.646273221820593,0.4579374058125752,163.92822265625,5813400,torch,cuda,float64,cpu
short,online,routeb_cumulative_hippo_mt64_ms64,routeb_cumulative_hippo_mt64_ms64,1,complete,runs/task1_2/online/routeb_cumulative_hippo_mt64_ms64/seed1,runs/task1_2/online/routeb_cumulative_hippo_mt64_ms64/seed1/result.json,runs/task1_2/online/routeb_cumulative_hippo_mt64_ms64/seed1/predictions.npz,,True,0.09510755471621149,-0.913698420855156,0.977,0.09408415772606339,5.154209520667791,0.007679177448153496,163.95947265625,202.0,,5.544090270996094,1,10,20,10,0.1390176493824777,0.010781679302453995,1,Task2,runs/task1_2/online/routeb_cumulative_hippo_mt64_ms64/seed1/blocks.csv,,0.7865,0.9505,0.9895,0.023243971168994904,7.854774594306946e-06,0.45732736959407305,163.95947265625,5813400,torch,cuda,float64,cpu
short,online,routeb_cumulative_hippo_mt64_ms64,routeb_cumulative_hippo_mt64_ms64,1,complete,runs/task1_2/online/routeb_cumulative_hippo_mt64_ms64/seed1,runs/task1_2/online/routeb_cumulative_hippo_mt64_ms64/seed1/result.json,runs/task1_2/online/routeb_cumulative_hippo_mt64_ms64/seed1/predictions.npz,,True,0.11149041940692932,-0.8014476621281761,0.958,0.09408415772606339,5.154209520667791,0.007267573848366737,163.95947265625,202.0,,5.544090270996094,2,20,30,10,0.13894258536714157,0.010635532438755035,2,Task2,runs/task1_2/online/routeb_cumulative_hippo_mt64_ms64/seed1/blocks.csv,,0.685,0.906,0.9755,0.01770501770079136,7.1767717599868774e-06,0.4570804309583147,163.95947265625,5813400,torch,cuda,float64,cpu
short,online,routeb_cumulative_hippo_mt64_ms64,routeb_cumulative_hippo_mt64_ms64,1,complete,runs/task1_2/online/routeb_cumulative_hippo_mt64_ms64/seed1,runs/task1_2/online/routeb_cumulative_hippo_mt64_ms64/seed1/result.json,runs/task1_2/online/routeb_cumulative_hippo_mt64_ms64/seed1/predictions.npz,,True,0.11033046142339627,-0.8027031312088662,0.952,0.09408415772606339,5.154209520667791,0.007328609004616737,163.95947265625,202.0,,5.544090270996094,3,30,40,10,0.13890113542635488,0.010704435408115387,3,Task2,runs/task1_2/online/routeb_cumulative_hippo_mt64_ms64/seed1/blocks.csv,,0.721,0.902,0.9725,0.015034925192594528,6.254762411117554e-06,0.4569440727874349,163.95947265625,5813400,torch,cuda,float64,cpu
short,online,routeb_cumulative_hippo_mt64_ms64,routeb_cumulative_hippo_mt64_ms64,1,complete,runs/task1_2/online/routeb_cumulative_hippo_mt64_ms64/seed1,runs/task1_2/online/routeb_cumulative_hippo_mt64_ms64/seed1/result.json,runs/task1_2/online/routeb_cumulative_hippo_mt64_ms64/seed1/predictions.npz,,True,0.1011639403895438,-0.8570705986522253,0.976,0.09408415772606339,5.154209520667791,0.007291179150342941,163.95947265625,202.0,,5.544090270996094,4,40,50,10,0.1388421423306225,0.010639183223247528,4,Task2,runs/task1_2/online/routeb_cumulative_hippo_mt64_ms64/seed1/blocks.csv,,0.687,0.9375,0.99,0.014201683923602104,6.375834345817566e-06,0.45675000277247396,163.95947265625,5813400,torch,cuda,float64,cpu
short,online,routeb_cumulative_hippo_mt64_ms64,routeb_cumulative_hippo_mt64_ms64,1,complete,runs/task1_2/online/routeb_cumulative_hippo_mt64_ms64/seed1,runs/task1_2/online/routeb_cumulative_hippo_mt64_ms64/seed1/result.json,runs/task1_2/online/routeb_cumulative_hippo_mt64_ms64/seed1/predictions.npz,,True,0.0729283605361449,-0.9613977955219558,0.994,0.09408415772606339,5.154209520667791,0.0072832368314266205,163.95947265625,202.0,,5.544090270996094,5,50,60,10,0.13881413401027334,0.010647190734744072,5,Task2,runs/task1_2/online/routeb_cumulative_hippo_mt64_ms64/seed1/blocks.csv,,0.813,0.9795,0.999,0.014182310551404953,5.068257451057434e-06,0.4566578635978516,163.95947265625,5813400,torch,cuda,float64,cpu
short,online,routeb_cumulative_hippo_mt64_ms64,routeb_cumulative_hippo_mt64_ms64,1,complete,runs/task1_2/online/routeb_cumulative_hippo_mt64_ms64/seed1,runs/task1_2/online/routeb_cumulative_hippo_mt64_ms64/seed1/result.json,runs/task1_2/online/routeb_cumulative_hippo_mt64_ms64/seed1/predictions.npz,,True,0.08354700148486863,-0.9093109373058531,0.99,0.09408415772606339,5.154209520667791,0.007279533892869949,163.95947265625,202.0,,5.544090270996094,6,60,70,10,0.13878721548415898,0.010642606765031815,6,Task2,runs/task1_2/online/routeb_cumulative_hippo_mt64_ms64/seed1/blocks.csv,,0.7495,0.9535,0.998,0.013810787349939346,4.667788743972778e-06,0.4565693095272289,163.95947265625,5813400,torch,cuda,float64,cpu
short,online,routeb_cumulative_hippo_mt64_ms64,routeb_cumulative_hippo_mt64_ms64,1,complete,runs/task1_2/online/routeb_cumulative_hippo_mt64_ms64/seed1,runs/task1_2/online/routeb_cumulative_hippo_mt64_ms64/seed1/result.json,runs/task1_2/online/routeb_cumulative_hippo_mt64_ms64/seed1/predictions.npz,,True,0.0860653276151674,-0.8960829875315689,0.982,0.09408415772606339,5.154209520667791,0.007297741249203682,163.95947265625,202.0,,5.544090270996094,7,70,80,10,0.1387723185506695,0.010693300515413284,7,Task2,runs/task1_2/online/routeb_cumulative_hippo_mt64_ms64/seed1/blocks.csv,,0.734,0.954,0.994,0.014246080070734024,7.37607479095459e-06,0.4565203029770676,163.95947265625,5813400,torch,cuda,float64,cpu
short,online,routeb_cumulative_hippo_mt64_ms64,routeb_cumulative_hippo_mt64_ms64,1,complete,runs/task1_2/online/routeb_cumulative_hippo_mt64_ms64/seed1,runs/task1_2/online/routeb_cumulative_hippo_mt64_ms64/seed1/result.json,runs/task1_2/online/routeb_cumulative_hippo_mt64_ms64/seed1/predictions.npz,,True,0.08643226243374956,-0.888879244357802,0.9805,0.09408415772606339,5.154209520667791,0.007316878065466881,163.95947265625,202.0,,5.544090270996094,8,80,90,10,0.1387806412541764,0.010653818026185036,8,Task2,runs/task1_2/online/routeb_cumulative_hippo_mt64_ms64/seed1/blocks.csv,,0.7435,0.954,0.9885,0.015371287241578102,4.524365067481995e-06,0.45654768223516634,163.95947265625,5813400,torch,cuda,float64,cpu
short,online,routeb_cumulative_hippo_mt64_ms64,routeb_cumulative_hippo_mt64_ms64,1,complete,runs/task1_2/online/routeb_cumulative_hippo_mt64_ms64/seed1,runs/task1_2/online/routeb_cumulative_hippo_mt64_ms64/seed1/result.json,runs/task1_2/online/routeb_cumulative_hippo_mt64_ms64/seed1/predictions.npz,,True,0.10417038657934274,-0.8284360757050769,0.963,0.09408415772606339,5.154209520667791,0.007354672998189926,163.95947265625,202.0,,5.544090270996094,9,90,100,10,0.13876665182842823,0.010737931355834007,9,Task2,runs/task1_2/online/routeb_cumulative_hippo_mt64_ms64/seed1/blocks.csv,,0.692,0.915,0.9835,0.015363872051239014,4.49642539024353e-06,0.45650166111980467,163.95947265625,5813400,torch,cuda,float64,cpu
short,online,routeb_cumulative_hippo_mt64_ms64,routeb_cumulative_hippo_mt64_ms64,1,complete,runs/task1_2/online/routeb_cumulative_hippo_mt64_ms64/seed1,runs/task1_2/online/routeb_cumulative_hippo_mt64_ms64/seed1/result.json,runs/task1_2/online/routeb_cumulative_hippo_mt64_ms64/seed1/predictions.npz,,True,0.08815314562582098,-0.905683167283219,0.9815,0.09408415772606339,5.154209520667791,0.007079433649778366,163.95947265625,202.0,,5.544090270996094,10,100,110,10,0.13876127100776217,0.010147659108042717,10,Task2,runs/task1_2/online/routeb_cumulative_hippo_mt64_ms64/seed1/blocks.csv,,0.7645,0.952,0.991,0.01668272353708744,4.734843969345093e-06,0.4564839597950274,163.95947265625,5813400,torch,cuda,float64,cpu
short,online,routeb_cumulative_hippo_mt64_ms64,routeb_cumulative_hippo_mt64_ms64,1,complete,runs/task1_2/online/routeb_cumulative_hippo_mt64_ms64/seed1,runs/task1_2/online/routeb_cumulative_hippo_mt64_ms64/seed1/result.json,runs/task1_2/online/routeb_cumulative_hippo_mt64_ms64/seed1/predictions.npz,,True,0.11347970497260233,-0.7089108118061553,0.9285,0.09408415772606339,5.154209520667791,0.007030688226222992,163.95947265625,202.0,,5.544090270996094,11,110,120,10,0.13876367958590738,0.010061275213956833,11,Task2,runs/task1_2/online/routeb_cumulative_hippo_mt64_ms64/seed1/blocks.csv,,0.62,0.8605,0.9625,0.016958801075816154,5.902722477912903e-06,0.4564918833120234,163.95947265625,5813400,torch,cuda,float64,cpu
short,online,routeb_cumulative_hippo_mt64_ms64,routeb_cumulative_hippo_mt64_ms64,1,complete,runs/task1_2/online/routeb_cumulative_hippo_mt64_ms64/seed1,runs/task1_2/online/routeb_cumulative_hippo_mt64_ms64/seed1/result.json,runs/task1_2/online/routeb_cumulative_hippo_mt64_ms64/seed1/predictions.npz,,True,0.14134572155499062,-0.5153625427154187,0.892,0.09408415772606339,5.154209520667791,0.006920689716935158,163.95947265625,202.0,,5.544090270996094,12,120,130,10,0.13876759850056944,0.010035455226898193,12,Task2,runs/task1_2/online/routeb_cumulative_hippo_mt64_ms64/seed1/blocks.csv,,0.5345,0.8,0.929,0.01708991639316082,5.921348929405212e-06,0.45650477539401463,163.95947265625,5813400,torch,cuda,float64,cpu
short,online,routeb_cumulative_hippo_mt64_ms64,routeb_cumulative_hippo_mt64_ms64,1,complete,runs/task1_2/online/routeb_cumulative_hippo_mt64_ms64/seed1,runs/task1_2/online/routeb_cumulative_hippo_mt64_ms64/seed1/result.json,runs/task1_2/online/routeb_cumulative_hippo_mt64_ms64/seed1/predictions.npz,,True,0.13646633589107154,-0.5823715682871085,0.9055,0.09408415772606339,5.154209520667791,0.0069658514112234116,163.95947265625,202.0,,5.544090270996094,13,130,140,10,0.1387516314914684,0.010110778734087944,13,Task2,runs/task1_2/online/routeb_cumulative_hippo_mt64_ms64/seed1/blocks.csv,,0.5395,0.827,0.948,0.01631605066359043,5.168840289115906e-06,0.4564522486083519,163.95947265625,5813400,torch,cuda,float64,cpu
short,online,routeb_cumulative_hippo_mt64_ms64,routeb_cumulative_hippo_mt64_ms64,1,complete,runs/task1_2/online/routeb_cumulative_hippo_mt64_ms64/seed1,runs/task1_2/online/routeb_cumulative_hippo_mt64_ms64/seed1/result.json,runs/task1_2/online/routeb_cumulative_hippo_mt64_ms64/seed1/predictions.npz,,True,0.10951706003366006,-0.7791814943217101,0.9585,0.09408415772606339,5.154209520667791,0.006929973140358925,163.95947265625,202.0,,5.544090270996094,14,140,150,10,0.13874976849209286,0.0100521519780159,14,Task2,runs/task1_2/online/routeb_cumulative_hippo_mt64_ms64/seed1/blocks.csv,,0.6365,0.8945,0.981,0.016634520143270493,5.653128027915955e-06,0.45644611988579215,163.95947265625,5813400,torch,cuda,float64,cpu
short,online,routeb_cumulative_hippo_mt64_ms64,routeb_cumulative_hippo_mt64_ms64,1,complete,runs/task1_2/online/routeb_cumulative_hippo_mt64_ms64/seed1,runs/task1_2/online/routeb_cumulative_hippo_mt64_ms64/seed1/result.json,runs/task1_2/online/routeb_cumulative_hippo_mt64_ms64/seed1/predictions.npz,,True,0.12611584407597232,-0.6499713456270977,0.925,0.09408415772606339,5.154209520667791,0.006956286728382111,163.95947265625,202.0,,5.544090270996094,15,150,160,10,0.1387373802652941,0.010043280199170113,15,Task2,runs/task1_2/online/routeb_cumulative_hippo_mt64_ms64/seed1/blocks.csv,,0.593,0.852,0.9535,0.01640871912240982,5.19677996635437e-06,0.4564053662462293,163.95947265625,5813400,torch,cuda,float64,cpu
short,online,routeb_cumulative_hippo_mt64_ms64,routeb_cumulative_hippo_mt64_ms64,1,complete,runs/task1_2/online/routeb_cumulative_hippo_mt64_ms64/seed1,runs/task1_2/online/routeb_cumulative_hippo_mt64_ms64/seed1/result.json,runs/task1_2/online/routeb_cumulative_hippo_mt64_ms64/seed1/predictions.npz,,True,0.11069658704214332,-0.753888898702282,0.9425,0.09408415772606339,5.154209520667791,0.0068909600377082825,163.95947265625,202.0,,5.544090270996094,16,160,170,10,0.13872381601879064,0.01002931036055088,16,Task2,runs/task1_2/online/routeb_cumulative_hippo_mt64_ms64/seed1/blocks.csv,,0.615,0.877,0.9675,0.016203317791223526,5.168840289115906e-06,0.456360743846113,163.95947265625,5813400,torch,cuda,float64,cpu
short,online,routeb_cumulative_hippo_mt64_ms64,routeb_cumulative_hippo_mt64_ms64,1,complete,runs/task1_2/online/routeb_cumulative_hippo_mt64_ms64/seed1,runs/task1_2/online/routeb_cumulative_hippo_mt64_ms64/seed1/result.json,runs/task1_2/online/routeb_cumulative_hippo_mt64_ms64/seed1/predictions.npz,,True,0.09323346842654796,-0.8609305165725699,0.9725,0.09408415772606339,5.154209520667791,0.006888469681143761,163.95947265625,202.0,,5.544090270996094,17,170,180,10,0.13871192816418965,0.010032935068011284,17,Task2,runs/task1_2/online/routeb_cumulative_hippo_mt64_ms64/seed1/blocks.csv,,0.7015,0.925,0.993,0.016840264201164246,4.6510249376297e-06,0.45632163628459893,163.95947265625,5813400,torch,cuda,float64,cpu
short,online,routeb_cumulative_hippo_mt64_ms64,routeb_cumulative_hippo_mt64_ms64,1,complete,runs/task1_2/online/routeb_cumulative_hippo_mt64_ms64/seed1,runs/task1_2/online/routeb_cumulative_hippo_mt64_ms64/seed1/result.json,runs/task1_2/online/routeb_cumulative_hippo_mt64_ms64/seed1/predictions.npz,,True,0.09408415772606339,-0.8464062092682488,0.97,0.09408415772606339,5.154209520667791,0.005969110876321793,163.95947265625,202.0,,5.544090270996094,18,180,186,6,0.13880005788917116,0.009534429758787155,18,Task2,runs/task1_2/online/routeb_cumulative_hippo_mt64_ms64/seed1/blocks.csv,,0.6983333333333334,0.9316666666666666,0.9825,0.014982661232352257,5.120411515235901e-06,0.4566115572801549,163.95947265625,5813400,torch,cuda,float64,cpu
short,online,routeb_cumulative_hippo_mt64_ms64,routeb_cumulative_hippo_mt64_ms64,2,complete,runs/task1_2/online/routeb_cumulative_hippo_mt64_ms64/seed2,runs/task1_2/online/routeb_cumulative_hippo_mt64_ms64/seed2/result.json,runs/task1_2/online/routeb_cumulative_hippo_mt64_ms64/seed2/predictions.npz,,True,0.06627153714810559,-0.9693278050793468,0.995,0.08774694071736636,5.398967487737536,0.11073124408721924,163.95947265625,202.0,,5.544090270996094,0,0,10,10,0.13908330371117275,0.05575425550341606,0,Task2,runs/task1_2/online/routeb_cumulative_hippo_mt64_ms64/seed2/blocks.csv,,0.8385,0.9815,0.999,0.06480866111814976,2.8670435193926096,0.45754335311543126,163.92822265625,5813400,torch,cuda,float64,cpu
short,online,routeb_cumulative_hippo_mt64_ms64,routeb_cumulative_hippo_mt64_ms64,2,complete,runs/task1_2/online/routeb_cumulative_hippo_mt64_ms64/seed2,runs/task1_2/online/routeb_cumulative_hippo_mt64_ms64/seed2/result.json,runs/task1_2/online/routeb_cumulative_hippo_mt64_ms64/seed2/predictions.npz,,True,0.08574175082862351,-0.9081473627871348,0.989,0.08774694071736636,5.398967487737536,0.007669910788536072,163.95947265625,202.0,,5.544090270996094,1,10,20,10,0.13889158431525,0.010970832780003548,1,Task2,runs/task1_2/online/routeb_cumulative_hippo_mt64_ms64/seed2/blocks.csv,,0.7605,0.9565,0.996,0.025543106719851494,8.514150977134705e-06,0.4569126524279504,163.95947265625,5813400,torch,cuda,float64,cpu
short,online,routeb_cumulative_hippo_mt64_ms64,routeb_cumulative_hippo_mt64_ms64,2,complete,runs/task1_2/online/routeb_cumulative_hippo_mt64_ms64/seed2,runs/task1_2/online/routeb_cumulative_hippo_mt64_ms64/seed2/result.json,runs/task1_2/online/routeb_cumulative_hippo_mt64_ms64/seed2/predictions.npz,,True,0.1088078965538602,-0.8097170116476746,0.96,0.08774694071736636,5.398967487737536,0.007324732840061188,163.95947265625,202.0,,5.544090270996094,2,20,30,10,0.13882201959410329,0.011173773556947708,2,Task2,runs/task1_2/online/routeb_cumulative_hippo_mt64_ms64/seed2/blocks.csv,,0.712,0.9155,0.977,0.019530346617102623,7.0426613092422485e-06,0.4566838048601783,163.95947265625,5813400,torch,cuda,float64,cpu
short,online,routeb_cumulative_hippo_mt64_ms64,routeb_cumulative_hippo_mt64_ms64,2,complete,runs/task1_2/online/routeb_cumulative_hippo_mt64_ms64/seed2,runs/task1_2/online/routeb_cumulative_hippo_mt64_ms64/seed2/result.json,runs/task1_2/online/routeb_cumulative_hippo_mt64_ms64/seed2/predictions.npz,,True,0.10243100870464696,-0.8351475476251862,0.958,0.08774694071736636,5.398967487737536,0.007445767521858215,163.95947265625,202.0,,5.544090270996094,3,30,40,10,0.13878108946844983,0.010672487318515778,3,Task2,runs/task1_2/online/routeb_cumulative_hippo_mt64_ms64/seed2/blocks.csv,,0.7385,0.924,0.9735,0.01550772413611412,6.105750799179077e-06,0.45654915672891294,163.95947265625,5813400,torch,cuda,float64,cpu
short,online,routeb_cumulative_hippo_mt64_ms64,routeb_cumulative_hippo_mt64_ms64,2,complete,runs/task1_2/online/routeb_cumulative_hippo_mt64_ms64/seed2,runs/task1_2/online/routeb_cumulative_hippo_mt64_ms64/seed2/result.json,runs/task1_2/online/routeb_cumulative_hippo_mt64_ms64/seed2/predictions.npz,,True,0.0968943645673402,-0.8410780218770142,0.975,0.08774694071736636,5.398967487737536,0.007342815399169922,163.95947265625,202.0,,5.544090270996094,4,40,50,10,0.13871893014542627,0.010966701433062553,4,Task2,runs/task1_2/online/routeb_cumulative_hippo_mt64_ms64/seed2/blocks.csv,,0.6765,0.928,0.991,0.016224797815084457,5.990266799926758e-06,0.4563446707530646,163.95947265625,5813400,torch,cuda,float64,cpu
short,online,routeb_cumulative_hippo_mt64_ms64,routeb_cumulative_hippo_mt64_ms64,2,complete,runs/task1_2/online/routeb_cumulative_hippo_mt64_ms64/seed2,runs/task1_2/online/routeb_cumulative_hippo_mt64_ms64/seed2/result.json,runs/task1_2/online/routeb_cumulative_hippo_mt64_ms64/seed2/predictions.npz,,True,0.08270645234152228,-0.9207842266176803,0.983,0.08774694071736636,5.398967487737536,0.007342685014009476,163.95947265625,202.0,,5.544090270996094,5,50,60,10,0.13869209536641727,0.010680131614208221,5,Task2,runs/task1_2/online/routeb_cumulative_hippo_mt64_ms64/seed2/blocks.csv,,0.779,0.958,0.9955,0.014557167887687683,5.798414349555969e-06,0.45625639218590197,163.95947265625,5813400,torch,cuda,float64,cpu
short,online,routeb_cumulative_hippo_mt64_ms64,routeb_cumulative_hippo_mt64_ms64,2,complete,runs/task1_2/online/routeb_cumulative_hippo_mt64_ms64/seed2,runs/task1_2/online/routeb_cumulative_hippo_mt64_ms64/seed2/result.json,runs/task1_2/online/routeb_cumulative_hippo_mt64_ms64/seed2/predictions.npz,,True,0.08937849094413906,-0.872535140218243,0.981,0.08774694071736636,5.398967487737536,0.007502689957618713,163.95947265625,202.0,,5.544090270996094,6,60,70,10,0.13866508283969112,0.010868389159440994,6,Task2,runs/task1_2/online/routeb_cumulative_hippo_mt64_ms64/seed2/blocks.csv,,0.715,0.939,0.9935,0.016667598858475685,6.0014426708221436e-06,0.4561675288807846,163.95947265625,5813400,torch,cuda,float64,cpu
short,online,routeb_cumulative_hippo_mt64_ms64,routeb_cumulative_hippo_mt64_ms64,2,complete,runs/task1_2/online/routeb_cumulative_hippo_mt64_ms64/seed2,runs/task1_2/online/routeb_cumulative_hippo_mt64_ms64/seed2/result.json,runs/task1_2/online/routeb_cumulative_hippo_mt64_ms64/seed2/predictions.npz,,True,0.08855578156062006,-0.8983230160127039,0.984,0.08774694071736636,5.398967487737536,0.0074653420597314835,163.95947265625,202.0,,5.544090270996094,7,70,80,10,0.13865071565986561,0.010907815769314766,7,Task2,runs/task1_2/online/routeb_cumulative_hippo_mt64_ms64/seed2/blocks.csv,,0.7415,0.958,0.9935,0.016917109489440918,8.637085556983948e-06,0.4561202650650945,163.95947265625,5813400,torch,cuda,float64,cpu
short,online,routeb_cumulative_hippo_mt64_ms64,routeb_cumulative_hippo_mt64_ms64,2,complete,runs/task1_2/online/routeb_cumulative_hippo_mt64_ms64/seed2,runs/task1_2/online/routeb_cumulative_hippo_mt64_ms64/seed2/result.json,runs/task1_2/online/routeb_cumulative_hippo_mt64_ms64/seed2/predictions.npz,,True,0.08753669857147024,-0.8861413348839133,0.9805,0.08774694071736636,5.398967487737536,0.006890034303069115,163.95947265625,202.0,,5.544090270996094,8,80,90,10,0.13866009635104304,0.010778479278087616,8,Task2,runs/task1_2/online/routeb_cumulative_hippo_mt64_ms64/seed2/blocks.csv,,0.735,0.955,0.994,0.017001084983348846,5.0086528062820435e-06,0.4561511247929075,163.95947265625,5813400,torch,cuda,float64,cpu
short,online,routeb_cumulative_hippo_mt64_ms64,routeb_cumulative_hippo_mt64_ms64,2,complete,runs/task1_2/online/routeb_cumulative_hippo_mt64_ms64/seed2,runs/task1_2/online/routeb_cumulative_hippo_mt64_ms64/seed2/result.json,runs/task1_2/online/routeb_cumulative_hippo_mt64_ms64/seed2/predictions.npz,,True,0.09433433457827098,-0.8611757275007121,0.9775,0.08774694071736636,5.398967487737536,0.0069484468549489975,163.95947265625,202.0,,5.544090270996094,9,90,100,10,0.13864649289046566,0.010084731504321098,9,Task2,runs/task1_2/online/routeb_cumulative_hippo_mt64_ms64/seed2/blocks.csv,,0.7115,0.9365,0.991,0.015319392085075378,4.837289452552795e-06,0.4561063733899678,163.95947265625,5813400,torch,cuda,float64,cpu
short,online,routeb_cumulative_hippo_mt64_ms64,routeb_cumulative_hippo_mt64_ms64,2,complete,runs/task1_2/online/routeb_cumulative_hippo_mt64_ms64/seed2,runs/task1_2/online/routeb_cumulative_hippo_mt64_ms64/seed2/result.json,runs/task1_2/online/routeb_cumulative_hippo_mt64_ms64/seed2/predictions.npz,,True,0.07706331760976004,-0.9228141008239227,0.99,0.08774694071736636,5.398967487737536,0.0069052595645189285,163.95947265625,202.0,,5.544090270996094,10,100,110,10,0.13864111458473843,0.01006537489593029,10,Task2,runs/task1_2/online/routeb_cumulative_hippo_mt64_ms64/seed2/blocks.csv,,0.767,0.9645,0.996,0.015118498355150223,4.604458808898926e-06,0.4560886803386033,163.95947265625,5813400,torch,cuda,float64,cpu
short,online,routeb_cumulative_hippo_mt64_ms64,routeb_cumulative_hippo_mt64_ms64,2,complete,runs/task1_2/online/routeb_cumulative_hippo_mt64_ms64/seed2,runs/task1_2/online/routeb_cumulative_hippo_mt64_ms64/seed2/result.json,runs/task1_2/online/routeb_cumulative_hippo_mt64_ms64/seed2/predictions.npz,,True,0.1092253548296271,-0.7224443680431544,0.94,0.08774694071736636,5.398967487737536,0.0069655925035476685,163.95947265625,202.0,,5.544090270996094,11,110,120,10,0.1386436386084565,0.010093316435813904,11,Task2,runs/task1_2/online/routeb_cumulative_hippo_mt64_ms64/seed2/blocks.csv,,0.622,0.8785,0.9675,0.01537122018635273,4.416331648826599e-06,0.4560969836377376,163.95947265625,5813400,torch,cuda,float64,cpu
short,online,routeb_cumulative_hippo_mt64_ms64,routeb_cumulative_hippo_mt64_ms64,2,complete,runs/task1_2/online/routeb_cumulative_hippo_mt64_ms64/seed2,runs/task1_2/online/routeb_cumulative_hippo_mt64_ms64/seed2/result.json,runs/task1_2/online/routeb_cumulative_hippo_mt64_ms64/seed2/predictions.npz,,True,0.13627263169228415,-0.5767098167700462,0.8985,0.08774694071736636,5.398967487737536,0.006915591657161713,163.95947265625,202.0,,5.544090270996094,12,120,130,10,0.1386472383618766,0.01005578599870205,12,Task2,runs/task1_2/online/routeb_cumulative_hippo_mt64_ms64/seed2/blocks.csv,,0.5385,0.819,0.943,0.01571730151772499,4.040077328681946e-06,0.4561088257726761,163.95947265625,5813400,torch,cuda,float64,cpu
short,online,routeb_cumulative_hippo_mt64_ms64,routeb_cumulative_hippo_mt64_ms64,2,complete,runs/task1_2/online/routeb_cumulative_hippo_mt64_ms64/seed2,runs/task1_2/online/routeb_cumulative_hippo_mt64_ms64/seed2/result.json,runs/task1_2/online/routeb_cumulative_hippo_mt64_ms64/seed2/predictions.npz,,True,0.12911795729643566,-0.6307008479764231,0.8995,0.08774694071736636,5.398967487737536,0.006937367841601372,163.95947265625,202.0,,5.544090270996094,13,130,140,10,0.1386314391318999,0.010071000084280968,13,Task2,runs/task1_2/online/routeb_cumulative_hippo_mt64_ms64/seed2/blocks.csv,,0.5645,0.8305,0.9435,0.01521727442741394,3.889203071594238e-06,0.4560568509312156,163.95947265625,5813400,torch,cuda,float64,cpu
short,online,routeb_cumulative_hippo_mt64_ms64,routeb_cumulative_hippo_mt64_ms64,2,complete,runs/task1_2/online/routeb_cumulative_hippo_mt64_ms64/seed2,runs/task1_2/online/routeb_cumulative_hippo_mt64_ms64/seed2/result.json,runs/task1_2/online/routeb_cumulative_hippo_mt64_ms64/seed2/predictions.npz,,True,0.1071161241515362,-0.7871411279384697,0.9605,0.08774694071736636,5.398967487737536,0.006971025839447975,163.95947265625,202.0,,5.544090270996094,14,140,150,10,0.1386303541531405,0.01008627936244011,14,Task2,runs/task1_2/online/routeb_cumulative_hippo_mt64_ms64/seed2/blocks.csv,,0.6365,0.8975,0.9845,0.016676492989063263,4.064291715621948e-06,0.45605328166872044,163.95947265625,5813400,torch,cuda,float64,cpu
short,online,routeb_cumulative_hippo_mt64_ms64,routeb_cumulative_hippo_mt64_ms64,2,complete,runs/task1_2/online/routeb_cumulative_hippo_mt64_ms64/seed2,runs/task1_2/online/routeb_cumulative_hippo_mt64_ms64/seed2/result.json,runs/task1_2/online/routeb_cumulative_hippo_mt64_ms64/seed2/predictions.npz,,True,0.1160330957407765,-0.7217861885998711,0.947,0.08774694071736636,5.398967487737536,0.007276536896824837,163.95947265625,202.0,,5.544090270996094,15,150,160,10,0.13861742133740343,0.010497841984033585,15,Task2,runs/task1_2/online/routeb_cumulative_hippo_mt64_ms64/seed2/blocks.csv,,0.611,0.8755,0.9725,0.019155515357851982,4.561617970466614e-06,0.4560107364909769,163.95947265625,5813400,torch,cuda,float64,cpu
short,online,routeb_cumulative_hippo_mt64_ms64,routeb_cumulative_hippo_mt64_ms64,2,complete,runs/task1_2/online/routeb_cumulative_hippo_mt64_ms64/seed2,runs/task1_2/online/routeb_cumulative_hippo_mt64_ms64/seed2/result.json,runs/task1_2/online/routeb_cumulative_hippo_mt64_ms64/seed2/predictions.npz,,True,0.10492619692173583,-0.794000084254689,0.957,0.08774694071736636,5.398967487737536,0.007102340459823608,163.95947265625,202.0,,5.544090270996094,16,160,170,10,0.13860402285169876,0.010189088061451912,16,Task2,runs/task1_2/online/routeb_cumulative_hippo_mt64_ms64/seed2/blocks.csv,,0.645,0.9,0.9835,0.018769629299640656,6.940215826034546e-06,0.45596665939536285,163.95947265625,5813400,torch,cuda,float64,cpu
short,online,routeb_cumulative_hippo_mt64_ms64,routeb_cumulative_hippo_mt64_ms64,2,complete,runs/task1_2/online/routeb_cumulative_hippo_mt64_ms64/seed2,runs/task1_2/online/routeb_cumulative_hippo_mt64_ms64/seed2/result.json,runs/task1_2/online/routeb_cumulative_hippo_mt64_ms64/seed2/predictions.npz,,True,0.09317482482121639,-0.8606220349767325,0.984,0.08774694071736636,5.398967487737536,0.007138974964618683,163.95947265625,202.0,,5.544090270996094,17,170,180,10,0.13859215646027714,0.010278698056936264,17,Task2,runs/task1_2/online/routeb_cumulative_hippo_mt64_ms64/seed2/blocks.csv,,0.702,0.9305,0.9925,0.01766740158200264,6.843358278274536e-06,0.4559276224414256,163.95947265625,5813400,torch,cuda,float64,cpu
short,online,routeb_cumulative_hippo_mt64_ms64,routeb_cumulative_hippo_mt64_ms64,2,complete,runs/task1_2/online/routeb_cumulative_hippo_mt64_ms64/seed2,runs/task1_2/online/routeb_cumulative_hippo_mt64_ms64/seed2/result.json,runs/task1_2/online/routeb_cumulative_hippo_mt64_ms64/seed2/predictions.npz,,True,0.08774694071736636,-0.8541049727410861,0.9783333333333334,0.08774694071736636,5.398967487737536,0.006133886054158211,163.95947265625,202.0,,5.544090270996094,18,180,186,6,0.1386805626497412,0.009579930454492569,18,Task2,runs/task1_2/online/routeb_cumulative_hippo_mt64_ms64/seed2/blocks.csv,,0.6783333333333333,0.9408333333333333,0.9883333333333333,0.018383938819169998,6.24731183052063e-06,0.4562184529241954,163.95947265625,5813400,torch,cuda,float64,cpu
short,online,routeb_cumulative_hippo_mt64_ms64,routeb_cumulative_hippo_mt64_ms64,3,complete,runs/task1_2/online/routeb_cumulative_hippo_mt64_ms64/seed3,runs/task1_2/online/routeb_cumulative_hippo_mt64_ms64/seed3/result.json,runs/task1_2/online/routeb_cumulative_hippo_mt64_ms64/seed3/predictions.npz,,True,0.07220994520897275,-0.9488556842702788,0.994,0.0905242134040279,5.164262063801289,0.09268110804259777,163.95947265625,202.0,,5.544090270996094,0,0,10,10,0.1438467038242977,0.04748009704053402,0,Task2,runs/task1_2/online/routeb_cumulative_hippo_mt64_ms64/seed3/blocks.csv,,0.873,0.9795,0.9975,0.12657569162547588,2.6643472351133823,0.4732135450208207,163.92822265625,5813400,torch,cuda,float64,cpu
short,online,routeb_cumulative_hippo_mt64_ms64,routeb_cumulative_hippo_mt64_ms64,3,complete,runs/task1_2/online/routeb_cumulative_hippo_mt64_ms64/seed3,runs/task1_2/online/routeb_cumulative_hippo_mt64_ms64/seed3/result.json,runs/task1_2/online/routeb_cumulative_hippo_mt64_ms64/seed3/predictions.npz,,True,0.08451970780072247,-0.8957878193003728,0.98,0.0905242134040279,5.164262063801289,0.007782729342579842,163.95947265625,202.0,,5.544090270996094,1,10,20,10,0.1436702733790422,0.011110017076134682,1,Task2,runs/task1_2/online/routeb_cumulative_hippo_mt64_ms64/seed3/blocks.csv,,0.8215,0.9635,0.9875,0.023907668888568878,8.916482329368591e-06,0.47263314050525435,163.95947265625,5813400,torch,cuda,float64,cpu
short,online,routeb_cumulative_hippo_mt64_ms64,routeb_cumulative_hippo_mt64_ms64,3,complete,runs/task1_2/online/routeb_cumulative_hippo_mt64_ms64/seed3,runs/task1_2/online/routeb_cumulative_hippo_mt64_ms64/seed3/result.json,runs/task1_2/online/routeb_cumulative_hippo_mt64_ms64/seed3/predictions.npz,,True,0.09917331118874077,-0.8145416676235734,0.965,0.0905242134040279,5.164262063801289,0.007283950224518776,163.95947265625,202.0,,5.544090270996094,2,20,30,10,0.1435780919484641,0.010693566873669624,2,Task2,runs/task1_2/online/routeb_cumulative_hippo_mt64_ms64/seed3/blocks.csv,,0.7485,0.9365,0.9745,0.01797163113951683,9.393319487571716e-06,0.4723298905844063,163.95947265625,5813400,torch,cuda,float64,cpu
short,online,routeb_cumulative_hippo_mt64_ms64,routeb_cumulative_hippo_mt64_ms64,3,complete,runs/task1_2/online/routeb_cumulative_hippo_mt64_ms64/seed3,runs/task1_2/online/routeb_cumulative_hippo_mt64_ms64/seed3/result.json,runs/task1_2/online/routeb_cumulative_hippo_mt64_ms64/seed3/predictions.npz,,True,0.10093751336702363,-0.8364815324420772,0.975,0.0905242134040279,5.164262063801289,0.007298611104488373,163.95947265625,202.0,,5.544090270996094,3,30,40,10,0.1435417215221403,0.010648582130670547,3,Task2,runs/task1_2/online/routeb_cumulative_hippo_mt64_ms64/seed3/blocks.csv,,0.7565,0.941,0.982,0.014501512050628662,7.405877113342285e-06,0.47221024252910127,163.95947265625,5813400,torch,cuda,float64,cpu
short,online,routeb_cumulative_hippo_mt64_ms64,routeb_cumulative_hippo_mt64_ms64,3,complete,runs/task1_2/online/routeb_cumulative_hippo_mt64_ms64/seed3,runs/task1_2/online/routeb_cumulative_hippo_mt64_ms64/seed3/result.json,runs/task1_2/online/routeb_cumulative_hippo_mt64_ms64/seed3/predictions.npz,,True,0.09463910137702362,-0.8495582166365547,0.9795,0.0905242134040279,5.164262063801289,0.007288480177521706,163.95947265625,202.0,,5.544090270996094,4,40,50,10,0.14348393457953212,0.01063908077776432,4,Task2,runs/task1_2/online/routeb_cumulative_hippo_mt64_ms64/seed3/blocks.csv,,0.735,0.9405,0.99,0.01397714763879776,6.590038537979126e-06,0.4720201404048223,163.95947265625,5813400,torch,cuda,float64,cpu
short,online,routeb_cumulative_hippo_mt64_ms64,routeb_cumulative_hippo_mt64_ms64,3,complete,runs/task1_2/online/routeb_cumulative_hippo_mt64_ms64/seed3,runs/task1_2/online/routeb_cumulative_hippo_mt64_ms64/seed3/result.json,runs/task1_2/online/routeb_cumulative_hippo_mt64_ms64/seed3/predictions.npz,,True,0.0763613138785829,-0.904276764988314,0.9915,0.0905242134040279,5.164262063801289,0.007314460352063179,163.95947265625,202.0,,5.544090270996094,5,50,60,10,0.1434521562711737,0.010626764968037605,5,Task2,runs/task1_2/online/routeb_cumulative_hippo_mt64_ms64/seed3/blocks.csv,,0.7945,0.965,0.998,0.014179106801748276,6.586313247680664e-06,0.47191559907329883,163.95947265625,5813400,torch,cuda,float64,cpu
short,online,routeb_cumulative_hippo_mt64_ms64,routeb_cumulative_hippo_mt64_ms64,3,complete,runs/task1_2/online/routeb_cumulative_hippo_mt64_ms64/seed3,runs/task1_2/online/routeb_cumulative_hippo_mt64_ms64/seed3/result.json,runs/task1_2/online/routeb_cumulative_hippo_mt64_ms64/seed3/predictions.npz,,True,0.08304925364927881,-0.8894170324637751,0.991,0.0905242134040279,5.164262063801289,0.007072022184729576,163.95947265625,202.0,,5.544090270996094,6,60,70,10,0.14342457607893744,0.010441964492201805,6,Task2,runs/task1_2/online/routeb_cumulative_hippo_mt64_ms64/seed3/blocks.csv,,0.7695,0.96,0.9985,0.014312025159597397,5.988404154777527e-06,0.47182486831483517,163.95947265625,5813400,torch,cuda,float64,cpu
short,online,routeb_cumulative_hippo_mt64_ms64,routeb_cumulative_hippo_mt64_ms64,3,complete,runs/task1_2/online/routeb_cumulative_hippo_mt64_ms64/seed3,runs/task1_2/online/routeb_cumulative_hippo_mt64_ms64/seed3/result.json,runs/task1_2/online/routeb_cumulative_hippo_mt64_ms64/seed3/predictions.npz,,True,0.08307710381858271,-0.911970882470828,0.991,0.0905242134040279,5.164262063801289,0.007128054276108742,163.95947265625,202.0,,5.544090270996094,7,70,80,10,0.14341262691706957,0.010390790179371834,7,Task2,runs/task1_2/online/routeb_cumulative_hippo_mt64_ms64/seed3/blocks.csv,,0.8015,0.9735,0.998,0.014111606404185295,8.262693881988525e-06,0.47178555907036035,163.95947265625,5813400,torch,cuda,float64,cpu
short,online,routeb_cumulative_hippo_mt64_ms64,routeb_cumulative_hippo_mt64_ms64,3,complete,runs/task1_2/online/routeb_cumulative_hippo_mt64_ms64/seed3,runs/task1_2/online/routeb_cumulative_hippo_mt64_ms64/seed3/result.json,runs/task1_2/online/routeb_cumulative_hippo_mt64_ms64/seed3/predictions.npz,,True,0.08346719578592196,-0.9050632988050373,0.9905,0.0905242134040279,5.164262063801289,0.007121101021766663,163.95947265625,202.0,,5.544090270996094,8,80,90,10,0.14341593097370006,0.010382086038589478,8,Task2,runs/task1_2/online/routeb_cumulative_hippo_mt64_ms64/seed3/blocks.csv,,0.7825,0.9725,0.998,0.014164747670292854,4.393979907035828e-06,0.4717964284494251,163.95947265625,5813400,torch,cuda,float64,cpu
short,online,routeb_cumulative_hippo_mt64_ms64,routeb_cumulative_hippo_mt64_ms64,3,complete,runs/task1_2/online/routeb_cumulative_hippo_mt64_ms64/seed3,runs/task1_2/online/routeb_cumulative_hippo_mt64_ms64/seed3/result.json,runs/task1_2/online/routeb_cumulative_hippo_mt64_ms64/seed3/predictions.npz,,True,0.09133416026199304,-0.867821952218794,0.985,0.0905242134040279,5.164262063801289,0.007263893261551857,163.95947265625,202.0,,5.544090270996094,9,90,100,10,0.14340938884839588,0.010595709085464478,9,Task2,runs/task1_2/online/routeb_cumulative_hippo_mt64_ms64/seed3/blocks.csv,,0.7505,0.9565,0.994,0.016743160784244537,4.284083843231201e-06,0.471774906772356,163.95947265625,5813400,torch,cuda,float64,cpu
short,online,routeb_cumulative_hippo_mt64_ms64,routeb_cumulative_hippo_mt64_ms64,3,complete,runs/task1_2/online/routeb_cumulative_hippo_mt64_ms64/seed3,runs/task1_2/online/routeb_cumulative_hippo_mt64_ms64/seed3/result.json,runs/task1_2/online/routeb_cumulative_hippo_mt64_ms64/seed3/predictions.npz,,True,0.08108338669771457,-0.9033230145767766,0.9845,0.0905242134040279,5.164262063801289,0.007231192663311958,163.95947265625,202.0,,5.544090270996094,10,100,110,10,0.14340376789289674,0.010604539886116982,10,Task2,runs/task1_2/online/routeb_cumulative_hippo_mt64_ms64/seed3/blocks.csv,,0.8065,0.9635,0.995,0.015858903527259827,4.5746564865112305e-06,0.4717564154742766,163.95947265625,5813400,torch,cuda,float64,cpu
short,online,routeb_cumulative_hippo_mt64_ms64,routeb_cumulative_hippo_mt64_ms64,3,complete,runs/task1_2/online/routeb_cumulative_hippo_mt64_ms64/seed3,runs/task1_2/online/routeb_cumulative_hippo_mt64_ms64/seed3/result.json,runs/task1_2/online/routeb_cumulative_hippo_mt64_ms64/seed3/predictions.npz,,True,0.11353084087864368,-0.7553810717660873,0.955,0.0905242134040279,5.164262063801289,0.007184252142906189,163.95947265625,202.0,,5.544090270996094,11,110,120,10,0.14340694532831622,0.010467493906617165,11,Task2,runs/task1_2/online/routeb_cumulative_hippo_mt64_ms64/seed3/blocks.csv,,0.6605,0.901,0.9765,0.015115167945623398,5.329027771949768e-06,0.47176686830662484,163.95947265625,5813400,torch,cuda,float64,cpu
short,online,routeb_cumulative_hippo_mt64_ms64,routeb_cumulative_hippo_mt64_ms64,3,complete,runs/task1_2/online/routeb_cumulative_hippo_mt64_ms64/seed3,runs/task1_2/online/routeb_cumulative_hippo_mt64_ms64/seed3/result.json,runs/task1_2/online/routeb_cumulative_hippo_mt64_ms64/seed3/predictions.npz,,True,0.14264450550457328,-0.5910055491548303,0.9095,0.0905242134040279,5.164262063801289,0.006905168294906616,163.95947265625,202.0,,5.544090270996094,12,120,130,10,0.14341091372849576,0.010161153972148895,12,Task2,runs/task1_2/online/routeb_cumulative_hippo_mt64_ms64/seed3/blocks.csv,,0.5435,0.812,0.953,0.015218352898955345,5.062669515609741e-06,0.4717799231814818,163.95947265625,5813400,torch,cuda,float64,cpu
short,online,routeb_cumulative_hippo_mt64_ms64,routeb_cumulative_hippo_mt64_ms64,3,complete,runs/task1_2/online/routeb_cumulative_hippo_mt64_ms64/seed3,runs/task1_2/online/routeb_cumulative_hippo_mt64_ms64/seed3/result.json,runs/task1_2/online/routeb_cumulative_hippo_mt64_ms64/seed3/predictions.npz,,True,0.13182326919558457,-0.6153421880476805,0.918,0.0905242134040279,5.164262063801289,0.0068779997527599335,163.95947265625,202.0,,5.544090270996094,13,130,140,10,0.1433940293434137,0.009992823004722595,13,Task2,runs/task1_2/online/routeb_cumulative_hippo_mt64_ms64/seed3/blocks.csv,,0.573,0.8405,0.9525,0.014985302463173866,4.345551133155823e-06,0.4717243784973997,163.95947265625,5813400,torch,cuda,float64,cpu
short,online,routeb_cumulative_hippo_mt64_ms64,routeb_cumulative_hippo_mt64_ms64,3,complete,runs/task1_2/online/routeb_cumulative_hippo_mt64_ms64/seed3,runs/task1_2/online/routeb_cumulative_hippo_mt64_ms64/seed3/result.json,runs/task1_2/online/routeb_cumulative_hippo_mt64_ms64/seed3/predictions.npz,,True,0.0992942668897642,-0.8157421660984169,0.98,0.0905242134040279,5.164262063801289,0.00688580796122551,163.95947265625,202.0,,5.544090270996094,14,140,150,10,0.14339512575590738,0.010130776092410088,14,Task2,runs/task1_2/online/routeb_cumulative_hippo_mt64_ms64/seed3/blocks.csv,,0.6625,0.9315,0.993,0.018793068826198578,4.122033715248108e-06,0.47172798537353344,163.95947265625,5813400,torch,cuda,float64,cpu
short,online,routeb_cumulative_hippo_mt64_ms64,routeb_cumulative_hippo_mt64_ms64,3,complete,runs/task1_2/online/routeb_cumulative_hippo_mt64_ms64/seed3,runs/task1_2/online/routeb_cumulative_hippo_mt64_ms64/seed3/result.json,runs/task1_2/online/routeb_cumulative_hippo_mt64_ms64/seed3/predictions.npz,,True,0.11569764468470502,-0.7350970691598194,0.9505,0.0905242134040279,5.164262063801289,0.006909938529133797,163.95947265625,202.0,,5.544090270996094,15,150,160,10,0.14338156728540638,0.009985269978642464,15,Task2,runs/task1_2/online/routeb_cumulative_hippo_mt64_ms64/seed3/blocks.csv,,0.6445,0.9005,0.9725,0.015487687662243843,4.190951585769653e-06,0.47168338197477455,163.95947265625,5813400,torch,cuda,float64,cpu
short,online,routeb_cumulative_hippo_mt64_ms64,routeb_cumulative_hippo_mt64_ms64,3,complete,runs/task1_2/online/routeb_cumulative_hippo_mt64_ms64/seed3,runs/task1_2/online/routeb_cumulative_hippo_mt64_ms64/seed3/result.json,runs/task1_2/online/routeb_cumulative_hippo_mt64_ms64/seed3/predictions.npz,,True,0.10423554507801686,-0.7691905516790267,0.9585,0.0905242134040279,5.164262063801289,0.006917133927345276,163.95947265625,202.0,,5.544090270996094,16,160,170,10,0.14336831224675195,0.010017598047852516,16,Task2,runs/task1_2/online/routeb_cumulative_hippo_mt64_ms64/seed3/blocks.csv,,0.6575,0.911,0.9805,0.015714263543486595,4.33996319770813e-06,0.47163977677796215,163.95947265625,5813400,torch,cuda,float64,cpu
short,online,routeb_cumulative_hippo_mt64_ms64,routeb_cumulative_hippo_mt64_ms64,3,complete,runs/task1_2/online/routeb_cumulative_hippo_mt64_ms64/seed3,runs/task1_2/online/routeb_cumulative_hippo_mt64_ms64/seed3/result.json,runs/task1_2/online/routeb_cumulative_hippo_mt64_ms64/seed3/predictions.npz,,True,0.09332580824570055,-0.8235417427597779,0.967,0.0905242134040279,5.164262063801289,0.006914030760526657,163.95947265625,202.0,,5.544090270996094,17,170,180,10,0.1433556931029637,0.009984999895095825,17,Task2,runs/task1_2/online/routeb_cumulative_hippo_mt64_ms64/seed3/blocks.csv,,0.716,0.926,0.986,0.015898331999778748,4.114583134651184e-06,0.47159826348910394,163.95947265625,5813400,torch,cuda,float64,cpu
short,online,routeb_cumulative_hippo_mt64_ms64,routeb_cumulative_hippo_mt64_ms64,3,complete,runs/task1_2/online/routeb_cumulative_hippo_mt64_ms64/seed3,runs/task1_2/online/routeb_cumulative_hippo_mt64_ms64/seed3/result.json,runs/task1_2/online/routeb_cumulative_hippo_mt64_ms64/seed3/predictions.npz,,True,0.0905242134040279,-0.8417577444842006,0.9783333333333334,0.0905242134040279,5.164262063801289,0.00615319050848484,163.95947265625,202.0,,5.544090270996094,18,180,186,6,0.14344201354631006,0.009659718722105026,18,Task2,runs/task1_2/online/routeb_cumulative_hippo_mt64_ms64/seed3/blocks.csv,,0.7258333333333333,0.9375,0.995,0.018471669405698776,5.031004548072815e-06,0.47188223247774064,163.95947265625,5813400,torch,cuda,float64,cpu
short,online,routeb_cumulative_hippo_mt64_ms64,routeb_cumulative_hippo_mt64_ms64,4,complete,runs/task1_2/online/routeb_cumulative_hippo_mt64_ms64/seed4,runs/task1_2/online/routeb_cumulative_hippo_mt64_ms64/seed4/result.json,runs/task1_2/online/routeb_cumulative_hippo_mt64_ms64/seed4/predictions.npz,,True,0.08026903050267528,-0.904841920028515,0.9895,0.09336823149892541,5.269870212301612,0.09088425897061825,163.95947265625,202.0,,5.544090270996094,0,0,10,10,0.14687817555916854,0.04660697467625141,0,Task2,runs/task1_2/online/routeb_cumulative_hippo_mt64_ms64/seed4/blocks.csv,,0.826,0.968,0.9955,0.11624862067401409,2.7025988083332777,0.48318619957702685,163.92822265625,5813400,torch,cuda,float64,cpu
short,online,routeb_cumulative_hippo_mt64_ms64,routeb_cumulative_hippo_mt64_ms64,4,complete,runs/task1_2/online/routeb_cumulative_hippo_mt64_ms64/seed4,runs/task1_2/online/routeb_cumulative_hippo_mt64_ms64/seed4/result.json,runs/task1_2/online/routeb_cumulative_hippo_mt64_ms64/seed4/predictions.npz,,True,0.10210908446396995,-0.8426132761738946,0.9695,0.09336823149892541,5.269870212301612,0.007635015994310379,163.95947265625,202.0,,5.544090270996094,1,10,20,10,0.14667943572327646,0.01087835431098938,1,Task2,runs/task1_2/online/routeb_cumulative_hippo_mt64_ms64/seed4/blocks.csv,,0.763,0.9395,0.985,0.022879429161548615,8.769333362579346e-06,0.48253240369725336,163.95947265625,5813400,torch,cuda,float64,cpu
short,online,routeb_cumulative_hippo_mt64_ms64,routeb_cumulative_hippo_mt64_ms64,4,complete,runs/task1_2/online/routeb_cumulative_hippo_mt64_ms64/seed4,runs/task1_2/online/routeb_cumulative_hippo_mt64_ms64/seed4/result.json,runs/task1_2/online/routeb_cumulative_hippo_mt64_ms64/seed4/predictions.npz,,True,0.13811267957839843,-0.7182620124905102,0.9505,0.09336823149892541,5.269870212301612,0.0074768029153347015,163.95947265625,202.0,,5.544090270996094,2,20,30,10,0.14660494722976,0.011348268017172813,2,Task2,runs/task1_2/online/routeb_cumulative_hippo_mt64_ms64/seed4/blocks.csv,,0.681,0.9045,0.9685,0.019040443003177643,6.7930668592453e-06,0.4822873583597999,163.95947265625,5813400,torch,cuda,float64,cpu
short,online,routeb_cumulative_hippo_mt64_ms64,routeb_cumulative_hippo_mt64_ms64,4,complete,runs/task1_2/online/routeb_cumulative_hippo_mt64_ms64/seed4,runs/task1_2/online/routeb_cumulative_hippo_mt64_ms64/seed4/result.json,runs/task1_2/online/routeb_cumulative_hippo_mt64_ms64/seed4/predictions.npz,,True,0.13374977680305028,-0.7038487233625633,0.9365,0.09336823149892541,5.269870212301612,0.0073571112006902695,163.95947265625,202.0,,5.544090270996094,3,30,40,10,0.14657076861268878,0.010816037654876709,3,Task2,runs/task1_2/online/routeb_cumulative_hippo_mt64_ms64/seed4/blocks.csv,,0.7155,0.8995,0.9585,0.020213525742292404,2.090074121952057e-05,0.4821749207152923,163.95947265625,5813400,torch,cuda,float64,cpu
short,online,routeb_cumulative_hippo_mt64_ms64,routeb_cumulative_hippo_mt64_ms64,4,complete,runs/task1_2/online/routeb_cumulative_hippo_mt64_ms64/seed4,runs/task1_2/online/routeb_cumulative_hippo_mt64_ms64/seed4/result.json,runs/task1_2/online/routeb_cumulative_hippo_mt64_ms64/seed4/predictions.npz,,True,0.10655388715624364,-0.7945621691372092,0.968,0.09336823149892541,5.269870212301612,0.007368061691522598,163.95947265625,202.0,,5.544090270996094,4,40,50,10,0.14650854136141786,0.010755302384495735,4,Task2,runs/task1_2/online/routeb_cumulative_hippo_mt64_ms64/seed4/blocks.csv,,0.68,0.9195,0.99,0.021259576082229614,5.813315510749817e-06,0.48197021127539585,163.95947265625,5813400,torch,cuda,float64,cpu
short,online,routeb_cumulative_hippo_mt64_ms64,routeb_cumulative_hippo_mt64_ms64,4,complete,runs/task1_2/online/routeb_cumulative_hippo_mt64_ms64/seed4,runs/task1_2/online/routeb_cumulative_hippo_mt64_ms64/seed4/result.json,runs/task1_2/online/routeb_cumulative_hippo_mt64_ms64/seed4/predictions.npz,,True,0.07339213008859936,-0.9129516581518714,0.996,0.09336823149892541,5.269870212301612,0.007527010515332222,163.95947265625,202.0,,5.544090270996094,5,50,60,10,0.14647957641927473,0.011021455749869347,5,Task2,runs/task1_2/online/routeb_cumulative_hippo_mt64_ms64/seed4/blocks.csv,,0.808,0.975,0.999,0.02122364565730095,5.599111318588257e-06,0.48187492509511864,163.95947265625,5813400,torch,cuda,float64,cpu
short,online,routeb_cumulative_hippo_mt64_ms64,routeb_cumulative_hippo_mt64_ms64,4,complete,runs/task1_2/online/routeb_cumulative_hippo_mt64_ms64/seed4,runs/task1_2/online/routeb_cumulative_hippo_mt64_ms64/seed4/result.json,runs/task1_2/online/routeb_cumulative_hippo_mt64_ms64/seed4/predictions.npz,,True,0.09105412216383896,-0.855836421477236,0.992,0.09336823149892541,5.269870212301612,0.007427064701914787,163.95947265625,202.0,,5.544090270996094,6,60,70,10,0.1464540669053115,0.010732574388384819,6,Task2,runs/task1_2/online/routeb_cumulative_hippo_mt64_ms64/seed4/blocks.csv,,0.7105,0.952,0.997,0.023509996011853218,7.351860404014587e-06,0.4817910062619904,163.95947265625,5813400,torch,cuda,float64,cpu
short,online,routeb_cumulative_hippo_mt64_ms64,routeb_cumulative_hippo_mt64_ms64,4,complete,runs/task1_2/online/routeb_cumulative_hippo_mt64_ms64/seed4,runs/task1_2/online/routeb_cumulative_hippo_mt64_ms64/seed4/result.json,runs/task1_2/online/routeb_cumulative_hippo_mt64_ms64/seed4/predictions.npz,,True,0.09430754699634762,-0.8627994524638857,0.984,0.09336823149892541,5.269870212301612,0.0074293725192546844,163.95947265625,202.0,,5.544090270996094,7,70,80,10,0.1464386739257352,0.010983316227793694,7,Task2,runs/task1_2/online/routeb_cumulative_hippo_mt64_ms64/seed4/blocks.csv,,0.745,0.9585,0.9955,0.02085065096616745,9.719282388687134e-06,0.48174036786541913,163.95947265625,5813400,torch,cuda,float64,cpu
short,online,routeb_cumulative_hippo_mt64_ms64,routeb_cumulative_hippo_mt64_ms64,4,complete,runs/task1_2/online/routeb_cumulative_hippo_mt64_ms64/seed4,runs/task1_2/online/routeb_cumulative_hippo_mt64_ms64/seed4/result.json,runs/task1_2/online/routeb_cumulative_hippo_mt64_ms64/seed4/predictions.npz,,True,0.11086676915642765,-0.8106041601709005,0.97,0.09336823149892541,5.269870212301612,0.00735180638730526,163.95947265625,202.0,,5.544090270996094,8,80,90,10,0.14644688869856243,0.010704543441534042,8,Task2,runs/task1_2/online/routeb_cumulative_hippo_mt64_ms64/seed4/blocks.csv,,0.7225,0.931,0.984,0.01908225193619728,5.705282092094421e-06,0.4817673920631779,163.95947265625,5813400,torch,cuda,float64,cpu
short,online,routeb_cumulative_hippo_mt64_ms64,routeb_cumulative_hippo_mt64_ms64,4,complete,runs/task1_2/online/routeb_cumulative_hippo_mt64_ms64/seed4,runs/task1_2/online/routeb_cumulative_hippo_mt64_ms64/seed4/result.json,runs/task1_2/online/routeb_cumulative_hippo_mt64_ms64/seed4/predictions.npz,,True,0.11282417454059054,-0.7699813660621889,0.965,0.09336823149892541,5.269870212301612,0.007370525971055031,163.95947265625,202.0,,5.544090270996094,9,90,100,10,0.1464342520218631,0.01086675375699997,9,Task2,runs/task1_2/online/routeb_cumulative_hippo_mt64_ms64/seed4/blocks.csv,,0.6965,0.916,0.98,0.019838467240333557,4.37907874584198e-06,0.48172582109617496,163.95947265625,5813400,torch,cuda,float64,cpu
short,online,routeb_cumulative_hippo_mt64_ms64,routeb_cumulative_hippo_mt64_ms64,4,complete,runs/task1_2/online/routeb_cumulative_hippo_mt64_ms64/seed4,runs/task1_2/online/routeb_cumulative_hippo_mt64_ms64/seed4/result.json,runs/task1_2/online/routeb_cumulative_hippo_mt64_ms64/seed4/predictions.npz,,True,0.08812519929345315,-0.8578634337864938,0.9805,0.09336823149892541,5.269870212301612,0.007422702386975288,163.95947265625,202.0,,5.544090270996094,10,100,110,10,0.1464286154756494,0.010805381461977959,10,Task2,runs/task1_2/online/routeb_cumulative_hippo_mt64_ms64/seed4/blocks.csv,,0.78,0.9535,0.987,0.022990932688117027,4.420056939125061e-06,0.48170727850920886,163.95947265625,5813400,torch,cuda,float64,cpu
short,online,routeb_cumulative_hippo_mt64_ms64,routeb_cumulative_hippo_mt64_ms64,4,complete,runs/task1_2/online/routeb_cumulative_hippo_mt64_ms64/seed4,runs/task1_2/online/routeb_cumulative_hippo_mt64_ms64/seed4/result.json,runs/task1_2/online/routeb_cumulative_hippo_mt64_ms64/seed4/predictions.npz,,True,0.12116754607975873,-0.7049830186548809,0.944,0.09336823149892541,5.269870212301612,0.00750250369310379,163.95947265625,202.0,,5.544090270996094,11,110,120,10,0.1464317937843556,0.011069230735301971,11,Task2,runs/task1_2/online/routeb_cumulative_hippo_mt64_ms64/seed4/blocks.csv,,0.61,0.88,0.9715,0.020781787112355232,5.161389708518982e-06,0.48171773421441483,163.95947265625,5813400,torch,cuda,float64,cpu
short,online,routeb_cumulative_hippo_mt64_ms64,routeb_cumulative_hippo_mt64_ms64,4,complete,runs/task1_2/online/routeb_cumulative_hippo_mt64_ms64/seed4,runs/task1_2/online/routeb_cumulative_hippo_mt64_ms64/seed4/result.json,runs/task1_2/online/routeb_cumulative_hippo_mt64_ms64/seed4/predictions.npz,,True,0.1490128971759794,-0.5464574770205634,0.892,0.09336823149892541,5.269870212301612,0.007426057010889053,163.95947265625,202.0,,5.544090270996094,12,120,130,10,0.14643705690662592,0.010800497606396675,12,Task2,runs/task1_2/online/routeb_cumulative_hippo_mt64_ms64/seed4/blocks.csv,,0.541,0.8075,0.9375,0.021009135991334915,4.913657903671265e-06,0.4817350483459255,163.95947265625,5813400,torch,cuda,float64,cpu
short,online,routeb_cumulative_hippo_mt64_ms64,routeb_cumulative_hippo_mt64_ms64,4,complete,runs/task1_2/online/routeb_cumulative_hippo_mt64_ms64/seed4,runs/task1_2/online/routeb_cumulative_hippo_mt64_ms64/seed4/result.json,runs/task1_2/online/routeb_cumulative_hippo_mt64_ms64/seed4/predictions.npz,,True,0.13673521427447183,-0.6030952026240657,0.921,0.09336823149892541,5.269870212301612,0.007568851113319397,163.95947265625,202.0,,5.544090270996094,13,130,140,10,0.1464197057253862,0.011001484468579292,13,Task2,runs/task1_2/online/routeb_cumulative_hippo_mt64_ms64/seed4/blocks.csv,,0.558,0.8275,0.96,0.02200942486524582,4.928559064865112e-06,0.4816779680391374,163.95947265625,5813400,torch,cuda,float64,cpu
short,online,routeb_cumulative_hippo_mt64_ms64,routeb_cumulative_hippo_mt64_ms64,4,complete,runs/task1_2/online/routeb_cumulative_hippo_mt64_ms64/seed4,runs/task1_2/online/routeb_cumulative_hippo_mt64_ms64/seed4/result.json,runs/task1_2/online/routeb_cumulative_hippo_mt64_ms64/seed4/predictions.npz,,True,0.11932604553764657,-0.7408895718482442,0.956,0.09336823149892541,5.269870212301612,0.007444474846124649,163.95947265625,202.0,,5.544090270996094,14,140,150,10,0.14641879661104987,0.01079791784286499,14,Task2,runs/task1_2/online/routeb_cumulative_hippo_mt64_ms64/seed4/blocks.csv,,0.642,0.9025,0.9805,0.026452135294675827,5.29363751411438e-06,0.4816749773191107,163.95947265625,5813400,torch,cuda,float64,cpu
short,online,routeb_cumulative_hippo_mt64_ms64,routeb_cumulative_hippo_mt64_ms64,4,complete,runs/task1_2/online/routeb_cumulative_hippo_mt64_ms64/seed4,runs/task1_2/online/routeb_cumulative_hippo_mt64_ms64/seed4/result.json,runs/task1_2/online/routeb_cumulative_hippo_mt64_ms64/seed4/predictions.npz,,True,0.12275824966057322,-0.707332111057117,0.947,0.09336823149892541,5.269870212301612,0.007449259981513023,163.95947265625,202.0,,5.544090270996094,15,150,160,10,0.14640657698323192,0.01105472818017006,15,Task2,runs/task1_2/online/routeb_cumulative_hippo_mt64_ms64/seed4/blocks.csv,,0.604,0.8885,0.9735,0.0221530981361866,5.543231964111328e-06,0.481634778320838,163.95947265625,5813400,torch,cuda,float64,cpu
short,online,routeb_cumulative_hippo_mt64_ms64,routeb_cumulative_hippo_mt64_ms64,4,complete,runs/task1_2/online/routeb_cumulative_hippo_mt64_ms64/seed4,runs/task1_2/online/routeb_cumulative_hippo_mt64_ms64/seed4/result.json,runs/task1_2/online/routeb_cumulative_hippo_mt64_ms64/seed4/predictions.npz,,True,0.11528861033464423,-0.7271377285691946,0.95,0.09336823149892541,5.269870212301612,0.007302004843950272,163.95947265625,202.0,,5.544090270996094,16,160,170,10,0.14639363660425345,0.010705208405852318,16,Task2,runs/task1_2/online/routeb_cumulative_hippo_mt64_ms64/seed4/blocks.csv,,0.63,0.8935,0.973,0.022479413077235222,5.202367901802063e-06,0.4815922082622443,163.95947265625,5813400,torch,cuda,float64,cpu
short,online,routeb_cumulative_hippo_mt64_ms64,routeb_cumulative_hippo_mt64_ms64,4,complete,runs/task1_2/online/routeb_cumulative_hippo_mt64_ms64/seed4,runs/task1_2/online/routeb_cumulative_hippo_mt64_ms64/seed4/result.json,runs/task1_2/online/routeb_cumulative_hippo_mt64_ms64/seed4/predictions.npz,,True,0.09376142941754044,-0.8177902669021367,0.974,0.09336823149892541,5.269870212301612,0.007343802601099014,163.95947265625,202.0,,5.544090270996094,17,170,180,10,0.14638126254418216,0.010912196710705757,17,Task2,runs/task1_2/online/routeb_cumulative_hippo_mt64_ms64/seed4/blocks.csv,,0.723,0.9375,0.985,0.021289998665452003,4.4871121644973755e-06,0.48155150122706747,163.95947265625,5813400,torch,cuda,float64,cpu
short,online,routeb_cumulative_hippo_mt64_ms64,routeb_cumulative_hippo_mt64_ms64,4,complete,runs/task1_2/online/routeb_cumulative_hippo_mt64_ms64/seed4,runs/task1_2/online/routeb_cumulative_hippo_mt64_ms64/seed4/result.json,runs/task1_2/online/routeb_cumulative_hippo_mt64_ms64/seed4/predictions.npz,,True,0.09336823149892541,-0.8205802537901907,0.9766666666666667,0.09336823149892541,5.269870212301612,0.006264394149184227,163.95947265625,202.0,,5.544090270996094,18,180,186,6,0.14646755849604523,0.010046865791082382,18,Task2,runs/task1_2/online/routeb_cumulative_hippo_mt64_ms64/seed4/blocks.csv,,0.7091666666666666,0.9275,0.9908333333333333,0.020940791815519333,4.5765191316604614e-06,0.4818353896458937,163.95947265625,5813400,torch,cuda,float64,cpu
short,online,routeb_global_inducing_mt128_ms128,routeb_global_inducing_mt128_ms128,0,complete,runs/task1_2/online/routeb_global_inducing_mt128_ms128/seed0,runs/task1_2/online/routeb_global_inducing_mt128_ms128/seed0/result.json,runs/task1_2/online/routeb_global_inducing_mt128_ms128/seed0/predictions.npz,,True,0.05796133128998553,-1.316217119704721,0.9805,0.05267500895829214,5.179232684895396,0.0906643457710743,351.341796875,416.0,,19.46204376220703,0,0,10,10,0.08978640530646499,0.044101299718022346,0,Task2,runs/task1_2/online/routeb_global_inducing_mt128_ms128/seed0/blocks.csv,,0.8015,0.953,0.987,0.003963954746723175,2.615712098777294,0.2953709888385476,351.341796875,20407432,torch,cuda,float64,cuda
short,online,routeb_global_inducing_mt128_ms128,routeb_global_inducing_mt128_ms128,0,complete,runs/task1_2/online/routeb_global_inducing_mt128_ms128/seed0,runs/task1_2/online/routeb_global_inducing_mt128_ms128/seed0/result.json,runs/task1_2/online/routeb_global_inducing_mt128_ms128/seed0/predictions.npz,,True,0.06544473517559088,-1.269451443771717,0.968,0.05267500895829214,5.179232684895396,0.020428204908967018,351.341796875,416.0,,19.46204376220703,1,10,20,10,0.08950677340116726,0.020418744534254074,1,Task2,runs/task1_2/online/routeb_global_inducing_mt128_ms128/seed0/blocks.csv,,0.7375,0.93,0.981,0.008030535653233528,6.141141057014465e-06,0.29445108173126705,351.341796875,20407432,torch,cuda,float64,cuda
short,online,routeb_global_inducing_mt128_ms128,routeb_global_inducing_mt128_ms128,0,complete,runs/task1_2/online/routeb_global_inducing_mt128_ms128/seed0,runs/task1_2/online/routeb_global_inducing_mt128_ms128/seed0/result.json,runs/task1_2/online/routeb_global_inducing_mt128_ms128/seed0/predictions.npz,,True,0.0784982026694654,-1.1838347465501005,0.955,0.05267500895829214,5.179232684895396,0.020428426563739777,351.341796875,416.0,,19.46204376220703,2,20,30,10,0.0896926456123268,0.02231951802968979,2,Task2,runs/task1_2/online/routeb_global_inducing_mt128_ms128/seed0/blocks.csv,,0.654,0.9065,0.9775,0.005976540967822075,6.163492798805237e-06,0.2950625468926176,351.341796875,20407432,torch,cuda,float64,cuda
short,online,routeb_global_inducing_mt128_ms128,routeb_global_inducing_mt128_ms128,0,complete,runs/task1_2/online/routeb_global_inducing_mt128_ms128/seed0,runs/task1_2/online/routeb_global_inducing_mt128_ms128/seed0/result.json,runs/task1_2/online/routeb_global_inducing_mt128_ms128/seed0/predictions.npz,,True,0.07619302598567639,-1.1930343878265526,0.9525,0.05267500895829214,5.179232684895396,0.020460566505789757,351.341796875,416.0,,19.46204376220703,3,30,40,10,0.08986128034797208,0.020326726138591766,3,Task2,runs/task1_2/online/routeb_global_inducing_mt128_ms128/seed0/blocks.csv,,0.6985,0.898,0.968,0.005958564579486847,6.375834345817566e-06,0.29561730580572987,351.341796875,20407432,torch,cuda,float64,cuda
short,online,routeb_global_inducing_mt128_ms128,routeb_global_inducing_mt128_ms128,0,complete,runs/task1_2/online/routeb_global_inducing_mt128_ms128/seed0,runs/task1_2/online/routeb_global_inducing_mt128_ms128/seed0/result.json,runs/task1_2/online/routeb_global_inducing_mt128_ms128/seed0/predictions.npz,,True,0.0677992480511429,-1.2467695150706632,0.9665,0.05267500895829214,5.179232684895396,0.02046933025121689,351.341796875,416.0,,19.46204376220703,4,40,50,10,0.09001236249685864,0.021143630146980286,4,Task2,runs/task1_2/online/routeb_global_inducing_mt128_ms128/seed0/blocks.csv,,0.685,0.919,0.9865,0.003989383578300476,6.640329957008362e-06,0.29611432184685726,351.341796875,20407432,torch,cuda,float64,cuda
short,online,routeb_global_inducing_mt128_ms128,routeb_global_inducing_mt128_ms128,0,complete,runs/task1_2/online/routeb_global_inducing_mt128_ms128/seed0,runs/task1_2/online/routeb_global_inducing_mt128_ms128/seed0/result.json,runs/task1_2/online/routeb_global_inducing_mt128_ms128/seed0/predictions.npz,,True,0.05028831748573466,-1.3683772145098683,0.9945,0.05267500895829214,5.179232684895396,0.01981966756284237,351.341796875,416.0,,19.46204376220703,5,50,60,10,0.08998096412683323,0.0204940102994442,5,Task2,runs/task1_2/online/routeb_global_inducing_mt128_ms128/seed0/blocks.csv,,0.8025,0.98,0.9965,0.003722451627254486,6.431713700294495e-06,0.29601103040122384,351.341796875,20407432,torch,cuda,float64,cuda
short,online,routeb_global_inducing_mt128_ms128,routeb_global_inducing_mt128_ms128,0,complete,runs/task1_2/online/routeb_global_inducing_mt128_ms128/seed0,runs/task1_2/online/routeb_global_inducing_mt128_ms128/seed0/result.json,runs/task1_2/online/routeb_global_inducing_mt128_ms128/seed0/predictions.npz,,True,0.051686606693435916,-1.3658746051566093,0.9945,0.05267500895829214,5.179232684895396,0.018829114735126495,351.341796875,416.0,,19.46204376220703,6,60,70,10,0.08981985560631935,0.01878429390490055,6,Task2,runs/task1_2/online/routeb_global_inducing_mt128_ms128/seed0/blocks.csv,,0.796,0.979,0.998,0.0032042600214481354,6.366521120071411e-06,0.29548103053262376,351.341796875,20407432,torch,cuda,float64,cuda
short,online,routeb_global_inducing_mt128_ms128,routeb_global_inducing_mt128_ms128,0,complete,runs/task1_2/online/routeb_global_inducing_mt128_ms128/seed0,runs/task1_2/online/routeb_global_inducing_mt128_ms128/seed0/result.json,runs/task1_2/online/routeb_global_inducing_mt128_ms128/seed0/predictions.npz,,True,0.06037222757749604,-1.3196815299921894,0.982,0.05267500895829214,5.179232684895396,0.018842479214072227,351.341796875,416.0,,19.46204376220703,7,70,80,10,0.08960739345996017,0.018788129091262817,7,Task2,runs/task1_2/online/routeb_global_inducing_mt128_ms128/seed0/blocks.csv,,0.7405,0.9535,0.991,0.003110365942120552,7.90320336818695e-06,0.2947820922685663,351.341796875,20407432,torch,cuda,float64,cuda
short,online,routeb_global_inducing_mt128_ms128,routeb_global_inducing_mt128_ms128,0,complete,runs/task1_2/online/routeb_global_inducing_mt128_ms128/seed0,runs/task1_2/online/routeb_global_inducing_mt128_ms128/seed0/result.json,runs/task1_2/online/routeb_global_inducing_mt128_ms128/seed0/predictions.npz,,True,0.05854786578961651,-1.3095305936649484,0.98,0.05267500895829214,5.179232684895396,0.018887218087911606,351.341796875,416.0,,19.46204376220703,8,80,90,10,0.08941880517125253,0.018840543925762177,8,Task2,runs/task1_2/online/routeb_global_inducing_mt128_ms128/seed0/blocks.csv,,0.727,0.9485,0.9905,0.003194103017449379,5.09992241859436e-06,0.29416169200720355,351.341796875,20407432,torch,cuda,float64,cuda
short,online,routeb_global_inducing_mt128_ms128,routeb_global_inducing_mt128_ms128,0,complete,runs/task1_2/online/routeb_global_inducing_mt128_ms128/seed0,runs/task1_2/online/routeb_global_inducing_mt128_ms128/seed0/result.json,runs/task1_2/online/routeb_global_inducing_mt128_ms128/seed0/predictions.npz,,True,0.06702602123070456,-1.2617983296529092,0.964,0.05267500895829214,5.179232684895396,0.018899640068411827,351.341796875,416.0,,19.46204376220703,9,90,100,10,0.08955715071212625,0.018847666680812836,9,Task2,runs/task1_2/online/routeb_global_inducing_mt128_ms128/seed0/blocks.csv,,0.7395,0.927,0.9795,0.0037924200296401978,5.066394805908203e-06,0.29461680833656095,351.341796875,20407432,torch,cuda,float64,cuda
short,online,routeb_global_inducing_mt128_ms128,routeb_global_inducing_mt128_ms128,0,complete,runs/task1_2/online/routeb_global_inducing_mt128_ms128/seed0,runs/task1_2/online/routeb_global_inducing_mt128_ms128/seed0/result.json,runs/task1_2/online/routeb_global_inducing_mt128_ms128/seed0/predictions.npz,,True,0.06140343580730399,-1.3081197070489303,0.973,0.05267500895829214,5.179232684895396,0.018940448760986328,351.341796875,416.0,,19.46204376220703,10,100,110,10,0.08977086712271563,0.018866172060370445,10,Task2,runs/task1_2/online/routeb_global_inducing_mt128_ms128/seed0/blocks.csv,,0.7895,0.954,0.9855,0.003329021856188774,5.200505256652832e-06,0.29531987276275495,351.341796875,20407432,torch,cuda,float64,cuda
short,online,routeb_global_inducing_mt128_ms128,routeb_global_inducing_mt128_ms128,0,complete,runs/task1_2/online/routeb_global_inducing_mt128_ms128/seed0,runs/task1_2/online/routeb_global_inducing_mt128_ms128/seed0/result.json,runs/task1_2/online/routeb_global_inducing_mt128_ms128/seed0/predictions.npz,,True,0.0732226270438745,-1.1938142353653338,0.9545,0.05267500895829214,5.179232684895396,0.018962282687425613,351.341796875,416.0,,19.46204376220703,11,110,120,10,0.08994203066340106,0.018885867670178413,11,Task2,runs/task1_2/online/routeb_global_inducing_mt128_ms128/seed0/blocks.csv,,0.649,0.896,0.977,0.0036768056452274323,5.623325705528259e-06,0.29588295070415155,351.341796875,20407432,torch,cuda,float64,cuda
short,online,routeb_global_inducing_mt128_ms128,routeb_global_inducing_mt128_ms128,0,complete,runs/task1_2/online/routeb_global_inducing_mt128_ms128/seed0,runs/task1_2/online/routeb_global_inducing_mt128_ms128/seed0/result.json,runs/task1_2/online/routeb_global_inducing_mt128_ms128/seed0/predictions.npz,,True,0.08314049146665886,-1.1232356721847778,0.9295,0.05267500895829214,5.179232684895396,0.0189506895840168,351.341796875,416.0,,19.46204376220703,12,120,130,10,0.09002406488602652,0.0189700685441494,12,Task2,runs/task1_2/online/routeb_global_inducing_mt128_ms128/seed0/blocks.csv,,0.6065,0.8625,0.962,0.003473617136478424,4.859641194343567e-06,0.2961528192813908,351.341796875,20407432,torch,cuda,float64,cuda
short,online,routeb_global_inducing_mt128_ms128,routeb_global_inducing_mt128_ms128,0,complete,runs/task1_2/online/routeb_global_inducing_mt128_ms128/seed0,runs/task1_2/online/routeb_global_inducing_mt128_ms128/seed0/result.json,runs/task1_2/online/routeb_global_inducing_mt128_ms128/seed0/predictions.npz,,True,0.08455760292069742,-1.089586470798041,0.921,0.05267500895829214,5.179232684895396,0.018921688199043274,351.341796875,416.0,,19.46204376220703,13,130,140,10,0.08987578411535894,0.018861396238207817,13,Task2,runs/task1_2/online/routeb_global_inducing_mt128_ms128/seed0/blocks.csv,,0.62,0.8475,0.957,0.003252420574426651,4.770234227180481e-06,0.2956650189545113,351.341796875,20407432,torch,cuda,float64,cuda
short,online,routeb_global_inducing_mt128_ms128,routeb_global_inducing_mt128_ms128,0,complete,runs/task1_2/online/routeb_global_inducing_mt128_ms128/seed0,runs/task1_2/online/routeb_global_inducing_mt128_ms128/seed0/result.json,runs/task1_2/online/routeb_global_inducing_mt128_ms128/seed0/predictions.npz,,True,0.07322819948398171,-1.192481808342694,0.951,0.05267500895829214,5.179232684895396,0.018947912380099297,351.341796875,416.0,,19.46204376220703,14,140,150,10,0.08970622656308297,0.0189245343208313,14,Task2,runs/task1_2/online/routeb_global_inducing_mt128_ms128/seed0/blocks.csv,,0.655,0.8975,0.971,0.0032651610672473907,4.719942808151245e-06,0.29510722424483504,351.341796875,20407432,torch,cuda,float64,cuda
short,online,routeb_global_inducing_mt128_ms128,routeb_global_inducing_mt128_ms128,0,complete,runs/task1_2/online/routeb_global_inducing_mt128_ms128/seed0,runs/task1_2/online/routeb_global_inducing_mt128_ms128/seed0/result.json,runs/task1_2/online/routeb_global_inducing_mt128_ms128/seed0/predictions.npz,,True,0.07747364350749805,-1.169793298014001,0.944,0.05267500895829214,5.179232684895396,0.018967583775520325,351.341796875,416.0,,19.46204376220703,15,150,160,10,0.0894558188550494,0.018906664103269577,15,Task2,runs/task1_2/online/routeb_global_inducing_mt128_ms128/seed0/blocks.csv,,0.62,0.8795,0.971,0.0031357761472463608,5.148351192474365e-06,0.29428345619128377,351.341796875,20407432,torch,cuda,float64,cuda
short,online,routeb_global_inducing_mt128_ms128,routeb_global_inducing_mt128_ms128,0,complete,runs/task1_2/online/routeb_global_inducing_mt128_ms128/seed0,runs/task1_2/online/routeb_global_inducing_mt128_ms128/seed0/result.json,runs/task1_2/online/routeb_global_inducing_mt128_ms128/seed0/predictions.npz,,True,0.07262174846391774,-1.2052770649083722,0.9545,0.05267500895829214,5.179232684895396,0.018972476944327354,351.341796875,416.0,,19.46204376220703,16,160,170,10,0.08945971298671306,0.018919507041573524,16,Task2,runs/task1_2/online/routeb_global_inducing_mt128_ms128/seed0/blocks.csv,,0.6535,0.894,0.974,0.004062708467245102,5.120411515235901e-06,0.29429626674446535,351.341796875,20407432,torch,cuda,float64,cuda
short,online,routeb_global_inducing_mt128_ms128,routeb_global_inducing_mt128_ms128,0,complete,runs/task1_2/online/routeb_global_inducing_mt128_ms128/seed0,runs/task1_2/online/routeb_global_inducing_mt128_ms128/seed0/result.json,runs/task1_2/online/routeb_global_inducing_mt128_ms128/seed0/predictions.npz,,True,0.05807680953870004,-1.3198047113096583,0.978,0.05267500895829214,5.179232684895396,0.019002635031938553,351.341796875,416.0,,19.46204376220703,17,170,180,10,0.08969719748946454,0.01901291310787201,17,Task2,runs/task1_2/online/routeb_global_inducing_mt128_ms128/seed0/blocks.csv,,0.7725,0.9465,0.9895,0.00353432260453701,4.92483377456665e-06,0.2950775212358564,351.341796875,20407432,torch,cuda,float64,cuda
short,online,routeb_global_inducing_mt128_ms128,routeb_global_inducing_mt128_ms128,0,complete,runs/task1_2/online/routeb_global_inducing_mt128_ms128/seed0,runs/task1_2/online/routeb_global_inducing_mt128_ms128/seed0/result.json,runs/task1_2/online/routeb_global_inducing_mt128_ms128/seed0/predictions.npz,,True,0.05267500895829214,-1.3402441166777666,0.9875,0.05267500895829214,5.179232684895396,0.015604959800839424,351.341796875,416.0,,19.46204376220703,18,180,186,6,0.08996090575434079,0.018467171117663383,18,Task2,runs/task1_2/online/routeb_global_inducing_mt128_ms128/seed0/blocks.csv,,0.7758333333333334,0.9566666666666667,0.9941666666666666,0.00277046300470829,4.898756742477417e-06,0.29594504422773404,351.341796875,20407432,torch,cuda,float64,cuda
short,online,routeb_global_inducing_mt128_ms128,routeb_global_inducing_mt128_ms128,1,complete,runs/task1_2/online/routeb_global_inducing_mt128_ms128/seed1,runs/task1_2/online/routeb_global_inducing_mt128_ms128/seed1/result.json,runs/task1_2/online/routeb_global_inducing_mt128_ms128/seed1/predictions.npz,,True,0.06459693836176796,-1.287888769243992,0.9755,0.05816265106067836,5.229552486911416,0.09505218267440796,351.341796875,416.0,,19.46204376220703,0,0,10,10,0.09257522329016293,0.0515779759734869,0,Task2,runs/task1_2/online/routeb_global_inducing_mt128_ms128/seed1/blocks.csv,,0.776,0.9515,0.985,0.005291271954774857,2.7304940950125456,0.3045453835893338,351.341796875,20407432,torch,cuda,float64,cuda
short,online,routeb_global_inducing_mt128_ms128,routeb_global_inducing_mt128_ms128,1,complete,runs/task1_2/online/routeb_global_inducing_mt128_ms128/seed1,runs/task1_2/online/routeb_global_inducing_mt128_ms128/seed1/result.json,runs/task1_2/online/routeb_global_inducing_mt128_ms128/seed1/predictions.npz,,True,0.08069348323806326,-1.2304719999027802,0.959,0.05816265106067836,5.229552486911416,0.0203983373939991,351.341796875,416.0,,19.46204376220703,1,10,20,10,0.09227514210631531,0.02056475542485714,1,Task2,runs/task1_2/online/routeb_global_inducing_mt128_ms128/seed1/blocks.csv,,0.703,0.9115,0.9765,0.008604934439063072,9.192153811454773e-06,0.3035582043420705,351.341796875,20407432,torch,cuda,float64,cuda
short,online,routeb_global_inducing_mt128_ms128,routeb_global_inducing_mt128_ms128,1,complete,runs/task1_2/online/routeb_global_inducing_mt128_ms128/seed1,runs/task1_2/online/routeb_global_inducing_mt128_ms128/seed1/result.json,runs/task1_2/online/routeb_global_inducing_mt128_ms128/seed1/predictions.npz,,True,0.08921784615419795,-1.1021391143864236,0.934,0.05816265106067836,5.229552486911416,0.02147766388952732,351.341796875,416.0,,19.46204376220703,2,20,30,10,0.09249568387065858,0.020322328433394432,2,Task2,runs/task1_2/online/routeb_global_inducing_mt128_ms128/seed1/blocks.csv,,0.614,0.8715,0.9615,0.0065267570316791534,7.187947630882263e-06,0.3042837221840191,351.341796875,20407432,torch,cuda,float64,cuda
short,online,routeb_global_inducing_mt128_ms128,routeb_global_inducing_mt128_ms128,1,complete,runs/task1_2/online/routeb_global_inducing_mt128_ms128/seed1,runs/task1_2/online/routeb_global_inducing_mt128_ms128/seed1/result.json,runs/task1_2/online/routeb_global_inducing_mt128_ms128/seed1/predictions.npz,,True,0.08873807505885142,-1.1193274836249065,0.9325,0.05816265106067836,5.229552486911416,0.01877858117222786,351.341796875,416.0,,19.46204376220703,3,30,40,10,0.09268447429872513,0.01868564821779728,3,Task2,runs/task1_2/online/routeb_global_inducing_mt128_ms128/seed1/blocks.csv,,0.714,0.899,0.9595,0.003629608079791069,6.875023245811462e-06,0.3049047874246971,351.341796875,20407432,torch,cuda,float64,cuda
short,online,routeb_global_inducing_mt128_ms128,routeb_global_inducing_mt128_ms128,1,complete,runs/task1_2/online/routeb_global_inducing_mt128_ms128/seed1,runs/task1_2/online/routeb_global_inducing_mt128_ms128/seed1/result.json,runs/task1_2/online/routeb_global_inducing_mt128_ms128/seed1/predictions.npz,,True,0.07257492744533504,-1.2352456069929862,0.9645,0.05816265106067836,5.229552486911416,0.018791398033499718,351.341796875,416.0,,19.46204376220703,4,40,50,10,0.0928558291545879,0.0187123641371727,4,Task2,runs/task1_2/online/routeb_global_inducing_mt128_ms128/seed1/blocks.csv,,0.6895,0.9285,0.9815,0.0034117698669433594,6.034970283508301e-06,0.3054684947370203,351.341796875,20407432,torch,cuda,float64,cuda
short,online,routeb_global_inducing_mt128_ms128,routeb_global_inducing_mt128_ms128,1,complete,runs/task1_2/online/routeb_global_inducing_mt128_ms128/seed1,runs/task1_2/online/routeb_global_inducing_mt128_ms128/seed1/result.json,runs/task1_2/online/routeb_global_inducing_mt128_ms128/seed1/predictions.npz,,True,0.048915926192840437,-1.358830326829618,0.9945,0.05816265106067836,5.229552486911416,0.02074798010289669,351.341796875,416.0,,19.46204376220703,5,50,60,10,0.09281729549067305,0.01872621290385723,5,Task2,runs/task1_2/online/routeb_global_inducing_mt128_ms128/seed1/blocks.csv,,0.8045,0.985,0.999,0.0032262448221445084,5.885958671569824e-06,0.3053417302633202,351.341796875,20407432,torch,cuda,float64,cuda
short,online,routeb_global_inducing_mt128_ms128,routeb_global_inducing_mt128_ms128,1,complete,runs/task1_2/online/routeb_global_inducing_mt128_ms128/seed1,runs/task1_2/online/routeb_global_inducing_mt128_ms128/seed1/result.json,runs/task1_2/online/routeb_global_inducing_mt128_ms128/seed1/predictions.npz,,True,0.04988088338139616,-1.3589859184181972,0.994,0.05816265106067836,5.229552486911416,0.018881676718592644,351.341796875,416.0,,19.46204376220703,6,60,70,10,0.09263733837549856,0.01918112114071846,6,Task2,runs/task1_2/online/routeb_global_inducing_mt128_ms128/seed1/blocks.csv,,0.8155,0.9795,0.998,0.004310816526412964,1.1509284377098083e-05,0.30474972403613926,351.341796875,20407432,torch,cuda,float64,cuda
short,online,routeb_global_inducing_mt128_ms128,routeb_global_inducing_mt128_ms128,1,complete,runs/task1_2/online/routeb_global_inducing_mt128_ms128/seed1,runs/task1_2/online/routeb_global_inducing_mt128_ms128/seed1/result.json,runs/task1_2/online/routeb_global_inducing_mt128_ms128/seed1/predictions.npz,,True,0.06059777061049359,-1.3067779326022255,0.98,0.05816265106067836,5.229552486911416,0.018933700397610664,351.341796875,416.0,,19.46204376220703,7,70,80,10,0.09239842716206133,0.01896698959171772,7,Task2,runs/task1_2/online/routeb_global_inducing_mt128_ms128/seed1/blocks.csv,,0.7635,0.948,0.9915,0.007956752553582191,8.046627044677734e-06,0.303963776084256,351.341796875,20407432,torch,cuda,float64,cuda
short,online,routeb_global_inducing_mt128_ms128,routeb_global_inducing_mt128_ms128,1,complete,runs/task1_2/online/routeb_global_inducing_mt128_ms128/seed1,runs/task1_2/online/routeb_global_inducing_mt128_ms128/seed1/result.json,runs/task1_2/online/routeb_global_inducing_mt128_ms128/seed1/predictions.npz,,True,0.06295187695314208,-1.2897148818765745,0.9755,0.05816265106067836,5.229552486911416,0.018854517489671707,351.341796875,416.0,,19.46204376220703,8,80,90,10,0.09218040055478412,0.018813971430063248,8,Task2,runs/task1_2/online/routeb_global_inducing_mt128_ms128/seed1/blocks.csv,,0.758,0.942,0.9855,0.004588333889842033,5.953013896942139e-06,0.3032465323727523,351.341796875,20407432,torch,cuda,float64,cuda
short,online,routeb_global_inducing_mt128_ms128,routeb_global_inducing_mt128_ms128,1,complete,runs/task1_2/online/routeb_global_inducing_mt128_ms128/seed1,runs/task1_2/online/routeb_global_inducing_mt128_ms128/seed1/result.json,runs/task1_2/online/routeb_global_inducing_mt128_ms128/seed1/predictions.npz,,True,0.07555026340336757,-1.2010357555640174,0.9555,0.05816265106067836,5.229552486911416,0.018902359530329704,351.341796875,416.0,,19.46204376220703,9,90,100,10,0.09234313756798113,0.01892685331404209,9,Task2,runs/task1_2/online/routeb_global_inducing_mt128_ms128/seed1/blocks.csv,,0.6895,0.9105,0.976,0.004043614491820335,5.0067901611328125e-06,0.303781889505545,351.341796875,20407432,torch,cuda,float64,cuda
short,online,routeb_global_inducing_mt128_ms128,routeb_global_inducing_mt128_ms128,1,complete,runs/task1_2/online/routeb_global_inducing_mt128_ms128/seed1,runs/task1_2/online/routeb_global_inducing_mt128_ms128/seed1/result.json,runs/task1_2/online/routeb_global_inducing_mt128_ms128/seed1/predictions.npz,,True,0.06753700845126685,-1.2670844811894253,0.9775,0.05816265106067836,5.229552486911416,0.01888544298708439,351.341796875,416.0,,19.46204376220703,10,100,110,10,0.09258631314877315,0.018813615664839745,10,Task2,runs/task1_2/online/routeb_global_inducing_mt128_ms128/seed1/blocks.csv,,0.7725,0.9465,0.987,0.0031917523592710495,4.507601261138916e-06,0.3045818659776485,351.341796875,20407432,torch,cuda,float64,cuda
short,online,routeb_global_inducing_mt128_ms128,routeb_global_inducing_mt128_ms128,1,complete,runs/task1_2/online/routeb_global_inducing_mt128_ms128/seed1,runs/task1_2/online/routeb_global_inducing_mt128_ms128/seed1/result.json,runs/task1_2/online/routeb_global_inducing_mt128_ms128/seed1/predictions.npz,,True,0.07580540389031243,-1.1742427269493951,0.943,0.05816265106067836,5.229552486911416,0.02153434231877327,351.341796875,416.0,,19.46204376220703,11,110,120,10,0.09277650770435185,0.0188963171094656,11,Task2,runs/task1_2/online/routeb_global_inducing_mt128_ms128/seed1/blocks.csv,,0.651,0.9005,0.9715,0.0032775308936834335,4.926696419715881e-06,0.30520755038678865,351.341796875,20407432,torch,cuda,float64,cuda
short,online,routeb_global_inducing_mt128_ms128,routeb_global_inducing_mt128_ms128,1,complete,runs/task1_2/online/routeb_global_inducing_mt128_ms128/seed1,runs/task1_2/online/routeb_global_inducing_mt128_ms128/seed1/result.json,runs/task1_2/online/routeb_global_inducing_mt128_ms128/seed1/predictions.npz,,True,0.09439621417441717,-0.9833866188090465,0.9085,0.05816265106067836,5.229552486911416,0.018927402794361115,351.341796875,416.0,,19.46204376220703,12,120,130,10,0.09286856218987777,0.0188264362514019,12,Task2,runs/task1_2/online/routeb_global_inducing_mt128_ms128/seed1/blocks.csv,,0.5655,0.8305,0.9405,0.0030620601028203964,4.215165972709656e-06,0.3055103826955776,351.341796875,20407432,torch,cuda,float64,cuda
short,online,routeb_global_inducing_mt128_ms128,routeb_global_inducing_mt128_ms128,1,complete,runs/task1_2/online/routeb_global_inducing_mt128_ms128/seed1,runs/task1_2/online/routeb_global_inducing_mt128_ms128/seed1/result.json,runs/task1_2/online/routeb_global_inducing_mt128_ms128/seed1/predictions.npz,,True,0.09368160783194673,-1.0079460841503294,0.907,0.05816265106067836,5.229552486911416,0.01893492043018341,351.341796875,416.0,,19.46204376220703,13,130,140,10,0.09269860846337576,0.018903641030192375,13,Task2,runs/task1_2/online/routeb_global_inducing_mt128_ms128/seed1/blocks.csv,,0.601,0.8405,0.945,0.0032485518604516983,4.26173210144043e-06,0.3049512846886761,351.341796875,20407432,torch,cuda,float64,cuda
short,online,routeb_global_inducing_mt128_ms128,routeb_global_inducing_mt128_ms128,1,complete,runs/task1_2/online/routeb_global_inducing_mt128_ms128/seed1,runs/task1_2/online/routeb_global_inducing_mt128_ms128/seed1/result.json,runs/task1_2/online/routeb_global_inducing_mt128_ms128/seed1/predictions.npz,,True,0.07716024837944988,-1.1907319098004452,0.955,0.05816265106067836,5.229552486911416,0.018952568992972374,351.341796875,416.0,,19.46204376220703,14,140,150,10,0.09250862041718483,0.018860474228858948,14,Task2,runs/task1_2/online/routeb_global_inducing_mt128_ms128/seed1/blocks.csv,,0.6765,0.914,0.9745,0.0031019169837236404,3.986060619354248e-06,0.30432627963496695,351.341796875,20407432,torch,cuda,float64,cuda
short,online,routeb_global_inducing_mt128_ms128,routeb_global_inducing_mt128_ms128,1,complete,runs/task1_2/online/routeb_global_inducing_mt128_ms128/seed1,runs/task1_2/online/routeb_global_inducing_mt128_ms128/seed1/result.json,runs/task1_2/online/routeb_global_inducing_mt128_ms128/seed1/predictions.npz,,True,0.0847289403329899,-1.145980877197317,0.942,0.05816265106067836,5.229552486911416,0.0189511701464653,351.341796875,416.0,,19.46204376220703,15,150,160,10,0.09222195228241645,0.018892930820584297,15,Task2,runs/task1_2/online/routeb_global_inducing_mt128_ms128/seed1/blocks.csv,,0.628,0.8745,0.973,0.004124503582715988,6.034970283508301e-06,0.3033832253925566,351.341796875,20407432,torch,cuda,float64,cuda
short,online,routeb_global_inducing_mt128_ms128,routeb_global_inducing_mt128_ms128,1,complete,runs/task1_2/online/routeb_global_inducing_mt128_ms128/seed1,runs/task1_2/online/routeb_global_inducing_mt128_ms128/seed1/result.json,runs/task1_2/online/routeb_global_inducing_mt128_ms128/seed1/predictions.npz,,True,0.07751586415794531,-1.1440401219409977,0.946,0.05816265106067836,5.229552486911416,0.018968816846609116,351.341796875,416.0,,19.46204376220703,16,160,170,10,0.09222986882082136,0.01896151341497898,16,Task2,runs/task1_2/online/routeb_global_inducing_mt128_ms128/seed1/blocks.csv,,0.634,0.8795,0.966,0.003641955554485321,4.297122359275818e-06,0.3034092684863731,351.341796875,20407432,torch,cuda,float64,cuda
short,online,routeb_global_inducing_mt128_ms128,routeb_global_inducing_mt128_ms128,1,complete,runs/task1_2/online/routeb_global_inducing_mt128_ms128/seed1,runs/task1_2/online/routeb_global_inducing_mt128_ms128/seed1/result.json,runs/task1_2/online/routeb_global_inducing_mt128_ms128/seed1/predictions.npz,,True,0.06632322978306017,-1.2752798912536984,0.9755,0.05816265106067836,5.229552486911416,0.01894892193377018,351.341796875,416.0,,19.46204376220703,17,170,180,10,0.0925042150332297,0.018908461555838585,17,Task2,runs/task1_2/online/routeb_global_inducing_mt128_ms128/seed1/blocks.csv,,0.735,0.9345,0.987,0.003518335521221161,4.12575900554657e-06,0.3043117872114135,351.341796875,20407432,torch,cuda,float64,cuda
short,online,routeb_global_inducing_mt128_ms128,routeb_global_inducing_mt128_ms128,1,complete,runs/task1_2/online/routeb_global_inducing_mt128_ms128/seed1,runs/task1_2/online/routeb_global_inducing_mt128_ms128/seed1/result.json,runs/task1_2/online/routeb_global_inducing_mt128_ms128/seed1/predictions.npz,,True,0.05816265106067836,-1.3034482634596785,0.9841666666666666,0.05816265106067836,5.229552486911416,0.01564045436680317,351.341796875,416.0,,19.46204376220703,18,180,186,6,0.09279209005787498,0.018551873043179512,18,Task2,runs/task1_2/online/routeb_global_inducing_mt128_ms128/seed1/blocks.csv,,0.75,0.955,0.9933333333333333,0.0022403113543987274,5.0906091928482056e-06,0.30525881176820663,351.341796875,20407432,torch,cuda,float64,cuda
short,online,routeb_global_inducing_mt128_ms128,routeb_global_inducing_mt128_ms128,2,complete,runs/task1_2/online/routeb_global_inducing_mt128_ms128/seed2,runs/task1_2/online/routeb_global_inducing_mt128_ms128/seed2/result.json,runs/task1_2/online/routeb_global_inducing_mt128_ms128/seed2/predictions.npz,,True,0.05490860730274444,-1.3165680124575156,0.98,0.05751837001044794,5.19970565289259,0.08984762988984585,351.341796875,416.0,,19.46204376220703,0,0,10,10,0.09230676021533495,0.04742041230201721,0,Task2,runs/task1_2/online/routeb_global_inducing_mt128_ms128/seed2/blocks.csv,,0.7855,0.959,0.9915,0.008524822071194649,2.6359029691666365,0.3036622186646671,351.341796875,20407432,torch,cuda,float64,cuda
short,online,routeb_global_inducing_mt128_ms128,routeb_global_inducing_mt128_ms128,2,complete,runs/task1_2/online/routeb_global_inducing_mt128_ms128/seed2,runs/task1_2/online/routeb_global_inducing_mt128_ms128/seed2/result.json,runs/task1_2/online/routeb_global_inducing_mt128_ms128/seed2/predictions.npz,,True,0.06742069576873923,-1.2669089177403454,0.9765,0.05751837001044794,5.19970565289259,0.020482607185840607,351.341796875,416.0,,19.46204376220703,1,10,20,10,0.09202941664502073,0.020509982481598854,1,Task2,runs/task1_2/online/routeb_global_inducing_mt128_ms128/seed2/blocks.csv,,0.733,0.932,0.9895,0.007960300892591476,7.459893822669983e-06,0.30274983950958106,351.341796875,20407432,torch,cuda,float64,cuda
short,online,routeb_global_inducing_mt128_ms128,routeb_global_inducing_mt128_ms128,2,complete,runs/task1_2/online/routeb_global_inducing_mt128_ms128/seed2,runs/task1_2/online/routeb_global_inducing_mt128_ms128/seed2/result.json,runs/task1_2/online/routeb_global_inducing_mt128_ms128/seed2/predictions.npz,,True,0.08660997504757435,-1.1194944740673423,0.943,0.05751837001044794,5.19970565289259,0.020448949187994003,351.341796875,416.0,,19.46204376220703,2,20,30,10,0.0922218824122967,0.020334957167506218,2,Task2,runs/task1_2/online/routeb_global_inducing_mt128_ms128/seed2/blocks.csv,,0.634,0.884,0.9685,0.005763126537203789,6.660819053649902e-06,0.3033829955403169,351.341796875,20407432,torch,cuda,float64,cuda
short,online,routeb_global_inducing_mt128_ms128,routeb_global_inducing_mt128_ms128,2,complete,runs/task1_2/online/routeb_global_inducing_mt128_ms128/seed2,runs/task1_2/online/routeb_global_inducing_mt128_ms128/seed2/result.json,runs/task1_2/online/routeb_global_inducing_mt128_ms128/seed2/predictions.npz,,True,0.082732494997834,-1.1553299669461825,0.946,0.05751837001044794,5.19970565289259,0.02042965590953827,351.341796875,416.0,,19.46204376220703,3,30,40,10,0.09239418864093017,0.020335521548986435,3,Task2,runs/task1_2/online/routeb_global_inducing_mt128_ms128/seed2/blocks.csv,,0.689,0.912,0.968,0.0036775320768356323,5.848705768585205e-06,0.30394983259054503,351.341796875,20407432,torch,cuda,float64,cuda
short,online,routeb_global_inducing_mt128_ms128,routeb_global_inducing_mt128_ms128,2,complete,runs/task1_2/online/routeb_global_inducing_mt128_ms128/seed2,runs/task1_2/online/routeb_global_inducing_mt128_ms128/seed2/result.json,runs/task1_2/online/routeb_global_inducing_mt128_ms128/seed2/predictions.npz,,True,0.06626150917437425,-1.2608986060426932,0.971,0.05751837001044794,5.19970565289259,0.020465483888983727,351.341796875,416.0,,19.46204376220703,4,40,50,10,0.09254258468801399,0.020329676568508148,4,Task2,runs/task1_2/online/routeb_global_inducing_mt128_ms128/seed2/blocks.csv,,0.7145,0.935,0.9905,0.002847844734787941,5.928799510002136e-06,0.3044380121430872,351.341796875,20407432,torch,cuda,float64,cuda
short,online,routeb_global_inducing_mt128_ms128,routeb_global_inducing_mt128_ms128,2,complete,runs/task1_2/online/routeb_global_inducing_mt128_ms128/seed2,runs/task1_2/online/routeb_global_inducing_mt128_ms128/seed2/result.json,runs/task1_2/online/routeb_global_inducing_mt128_ms128/seed2/predictions.npz,,True,0.05102939407275915,-1.350965052277635,0.993,0.05751837001044794,5.19970565289259,0.018834654241800308,351.341796875,416.0,,19.46204376220703,5,50,60,10,0.09250958564525488,0.018842540681362152,5,Task2,runs/task1_2/online/routeb_global_inducing_mt128_ms128/seed2/blocks.csv,,0.8125,0.98,0.9955,0.0026393961161375046,5.578622221946716e-06,0.3043294549527507,351.341796875,20407432,torch,cuda,float64,cuda
short,online,routeb_global_inducing_mt128_ms128,routeb_global_inducing_mt128_ms128,2,complete,runs/task1_2/online/routeb_global_inducing_mt128_ms128/seed2,runs/task1_2/online/routeb_global_inducing_mt128_ms128/seed2/result.json,runs/task1_2/online/routeb_global_inducing_mt128_ms128/seed2/predictions.npz,,True,0.05348626811023214,-1.3472063256938132,0.9945,0.05751837001044794,5.19970565289259,0.018840182572603226,351.341796875,416.0,,19.46204376220703,6,60,70,10,0.0923478616458267,0.018737833946943283,6,Task2,runs/task1_2/online/routeb_global_inducing_mt128_ms128/seed2/blocks.csv,,0.786,0.974,0.9985,0.002474704757332802,5.543231964111328e-06,0.3037974303387016,351.341796875,20407432,torch,cuda,float64,cuda
short,online,routeb_global_inducing_mt128_ms128,routeb_global_inducing_mt128_ms128,2,complete,runs/task1_2/online/routeb_global_inducing_mt128_ms128/seed2,runs/task1_2/online/routeb_global_inducing_mt128_ms128/seed2/result.json,runs/task1_2/online/routeb_global_inducing_mt128_ms128/seed2/predictions.npz,,True,0.060852873068924264,-1.3070679627128352,0.9825,0.05751837001044794,5.19970565289259,0.018828220665454865,351.341796875,416.0,,19.46204376220703,7,70,80,10,0.09213326911928064,0.018778929486870766,7,Task2,runs/task1_2/online/routeb_global_inducing_mt128_ms128/seed2/blocks.csv,,0.7725,0.959,0.989,0.0026017874479293823,8.128583431243896e-06,0.3030914837474897,351.341796875,20407432,torch,cuda,float64,cuda
short,online,routeb_global_inducing_mt128_ms128,routeb_global_inducing_mt128_ms128,2,complete,runs/task1_2/online/routeb_global_inducing_mt128_ms128/seed2,runs/task1_2/online/routeb_global_inducing_mt128_ms128/seed2/result.json,runs/task1_2/online/routeb_global_inducing_mt128_ms128/seed2/predictions.npz,,True,0.05965944017329684,-1.2943166901019163,0.9765,0.05751837001044794,5.19970565289259,0.018817774951457977,351.341796875,416.0,,19.46204376220703,8,80,90,10,0.09194282077419969,0.018739188089966774,8,Task2,runs/task1_2/online/routeb_global_inducing_mt128_ms128/seed2/blocks.csv,,0.7565,0.9475,0.9875,0.0026345346122980118,4.157423973083496e-06,0.30246496444518306,351.341796875,20407432,torch,cuda,float64,cuda
short,online,routeb_global_inducing_mt128_ms128,routeb_global_inducing_mt128_ms128,2,complete,runs/task1_2/online/routeb_global_inducing_mt128_ms128/seed2,runs/task1_2/online/routeb_global_inducing_mt128_ms128/seed2/result.json,runs/task1_2/online/routeb_global_inducing_mt128_ms128/seed2/predictions.npz,,True,0.066681851870219,-1.251964285121545,0.9675,0.05751837001044794,5.19970565289259,0.018934985622763634,351.341796875,416.0,,19.46204376220703,9,90,100,10,0.09208293058732321,0.018886219710111618,9,Task2,runs/task1_2/online/routeb_global_inducing_mt128_ms128/seed2/blocks.csv,,0.7145,0.9325,0.986,0.00317174568772316,4.386529326438904e-06,0.3029258847137585,351.341796875,20407432,torch,cuda,float64,cuda
short,online,routeb_global_inducing_mt128_ms128,routeb_global_inducing_mt128_ms128,2,complete,runs/task1_2/online/routeb_global_inducing_mt128_ms128/seed2,runs/task1_2/online/routeb_global_inducing_mt128_ms128/seed2/result.json,runs/task1_2/online/routeb_global_inducing_mt128_ms128/seed2/predictions.npz,,True,0.055116597346438596,-1.329026171796246,0.9895,0.05751837001044794,5.19970565289259,0.018931502476334572,351.341796875,416.0,,19.46204376220703,10,100,110,10,0.09229888495891406,0.018861398100852966,10,Task2,runs/task1_2/online/routeb_global_inducing_mt128_ms128/seed2/blocks.csv,,0.7885,0.966,0.9945,0.0032142233103513718,3.935769200325012e-06,0.303636311376493,351.341796875,20407432,torch,cuda,float64,cuda
short,online,routeb_global_inducing_mt128_ms128,routeb_global_inducing_mt128_ms128,2,complete,runs/task1_2/online/routeb_global_inducing_mt128_ms128/seed2,runs/task1_2/online/routeb_global_inducing_mt128_ms128/seed2/result.json,runs/task1_2/online/routeb_global_inducing_mt128_ms128/seed2/predictions.npz,,True,0.07269267890897287,-1.191221116237707,0.9565,0.05751837001044794,5.19970565289259,0.018923338502645493,351.341796875,416.0,,19.46204376220703,11,110,120,10,0.09247137102912616,0.018870368599891663,11,Task2,runs/task1_2/online/routeb_global_inducing_mt128_ms128/seed2/blocks.csv,,0.6635,0.898,0.976,0.0028815288096666336,4.973262548446655e-06,0.30420374005286693,351.341796875,20407432,torch,cuda,float64,cuda
short,online,routeb_global_inducing_mt128_ms128,routeb_global_inducing_mt128_ms128,2,complete,runs/task1_2/online/routeb_global_inducing_mt128_ms128/seed2,runs/task1_2/online/routeb_global_inducing_mt128_ms128/seed2/result.json,runs/task1_2/online/routeb_global_inducing_mt128_ms128/seed2/predictions.npz,,True,0.08375241524485026,-1.0913295140162818,0.9295,0.05751837001044794,5.19970565289259,0.018948599696159363,351.341796875,416.0,,19.46204376220703,12,120,130,10,0.09255395171062278,0.01885795406997204,12,Task2,runs/task1_2/online/routeb_global_inducing_mt128_ms128/seed2/blocks.csv,,0.5925,0.8555,0.964,0.002776527777314186,4.172325134277344e-06,0.3044754063198186,351.341796875,20407432,torch,cuda,float64,cuda
short,online,routeb_global_inducing_mt128_ms128,routeb_global_inducing_mt128_ms128,2,complete,runs/task1_2/online/routeb_global_inducing_mt128_ms128/seed2,runs/task1_2/online/routeb_global_inducing_mt128_ms128/seed2/result.json,runs/task1_2/online/routeb_global_inducing_mt128_ms128/seed2/predictions.npz,,True,0.08259890272389216,-1.1145484686535292,0.9305,0.05751837001044794,5.19970565289259,0.018992509692907333,351.341796875,416.0,,19.46204376220703,13,130,140,10,0.09240343970162779,0.018886486068367958,13,Task2,runs/task1_2/online/routeb_global_inducing_mt128_ms128/seed2/blocks.csv,,0.658,0.8785,0.9505,0.0026270709931850433,4.088506102561951e-06,0.30398026587202825,351.341796875,20407432,torch,cuda,float64,cuda
short,online,routeb_global_inducing_mt128_ms128,routeb_global_inducing_mt128_ms128,2,complete,runs/task1_2/online/routeb_global_inducing_mt128_ms128/seed2,runs/task1_2/online/routeb_global_inducing_mt128_ms128/seed2/result.json,runs/task1_2/online/routeb_global_inducing_mt128_ms128/seed2/predictions.npz,,True,0.06771243163458328,-1.2308809268973204,0.962,0.05751837001044794,5.19970565289259,0.01895153895020485,351.341796875,416.0,,19.46204376220703,14,140,150,10,0.09223174968382837,0.01890586130321026,14,Task2,runs/task1_2/online/routeb_global_inducing_mt128_ms128/seed2/blocks.csv,,0.6805,0.9165,0.9885,0.0036002695560455322,4.205852746963501e-06,0.3034154559750508,351.341796875,20407432,torch,cuda,float64,cuda
short,online,routeb_global_inducing_mt128_ms128,routeb_global_inducing_mt128_ms128,2,complete,runs/task1_2/online/routeb_global_inducing_mt128_ms128/seed2,runs/task1_2/online/routeb_global_inducing_mt128_ms128/seed2/result.json,runs/task1_2/online/routeb_global_inducing_mt128_ms128/seed2/predictions.npz,,True,0.06972826553981441,-1.2067971446190007,0.959,0.05751837001044794,5.19970565289259,0.01908588781952858,351.341796875,416.0,,19.46204376220703,15,150,160,10,0.09197863921017359,0.018982497975230217,15,Task2,runs/task1_2/online/routeb_global_inducing_mt128_ms128/seed2/blocks.csv,,0.644,0.9085,0.9785,0.003382403403520584,4.332512617111206e-06,0.3025827966138298,351.341796875,20407432,torch,cuda,float64,cuda
short,online,routeb_global_inducing_mt128_ms128,routeb_global_inducing_mt128_ms128,2,complete,runs/task1_2/online/routeb_global_inducing_mt128_ms128/seed2,runs/task1_2/online/routeb_global_inducing_mt128_ms128/seed2/result.json,runs/task1_2/online/routeb_global_inducing_mt128_ms128/seed2/predictions.npz,,True,0.07271946623893337,-1.190510389529349,0.9535,0.05751837001044794,5.19970565289259,0.019071364775300026,351.341796875,416.0,,19.46204376220703,16,160,170,10,0.09198366908524605,0.01945517212152481,16,Task2,runs/task1_2/online/routeb_global_inducing_mt128_ms128/seed2/blocks.csv,,0.657,0.901,0.9735,0.00408184714615345,6.677582859992981e-06,0.30259934343034195,351.341796875,20407432,torch,cuda,float64,cuda
short,online,routeb_global_inducing_mt128_ms128,routeb_global_inducing_mt128_ms128,2,complete,runs/task1_2/online/routeb_global_inducing_mt128_ms128/seed2,runs/task1_2/online/routeb_global_inducing_mt128_ms128/seed2/result.json,runs/task1_2/online/routeb_global_inducing_mt128_ms128/seed2/predictions.npz,,True,0.05624489845586344,-1.3282022774147988,0.9885,0.05751837001044794,5.19970565289259,0.01903318427503109,351.341796875,416.0,,19.46204376220703,17,170,180,10,0.0922241848685903,0.01896396093070507,17,Task2,runs/task1_2/online/routeb_global_inducing_mt128_ms128/seed2/blocks.csv,,0.771,0.9665,0.996,0.003527335822582245,4.652887582778931e-06,0.3033905699474877,351.341796875,20407432,torch,cuda,float64,cuda
short,online,routeb_global_inducing_mt128_ms128,routeb_global_inducing_mt128_ms128,2,complete,runs/task1_2/online/routeb_global_inducing_mt128_ms128/seed2,runs/task1_2/online/routeb_global_inducing_mt128_ms128/seed2/result.json,runs/task1_2/online/routeb_global_inducing_mt128_ms128/seed2/predictions.npz,,True,0.05751837001044794,-1.3103284658631627,0.9891666666666666,0.05751837001044794,5.19970565289259,0.01560632511973381,351.341796875,416.0,,19.46204376220703,18,180,186,6,0.09248842650699345,0.01850055158138275,18,Task2,runs/task1_2/online/routeb_global_inducing_mt128_ms128/seed2/blocks.csv,,0.755,0.9491666666666667,0.9933333333333333,0.001952020451426506,4.59328293800354e-06,0.3042598475821257,351.341796875,20407432,torch,cuda,float64,cuda
short,online,routeb_global_inducing_mt128_ms128,routeb_global_inducing_mt128_ms128,3,complete,runs/task1_2/online/routeb_global_inducing_mt128_ms128/seed3,runs/task1_2/online/routeb_global_inducing_mt128_ms128/seed3/result.json,runs/task1_2/online/routeb_global_inducing_mt128_ms128/seed3/predictions.npz,,True,0.06261681454731523,-1.2755991104378819,0.984,0.057497137836976984,5.201812319457531,0.10069185681641102,351.341796875,416.0,,19.46204376220703,0,0,10,10,0.09764556670442275,0.04773176833987236,0,Task2,runs/task1_2/online/routeb_global_inducing_mt128_ms128/seed3/blocks.csv,,0.808,0.958,0.991,0.004162384197115898,2.636082364246249,0.32122532909900336,351.341796875,20407432,torch,cuda,float64,cuda
short,online,routeb_global_inducing_mt128_ms128,routeb_global_inducing_mt128_ms128,3,complete,runs/task1_2/online/routeb_global_inducing_mt128_ms128/seed3,runs/task1_2/online/routeb_global_inducing_mt128_ms128/seed3/result.json,runs/task1_2/online/routeb_global_inducing_mt128_ms128/seed3/predictions.npz,,True,0.06849537631438495,-1.2230663514587385,0.9655,0.057497137836976984,5.201812319457531,0.020532120019197464,351.341796875,416.0,,19.46204376220703,1,10,20,10,0.09742056975249745,0.020591501146554947,1,Task2,runs/task1_2/online/routeb_global_inducing_mt128_ms128/seed3/blocks.csv,,0.757,0.9405,0.982,0.009046189486980438,1.3167038559913635e-05,0.3204851549941486,351.341796875,20407432,torch,cuda,float64,cuda
short,online,routeb_global_inducing_mt128_ms128,routeb_global_inducing_mt128_ms128,3,complete,runs/task1_2/online/routeb_global_inducing_mt128_ms128/seed3,runs/task1_2/online/routeb_global_inducing_mt128_ms128/seed3/result.json,runs/task1_2/online/routeb_global_inducing_mt128_ms128/seed3/predictions.npz,,True,0.08053096481857447,-1.1630991997914888,0.964,0.057497137836976984,5.201812319457531,0.020449435338377953,351.341796875,416.0,,19.46204376220703,2,20,30,10,0.09753456883308118,0.02039274200797081,2,Task2,runs/task1_2/online/routeb_global_inducing_mt128_ms128/seed3/blocks.csv,,0.6855,0.9205,0.9765,0.007221687585115433,7.269904017448425e-06,0.32086017859648314,351.341796875,20407432,torch,cuda,float64,cuda
short,online,routeb_global_inducing_mt128_ms128,routeb_global_inducing_mt128_ms128,3,complete,runs/task1_2/online/routeb_global_inducing_mt128_ms128/seed3,runs/task1_2/online/routeb_global_inducing_mt128_ms128/seed3/result.json,runs/task1_2/online/routeb_global_inducing_mt128_ms128/seed3/predictions.npz,,True,0.07419335614571138,-1.1810481382557614,0.965,0.057497137836976984,5.201812319457531,0.01882033422589302,351.341796875,416.0,,19.46204376220703,3,30,40,10,0.097663723172879,0.01877293735742569,3,Task2,runs/task1_2/online/routeb_global_inducing_mt128_ms128/seed3/blocks.csv,,0.7475,0.9335,0.981,0.0036775507032871246,7.558614015579224e-06,0.3212850585649891,351.341796875,20407432,torch,cuda,float64,cuda
short,online,routeb_global_inducing_mt128_ms128,routeb_global_inducing_mt128_ms128,3,complete,runs/task1_2/online/routeb_global_inducing_mt128_ms128/seed3,runs/task1_2/online/routeb_global_inducing_mt128_ms128/seed3/result.json,runs/task1_2/online/routeb_global_inducing_mt128_ms128/seed3/predictions.npz,,True,0.06669432523388426,-1.2419459655761913,0.983,0.057497137836976984,5.201812319457531,0.018859295174479485,351.341796875,416.0,,19.46204376220703,4,40,50,10,0.09777705415387138,0.018825778737664223,4,Task2,runs/task1_2/online/routeb_global_inducing_mt128_ms128/seed3/blocks.csv,,0.7285,0.952,0.9925,0.0030563808977603912,6.878748536109924e-06,0.3216578843152518,351.341796875,20407432,torch,cuda,float64,cuda
short,online,routeb_global_inducing_mt128_ms128,routeb_global_inducing_mt128_ms128,3,complete,runs/task1_2/online/routeb_global_inducing_mt128_ms128/seed3,runs/task1_2/online/routeb_global_inducing_mt128_ms128/seed3/result.json,runs/task1_2/online/routeb_global_inducing_mt128_ms128/seed3/predictions.npz,,True,0.04936030059189795,-1.317919190563352,0.994,0.057497137836976984,5.201812319457531,0.018861116841435432,351.341796875,416.0,,19.46204376220703,5,50,60,10,0.09775225151319347,0.018786072731018066,5,Task2,runs/task1_2/online/routeb_global_inducing_mt128_ms128/seed3/blocks.csv,,0.854,0.9745,0.997,0.003025876358151436,7.299706339836121e-06,0.32157629088829764,351.341796875,20407432,torch,cuda,float64,cuda
short,online,routeb_global_inducing_mt128_ms128,routeb_global_inducing_mt128_ms128,3,complete,runs/task1_2/online/routeb_global_inducing_mt128_ms128/seed3,runs/task1_2/online/routeb_global_inducing_mt128_ms128/seed3/result.json,runs/task1_2/online/routeb_global_inducing_mt128_ms128/seed3/predictions.npz,,True,0.04992076210720096,-1.327916640006629,0.997,0.057497137836976984,5.201812319457531,0.01890668272972107,351.341796875,416.0,,19.46204376220703,6,60,70,10,0.09762923286373688,0.020043928176164627,6,Task2,runs/task1_2/online/routeb_global_inducing_mt128_ms128/seed3/blocks.csv,,0.856,0.9835,0.998,0.00394272617995739,6.640329957008362e-06,0.321171595544815,351.341796875,20407432,torch,cuda,float64,cuda
short,online,routeb_global_inducing_mt128_ms128,routeb_global_inducing_mt128_ms128,3,complete,runs/task1_2/online/routeb_global_inducing_mt128_ms128/seed3,runs/task1_2/online/routeb_global_inducing_mt128_ms128/seed3/result.json,runs/task1_2/online/routeb_global_inducing_mt128_ms128/seed3/predictions.npz,,True,0.05886571015044636,-1.2941471740911286,0.9895,0.057497137836976984,5.201812319457531,0.018952462822198868,351.341796875,416.0,,19.46204376220703,7,70,80,10,0.09746837426781915,0.018847405910491943,7,Task2,runs/task1_2/online/routeb_global_inducing_mt128_ms128/seed3/blocks.csv,,0.802,0.974,0.994,0.002846352756023407,8.672475814819336e-06,0.3206424178549718,351.341796875,20407432,torch,cuda,float64,cuda
short,online,routeb_global_inducing_mt128_ms128,routeb_global_inducing_mt128_ms128,3,complete,runs/task1_2/online/routeb_global_inducing_mt128_ms128/seed3,runs/task1_2/online/routeb_global_inducing_mt128_ms128/seed3/result.json,runs/task1_2/online/routeb_global_inducing_mt128_ms128/seed3/predictions.npz,,True,0.062022381313105,-1.2635886426070846,0.985,0.057497137836976984,5.201812319457531,0.018911216408014297,351.341796875,416.0,,19.46204376220703,8,80,90,10,0.09732812458020493,0.018925925716757774,8,Task2,runs/task1_2/online/routeb_global_inducing_mt128_ms128/seed3/blocks.csv,,0.746,0.962,0.993,0.004446461796760559,6.2193721532821655e-06,0.3201810374402696,351.341796875,20407432,torch,cuda,float64,cuda
short,online,routeb_global_inducing_mt128_ms128,routeb_global_inducing_mt128_ms128,3,complete,runs/task1_2/online/routeb_global_inducing_mt128_ms128/seed3,runs/task1_2/online/routeb_global_inducing_mt128_ms128/seed3/result.json,runs/task1_2/online/routeb_global_inducing_mt128_ms128/seed3/predictions.npz,,True,0.06761426213223322,-1.2147852088597988,0.976,0.057497137836976984,5.201812319457531,0.01904575526714325,351.341796875,416.0,,19.46204376220703,9,90,100,10,0.0974269628836879,0.019007720053195953,9,Task2,runs/task1_2/online/routeb_global_inducing_mt128_ms128/seed3/blocks.csv,,0.7225,0.9455,0.989,0.0038350075483322144,5.280598998069763e-06,0.32050618652420104,351.341796875,20407432,torch,cuda,float64,cuda
short,online,routeb_global_inducing_mt128_ms128,routeb_global_inducing_mt128_ms128,3,complete,runs/task1_2/online/routeb_global_inducing_mt128_ms128/seed3,runs/task1_2/online/routeb_global_inducing_mt128_ms128/seed3/result.json,runs/task1_2/online/routeb_global_inducing_mt128_ms128/seed3/predictions.npz,,True,0.0554523776388948,-1.3026494157979216,0.9915,0.057497137836976984,5.201812319457531,0.01895328052341938,351.341796875,416.0,,19.46204376220703,10,100,110,10,0.09758658294393949,0.01894153468310833,10,Task2,runs/task1_2/online/routeb_global_inducing_mt128_ms128/seed3/blocks.csv,,0.8155,0.9695,0.999,0.003240235149860382,5.302950739860535e-06,0.3210312897942791,351.341796875,20407432,torch,cuda,float64,cuda
short,online,routeb_global_inducing_mt128_ms128,routeb_global_inducing_mt128_ms128,3,complete,runs/task1_2/online/routeb_global_inducing_mt128_ms128/seed3,runs/task1_2/online/routeb_global_inducing_mt128_ms128/seed3/result.json,runs/task1_2/online/routeb_global_inducing_mt128_ms128/seed3/predictions.npz,,True,0.07709612838235204,-1.1578859260717718,0.9595,0.057497137836976984,5.201812319457531,0.019070355221629143,351.341796875,416.0,,19.46204376220703,11,110,120,10,0.0977216909977189,0.019011417403817177,11,Task2,runs/task1_2/online/routeb_global_inducing_mt128_ms128/seed3/blocks.csv,,0.678,0.9055,0.9785,0.003236711025238037,5.144625902175903e-06,0.32147575573885784,351.341796875,20407432,torch,cuda,float64,cuda
short,online,routeb_global_inducing_mt128_ms128,routeb_global_inducing_mt128_ms128,3,complete,runs/task1_2/online/routeb_global_inducing_mt128_ms128/seed3,runs/task1_2/online/routeb_global_inducing_mt128_ms128/seed3/result.json,runs/task1_2/online/routeb_global_inducing_mt128_ms128/seed3/predictions.npz,,True,0.08760506390409777,-1.0597968739994443,0.9345,0.057497137836976984,5.201812319457531,0.018987959250807762,351.341796875,416.0,,19.46204376220703,12,120,130,10,0.0977859269363633,0.018925515934824944,12,Task2,runs/task1_2/online/routeb_global_inducing_mt128_ms128/seed3/blocks.csv,,0.618,0.8705,0.963,0.0028766486793756485,4.2691826820373535e-06,0.3216870731721777,351.341796875,20407432,torch,cuda,float64,cuda
short,online,routeb_global_inducing_mt128_ms128,routeb_global_inducing_mt128_ms128,3,complete,runs/task1_2/online/routeb_global_inducing_mt128_ms128/seed3,runs/task1_2/online/routeb_global_inducing_mt128_ms128/seed3/result.json,runs/task1_2/online/routeb_global_inducing_mt128_ms128/seed3/predictions.npz,,True,0.0806077884895872,-1.1159652538376978,0.95,0.057497137836976984,5.201812319457531,0.01899341307580471,351.341796875,416.0,,19.46204376220703,13,130,140,10,0.09767348334019124,0.01899038255214691,13,Task2,runs/task1_2/online/routeb_global_inducing_mt128_ms128/seed3/blocks.csv,,0.6525,0.886,0.974,0.005995523184537888,8.231028914451599e-06,0.3213171666581955,351.341796875,20407432,torch,cuda,float64,cuda
short,online,routeb_global_inducing_mt128_ms128,routeb_global_inducing_mt128_ms128,3,complete,runs/task1_2/online/routeb_global_inducing_mt128_ms128/seed3,runs/task1_2/online/routeb_global_inducing_mt128_ms128/seed3/result.json,runs/task1_2/online/routeb_global_inducing_mt128_ms128/seed3/predictions.npz,,True,0.0661546196852973,-1.2206603920729455,0.9755,0.057497137836976984,5.201812319457531,0.01900137960910797,351.341796875,416.0,,19.46204376220703,14,140,150,10,0.09754220227731823,0.018968328833580017,14,Task2,runs/task1_2/online/routeb_global_inducing_mt128_ms128/seed3/blocks.csv,,0.713,0.9405,0.9885,0.003203313797712326,4.6510249376297e-06,0.3208852903933621,351.341796875,20407432,torch,cuda,float64,cuda
short,online,routeb_global_inducing_mt128_ms128,routeb_global_inducing_mt128_ms128,3,complete,runs/task1_2/online/routeb_global_inducing_mt128_ms128/seed3,runs/task1_2/online/routeb_global_inducing_mt128_ms128/seed3/result.json,runs/task1_2/online/routeb_global_inducing_mt128_ms128/seed3/predictions.npz,,True,0.0708330660968369,-1.186465071362039,0.9635,0.057497137836976984,5.201812319457531,0.019012589007616043,351.341796875,416.0,,19.46204376220703,15,150,160,10,0.09735542132332968,0.018930446356534958,15,Task2,runs/task1_2/online/routeb_global_inducing_mt128_ms128/seed3/blocks.csv,,0.6845,0.918,0.986,0.0030102767050266266,4.421919584274292e-06,0.320270835734135,351.341796875,20407432,torch,cuda,float64,cuda
short,online,routeb_global_inducing_mt128_ms128,routeb_global_inducing_mt128_ms128,3,complete,runs/task1_2/online/routeb_global_inducing_mt128_ms128/seed3,runs/task1_2/online/routeb_global_inducing_mt128_ms128/seed3/result.json,runs/task1_2/online/routeb_global_inducing_mt128_ms128/seed3/predictions.npz,,True,0.0691889669152994,-1.1956938726283741,0.9705,0.057497137836976984,5.201812319457531,0.019032958894968033,351.341796875,416.0,,19.46204376220703,16,160,170,10,0.0973555675725086,0.018962321802973747,16,Task2,runs/task1_2/online/routeb_global_inducing_mt128_ms128/seed3/blocks.csv,,0.686,0.9215,0.989,0.0028895679861307144,4.122033715248108e-06,0.32027131685111987,351.341796875,20407432,torch,cuda,float64,cuda
short,online,routeb_global_inducing_mt128_ms128,routeb_global_inducing_mt128_ms128,3,complete,runs/task1_2/online/routeb_global_inducing_mt128_ms128/seed3,runs/task1_2/online/routeb_global_inducing_mt128_ms128/seed3/result.json,runs/task1_2/online/routeb_global_inducing_mt128_ms128/seed3/predictions.npz,,True,0.05699344674074895,-1.2794748172334138,0.9895,0.057497137836976984,5.201812319457531,0.019101126119494438,351.341796875,416.0,,19.46204376220703,17,170,180,10,0.09752896905345863,0.01926664635539055,17,Task2,runs/task1_2/online/routeb_global_inducing_mt128_ms128/seed3/blocks.csv,,0.7875,0.9615,0.996,0.0028029754757881165,4.5765191316604614e-06,0.32084175696083866,351.341796875,20407432,torch,cuda,float64,cuda
short,online,routeb_global_inducing_mt128_ms128,routeb_global_inducing_mt128_ms128,3,complete,runs/task1_2/online/routeb_global_inducing_mt128_ms128/seed3,runs/task1_2/online/routeb_global_inducing_mt128_ms128/seed3/result.json,runs/task1_2/online/routeb_global_inducing_mt128_ms128/seed3/predictions.npz,,True,0.057497137836976984,-1.2828180269636817,0.9925,0.057497137836976984,5.201812319457531,0.01565622352063656,351.341796875,416.0,,19.46204376220703,18,180,186,6,0.09774157971224393,0.018569888547062874,18,Task2,runs/task1_2/online/routeb_global_inducing_mt128_ms128/seed3/blocks.csv,,0.785,0.9666666666666667,0.9975,0.0019100960344076157,4.688277840614319e-06,0.32154118378730173,351.341796875,20407432,torch,cuda,float64,cuda
short,online,routeb_global_inducing_mt128_ms128,routeb_global_inducing_mt128_ms128,4,complete,runs/task1_2/online/routeb_global_inducing_mt128_ms128/seed4,runs/task1_2/online/routeb_global_inducing_mt128_ms128/seed4/result.json,runs/task1_2/online/routeb_global_inducing_mt128_ms128/seed4/predictions.npz,,True,0.06961431555054483,-1.231035315489047,0.968,0.059512600031078715,5.295765345916152,0.10204559750854969,351.341796875,416.0,,19.46204376220703,0,0,10,10,0.09518659842680478,0.04506249725818634,0,Task2,runs/task1_2/online/routeb_global_inducing_mt128_ms128/seed4/blocks.csv,,0.764,0.935,0.981,0.004237299785017967,2.7024939861148596,0.3131360433190063,351.341796875,20407432,torch,cuda,float64,cuda
short,online,routeb_global_inducing_mt128_ms128,routeb_global_inducing_mt128_ms128,4,complete,runs/task1_2/online/routeb_global_inducing_mt128_ms128/seed4,runs/task1_2/online/routeb_global_inducing_mt128_ms128/seed4/result.json,runs/task1_2/online/routeb_global_inducing_mt128_ms128/seed4/predictions.npz,,True,0.08132995808943272,-1.184301058777578,0.949,0.059512600031078715,5.295765345916152,0.020493432879447937,351.341796875,416.0,,19.46204376220703,1,10,20,10,0.09490339107019094,0.02048886939883232,1,Task2,runs/task1_2/online/routeb_global_inducing_mt128_ms128/seed4/blocks.csv,,0.7085,0.906,0.973,0.009046873077750206,9.858980774879456e-06,0.312204374023595,351.341796875,20407432,torch,cuda,float64,cuda
short,online,routeb_global_inducing_mt128_ms128,routeb_global_inducing_mt128_ms128,4,complete,runs/task1_2/online/routeb_global_inducing_mt128_ms128/seed4,runs/task1_2/online/routeb_global_inducing_mt128_ms128/seed4/result.json,runs/task1_2/online/routeb_global_inducing_mt128_ms128/seed4/predictions.npz,,True,0.11129880768213266,-1.0293985370611896,0.928,0.059512600031078715,5.295765345916152,0.02047921158373356,351.341796875,416.0,,19.46204376220703,2,20,30,10,0.09509046234053371,0.02038128860294819,2,Task2,runs/task1_2/online/routeb_global_inducing_mt128_ms128/seed4/blocks.csv,,0.6315,0.864,0.956,0.0067756567150354385,6.837770342826843e-06,0.31281978373863856,351.341796875,20407432,torch,cuda,float64,cuda
short,online,routeb_global_inducing_mt128_ms128,routeb_global_inducing_mt128_ms128,4,complete,runs/task1_2/online/routeb_global_inducing_mt128_ms128/seed4,runs/task1_2/online/routeb_global_inducing_mt128_ms128/seed4/result.json,runs/task1_2/online/routeb_global_inducing_mt128_ms128/seed4/predictions.npz,,True,0.10030638062980156,-1.0617697247835618,0.935,0.059512600031078715,5.295765345916152,0.018856581300497055,351.341796875,416.0,,19.46204376220703,3,30,40,10,0.09526124305305193,0.01883499138057232,3,Task2,runs/task1_2/online/routeb_global_inducing_mt128_ms128/seed4/blocks.csv,,0.6665,0.881,0.953,0.006708797067403793,6.2175095081329346e-06,0.31338160228743633,351.341796875,20407432,torch,cuda,float64,cuda
short,online,routeb_global_inducing_mt128_ms128,routeb_global_inducing_mt128_ms128,4,complete,runs/task1_2/online/routeb_global_inducing_mt128_ms128/seed4,runs/task1_2/online/routeb_global_inducing_mt128_ms128/seed4/result.json,runs/task1_2/online/routeb_global_inducing_mt128_ms128/seed4/predictions.npz,,True,0.07497922612286403,-1.2127222590490931,0.9655,0.059512600031078715,5.295765345916152,0.01895975135266781,351.341796875,416.0,,19.46204376220703,4,40,50,10,0.09540593452609251,0.018879959359765053,4,Task2,runs/task1_2/online/routeb_global_inducing_mt128_ms128/seed4/blocks.csv,,0.701,0.924,0.986,0.0041944719851017,6.323680281639099e-06,0.31385759487587583,351.341796875,20407432,torch,cuda,float64,cuda
short,online,routeb_global_inducing_mt128_ms128,routeb_global_inducing_mt128_ms128,4,complete,runs/task1_2/online/routeb_global_inducing_mt128_ms128/seed4,runs/task1_2/online/routeb_global_inducing_mt128_ms128/seed4/result.json,runs/task1_2/online/routeb_global_inducing_mt128_ms128/seed4/predictions.npz,,True,0.057952762885446485,-1.31647233821476,0.993,0.059512600031078715,5.295765345916152,0.018908105790615082,351.341796875,416.0,,19.46204376220703,5,50,60,10,0.09537264408059397,0.018855588510632515,5,Task2,runs/task1_2/online/routeb_global_inducing_mt128_ms128/seed4/blocks.csv,,0.8005,0.976,0.9955,0.0038589444011449814,7.485970854759216e-06,0.3137480790558338,351.341796875,20407432,torch,cuda,float64,cuda
short,online,routeb_global_inducing_mt128_ms128,routeb_global_inducing_mt128_ms128,4,complete,runs/task1_2/online/routeb_global_inducing_mt128_ms128/seed4,runs/task1_2/online/routeb_global_inducing_mt128_ms128/seed4/result.json,runs/task1_2/online/routeb_global_inducing_mt128_ms128/seed4/predictions.npz,,True,0.060915836158917304,-1.2972166750396463,0.9875,0.059512600031078715,5.295765345916152,0.01890610344707966,351.341796875,416.0,,19.46204376220703,6,60,70,10,0.09521365299442806,0.018941810354590416,6,Task2,runs/task1_2/online/routeb_global_inducing_mt128_ms128/seed4/blocks.csv,,0.7915,0.965,0.9925,0.00350862555205822,6.744638085365295e-06,0.31322504492636777,351.341796875,20407432,torch,cuda,float64,cuda
short,online,routeb_global_inducing_mt128_ms128,routeb_global_inducing_mt128_ms128,4,complete,runs/task1_2/online/routeb_global_inducing_mt128_ms128/seed4,runs/task1_2/online/routeb_global_inducing_mt128_ms128/seed4/result.json,runs/task1_2/online/routeb_global_inducing_mt128_ms128/seed4/predictions.npz,,True,0.06819361359018368,-1.2525559444010783,0.974,0.059512600031078715,5.295765345916152,0.018897023051977158,351.341796875,416.0,,19.46204376220703,7,70,80,10,0.09500041033976428,0.01893068291246891,7,Task2,runs/task1_2/online/routeb_global_inducing_mt128_ms128/seed4/blocks.csv,,0.749,0.9375,0.986,0.003135351464152336,8.756294846534729e-06,0.31252353901847885,351.341796875,20407432,torch,cuda,float64,cuda
short,online,routeb_global_inducing_mt128_ms128,routeb_global_inducing_mt128_ms128,4,complete,runs/task1_2/online/routeb_global_inducing_mt128_ms128/seed4,runs/task1_2/online/routeb_global_inducing_mt128_ms128/seed4/result.json,runs/task1_2/online/routeb_global_inducing_mt128_ms128/seed4/predictions.npz,,True,0.06983750314701503,-1.2352165428294561,0.9685,0.059512600031078715,5.295765345916152,0.018916212022304535,351.341796875,416.0,,19.46204376220703,8,80,90,10,0.09481216004751773,0.01890096813440323,8,Task2,runs/task1_2/online/routeb_global_inducing_mt128_ms128/seed4/blocks.csv,,0.7335,0.925,0.9825,0.0032029468566179276,5.459412932395935e-06,0.31190425066652605,351.341796875,20407432,torch,cuda,float64,cuda
short,online,routeb_global_inducing_mt128_ms128,routeb_global_inducing_mt128_ms128,4,complete,runs/task1_2/online/routeb_global_inducing_mt128_ms128/seed4,runs/task1_2/online/routeb_global_inducing_mt128_ms128/seed4/result.json,runs/task1_2/online/routeb_global_inducing_mt128_ms128/seed4/predictions.npz,,True,0.08136386025013548,-1.1596051268405245,0.955,0.059512600031078715,5.295765345916152,0.019039293751120567,351.341796875,416.0,,19.46204376220703,9,90,100,10,0.09494987281899823,0.018900016322731972,9,Task2,runs/task1_2/online/routeb_global_inducing_mt128_ms128/seed4/blocks.csv,,0.687,0.8985,0.9785,0.0028664153069257736,4.395842552185059e-06,0.3123572853698205,351.341796875,20407432,torch,cuda,float64,cuda
short,online,routeb_global_inducing_mt128_ms128,routeb_global_inducing_mt128_ms128,4,complete,runs/task1_2/online/routeb_global_inducing_mt128_ms128/seed4,runs/task1_2/online/routeb_global_inducing_mt128_ms128/seed4/result.json,runs/task1_2/online/routeb_global_inducing_mt128_ms128/seed4/predictions.npz,,True,0.06666782555509468,-1.2554841092452333,0.974,0.059512600031078715,5.295765345916152,0.019420964643359184,351.341796875,416.0,,19.46204376220703,10,100,110,10,0.09516284076754178,0.018918609246611595,10,Task2,runs/task1_2/online/routeb_global_inducing_mt128_ms128/seed4/blocks.csv,,0.7625,0.9455,0.9885,0.002860603854060173,4.395842552185059e-06,0.3130578875749931,351.341796875,20407432,torch,cuda,float64,cuda
short,online,routeb_global_inducing_mt128_ms128,routeb_global_inducing_mt128_ms128,4,complete,runs/task1_2/online/routeb_global_inducing_mt128_ms128/seed4,runs/task1_2/online/routeb_global_inducing_mt128_ms128/seed4/result.json,runs/task1_2/online/routeb_global_inducing_mt128_ms128/seed4/predictions.npz,,True,0.08137994413042435,-1.1049458396041336,0.939,0.059512600031078715,5.295765345916152,0.019083259627223015,351.341796875,416.0,,19.46204376220703,11,110,120,10,0.09533481669727559,0.019045012071728706,11,Task2,runs/task1_2/online/routeb_global_inducing_mt128_ms128/seed4/blocks.csv,,0.6255,0.8695,0.9675,0.004747385159134865,1.860596239566803e-05,0.313623638038535,351.341796875,20407432,torch,cuda,float64,cuda
short,online,routeb_global_inducing_mt128_ms128,routeb_global_inducing_mt128_ms128,4,complete,runs/task1_2/online/routeb_global_inducing_mt128_ms128/seed4,runs/task1_2/online/routeb_global_inducing_mt128_ms128/seed4/result.json,runs/task1_2/online/routeb_global_inducing_mt128_ms128/seed4/predictions.npz,,True,0.0991331538865053,-0.9944380065217845,0.9205,0.059512600031078715,5.295765345916152,0.019010672345757484,351.341796875,416.0,,19.46204376220703,12,120,130,10,0.09541725726287359,0.018958482891321182,12,Task2,runs/task1_2/online/routeb_global_inducing_mt128_ms128/seed4/blocks.csv,,0.6005,0.8495,0.953,0.004104044288396835,4.9639493227005005e-06,0.31389484336519863,351.341796875,20407432,torch,cuda,float64,cuda
short,online,routeb_global_inducing_mt128_ms128,routeb_global_inducing_mt128_ms128,4,complete,runs/task1_2/online/routeb_global_inducing_mt128_ms128/seed4,runs/task1_2/online/routeb_global_inducing_mt128_ms128/seed4/result.json,runs/task1_2/online/routeb_global_inducing_mt128_ms128/seed4/predictions.npz,,True,0.10187744587209172,-0.987243447053165,0.923,0.059512600031078715,5.295765345916152,0.01909204199910164,351.341796875,416.0,,19.46204376220703,13,130,140,10,0.0952675985250668,0.019087398424744606,13,Task2,runs/task1_2/online/routeb_global_inducing_mt128_ms128/seed4/blocks.csv,,0.607,0.8505,0.953,0.003521321341395378,4.47593629360199e-06,0.3134025099298257,351.341796875,20407432,torch,cuda,float64,cuda
short,online,routeb_global_inducing_mt128_ms128,routeb_global_inducing_mt128_ms128,4,complete,runs/task1_2/online/routeb_global_inducing_mt128_ms128/seed4,runs/task1_2/online/routeb_global_inducing_mt128_ms128/seed4/result.json,runs/task1_2/online/routeb_global_inducing_mt128_ms128/seed4/predictions.npz,,True,0.08161550205728382,-1.1359115338562056,0.948,0.059512600031078715,5.295765345916152,0.01967400498688221,351.341796875,416.0,,19.46204376220703,14,140,150,10,0.09509682074099347,0.01901128888130188,14,Task2,runs/task1_2/online/routeb_global_inducing_mt128_ms128/seed4/blocks.csv,,0.65,0.891,0.969,0.002958478406071663,4.490837454795837e-06,0.3128407010147542,351.341796875,20407432,torch,cuda,float64,cuda
short,online,routeb_global_inducing_mt128_ms128,routeb_global_inducing_mt128_ms128,4,complete,runs/task1_2/online/routeb_global_inducing_mt128_ms128/seed4,runs/task1_2/online/routeb_global_inducing_mt128_ms128/seed4/result.json,runs/task1_2/online/routeb_global_inducing_mt128_ms128/seed4/predictions.npz,,True,0.08611151099010166,-1.1033001016313129,0.932,0.059512600031078715,5.295765345916152,0.01912291906774044,351.341796875,416.0,,19.46204376220703,15,150,160,10,0.0948480778970222,0.019055455923080444,15,Task2,runs/task1_2/online/routeb_global_inducing_mt128_ms128/seed4/blocks.csv,,0.615,0.8785,0.9665,0.005786148831248283,6.061047315597534e-06,0.31202240987658536,351.341796875,20407432,torch,cuda,float64,cuda
short,online,routeb_global_inducing_mt128_ms128,routeb_global_inducing_mt128_ms128,4,complete,runs/task1_2/online/routeb_global_inducing_mt128_ms128/seed4,runs/task1_2/online/routeb_global_inducing_mt128_ms128/seed4/result.json,runs/task1_2/online/routeb_global_inducing_mt128_ms128/seed4/predictions.npz,,True,0.08374957786944309,-1.0986214145203625,0.9445,0.059512600031078715,5.295765345916152,0.019078398123383522,351.341796875,416.0,,19.46204376220703,16,160,170,10,0.09485286307183224,0.019006691873073578,16,Task2,runs/task1_2/online/routeb_global_inducing_mt128_ms128/seed4/blocks.csv,,0.6135,0.8825,0.975,0.00282953679561615,4.451721906661987e-06,0.31203815170086924,351.341796875,20407432,torch,cuda,float64,cuda
short,online,routeb_global_inducing_mt128_ms128,routeb_global_inducing_mt128_ms128,4,complete,runs/task1_2/online/routeb_global_inducing_mt128_ms128/seed4,runs/task1_2/online/routeb_global_inducing_mt128_ms128/seed4/result.json,runs/task1_2/online/routeb_global_inducing_mt128_ms128/seed4/predictions.npz,,True,0.06242253061428542,-1.2960788997130899,0.9905,0.059512600031078715,5.295765345916152,0.01914186030626297,351.341796875,416.0,,19.46204376220703,17,170,180,10,0.09508941181586826,0.01904076710343361,17,Task2,runs/task1_2/online/routeb_global_inducing_mt128_ms128/seed4/blocks.csv,,0.7685,0.961,0.998,0.0028289053589105606,4.122033715248108e-06,0.31281632782002616,351.341796875,20407432,torch,cuda,float64,cuda
short,online,routeb_global_inducing_mt128_ms128,routeb_global_inducing_mt128_ms128,4,complete,runs/task1_2/online/routeb_global_inducing_mt128_ms128/seed4,runs/task1_2/online/routeb_global_inducing_mt128_ms128/seed4/result.json,runs/task1_2/online/routeb_global_inducing_mt128_ms128/seed4/predictions.npz,,True,0.059512600031078715,-1.2710087974099682,0.9825,0.059512600031078715,5.295765345916152,0.015797648578882217,351.341796875,416.0,,19.46204376220703,18,180,186,6,0.09534891404998017,0.018617665395140648,18,Task2,runs/task1_2/online/routeb_global_inducing_mt128_ms128/seed4/blocks.csv,,0.76,0.9483333333333334,0.9966666666666667,0.0018700379878282547,4.470348358154297e-06,0.3136700142019881,351.341796875,20407432,torch,cuda,float64,cuda
short,online,routeb_global_inducing_mt128_ms64,routeb_global_inducing_mt128_ms64,0,complete,runs/task1_2/online/routeb_global_inducing_mt128_ms64/seed0,runs/task1_2/online/routeb_global_inducing_mt128_ms64/seed0/result.json,runs/task1_2/online/routeb_global_inducing_mt128_ms64/seed0/predictions.npz,,True,0.07022045034726372,-1.0136688195502122,0.985,0.06545995358381475,4.93886150047183,0.09002650529146194,313.49755859375,372.0,,10.255012512207031,0,0,10,10,0.1316363198856087,0.040671663358807564,0,Task2,runs/task1_2/online/routeb_global_inducing_mt128_ms64/seed0/blocks.csv,,0.859,0.971,0.991,0.004562230780720711,2.6189031321555376,0.43304495640477536,313.49755859375,10753160,torch,cuda,float64,cuda
short,online,routeb_global_inducing_mt128_ms64,routeb_global_inducing_mt128_ms64,0,complete,runs/task1_2/online/routeb_global_inducing_mt128_ms64/seed0,runs/task1_2/online/routeb_global_inducing_mt128_ms64/seed0/result.json,runs/task1_2/online/routeb_global_inducing_mt128_ms64/seed0/predictions.npz,,True,0.07922279491832858,-0.94479671553745,0.9735,0.06545995358381475,4.93886150047183,0.012761207297444344,313.49755859375,372.0,,10.255012512207031,1,10,20,10,0.13146729222711792,0.01470310427248478,1,Task2,runs/task1_2/online/routeb_global_inducing_mt128_ms64/seed0/blocks.csv,,0.7815,0.946,0.984,0.009193090721964836,8.406117558479309e-06,0.43248890489052805,313.49755859375,10753160,torch,cuda,float64,cuda
short,online,routeb_global_inducing_mt128_ms64,routeb_global_inducing_mt128_ms64,0,complete,runs/task1_2/online/routeb_global_inducing_mt128_ms64/seed0,runs/task1_2/online/routeb_global_inducing_mt128_ms64/seed0/result.json,runs/task1_2/online/routeb_global_inducing_mt128_ms64/seed0/predictions.npz,,True,0.09421741278424378,-0.8708613048066141,0.964,0.06545995358381475,4.93886150047183,0.012754887342453003,313.49755859375,372.0,,10.255012512207031,2,20,30,10,0.13159045441893444,0.014592362567782402,2,Task2,runs/task1_2/online/routeb_global_inducing_mt128_ms64/seed0/blocks.csv,,0.7195,0.9175,0.9775,0.00665384903550148,8.048489689826965e-06,0.43289407244635336,313.49755859375,10753160,torch,cuda,float64,cuda
short,online,routeb_global_inducing_mt128_ms64,routeb_global_inducing_mt128_ms64,0,complete,runs/task1_2/online/routeb_global_inducing_mt128_ms64/seed0,runs/task1_2/online/routeb_global_inducing_mt128_ms64/seed0/result.json,runs/task1_2/online/routeb_global_inducing_mt128_ms64/seed0/predictions.npz,,True,0.08606484178315534,-0.9298362379345847,0.97,0.06545995358381475,4.93886150047183,0.012759532779455185,313.49755859375,372.0,,10.255012512207031,3,30,40,10,0.13171373534912875,0.014521470293402672,3,Task2,runs/task1_2/online/routeb_global_inducing_mt128_ms64/seed0/blocks.csv,,0.7645,0.9385,0.983,0.003574136644601822,7.603317499160767e-06,0.4332996306166815,313.49755859375,10753160,torch,cuda,float64,cuda
short,online,routeb_global_inducing_mt128_ms64,routeb_global_inducing_mt128_ms64,0,complete,runs/task1_2/online/routeb_global_inducing_mt128_ms64/seed0,runs/task1_2/online/routeb_global_inducing_mt128_ms64/seed0/result.json,runs/task1_2/online/routeb_global_inducing_mt128_ms64/seed0/predictions.npz,,True,0.08109023915564416,-0.9661045779307423,0.9815,0.06545995358381475,4.93886150047183,0.012789057567715645,313.49755859375,372.0,,10.255012512207031,4,40,50,10,0.13182046039638534,0.014581045135855675,4,Task2,runs/task1_2/online/routeb_global_inducing_mt128_ms64/seed0/blocks.csv,,0.77,0.9545,0.9905,0.0029996447265148163,6.459653377532959e-06,0.43365072477881456,313.49755859375,10753160,torch,cuda,float64,cuda
short,online,routeb_global_inducing_mt128_ms64,routeb_global_inducing_mt128_ms64,0,complete,runs/task1_2/online/routeb_global_inducing_mt128_ms64/seed0,runs/task1_2/online/routeb_global_inducing_mt128_ms64/seed0/result.json,runs/task1_2/online/routeb_global_inducing_mt128_ms64/seed0/predictions.npz,,True,0.07305110525698227,-1.0145193303871038,0.9905,0.06545995358381475,4.93886150047183,0.012771720066666603,313.49755859375,372.0,,10.255012512207031,5,50,60,10,0.1318000041036906,0.01460438035428524,5,Task2,runs/task1_2/online/routeb_global_inducing_mt128_ms64/seed0/blocks.csv,,0.8165,0.971,0.9985,0.002704465761780739,6.4838677644729614e-06,0.4335834295643488,313.49755859375,10753160,torch,cuda,float64,cuda
short,online,routeb_global_inducing_mt128_ms64,routeb_global_inducing_mt128_ms64,0,complete,runs/task1_2/online/routeb_global_inducing_mt128_ms64/seed0,runs/task1_2/online/routeb_global_inducing_mt128_ms64/seed0/result.json,runs/task1_2/online/routeb_global_inducing_mt128_ms64/seed0/predictions.npz,,True,0.07358995278256204,-1.0001796126933071,0.992,0.06545995358381475,4.93886150047183,0.012810833752155304,313.49755859375,372.0,,10.255012512207031,6,60,70,10,0.13168355076747865,0.014593634754419327,6,Task2,runs/task1_2/online/routeb_global_inducing_mt128_ms64/seed0/blocks.csv,,0.785,0.971,0.996,0.0025780685245990753,6.6105276346206665e-06,0.43320033217947107,313.49755859375,10753160,torch,cuda,float64,cuda
short,online,routeb_global_inducing_mt128_ms64,routeb_global_inducing_mt128_ms64,0,complete,runs/task1_2/online/routeb_global_inducing_mt128_ms64/seed0,runs/task1_2/online/routeb_global_inducing_mt128_ms64/seed0/result.json,runs/task1_2/online/routeb_global_inducing_mt128_ms64/seed0/predictions.npz,,True,0.07430163683395345,-0.9764802716985693,0.982,0.06545995358381475,4.93886150047183,0.012491440400481224,313.49755859375,372.0,,10.255012512207031,7,70,80,10,0.13153191511526544,0.014611396938562393,7,Task2,runs/task1_2/online/routeb_global_inducing_mt128_ms64/seed0/blocks.csv,,0.7815,0.968,0.989,0.004202643409371376,1.0745599865913391e-05,0.4327014952744351,313.49755859375,10753160,torch,cuda,float64,cuda
short,online,routeb_global_inducing_mt128_ms64,routeb_global_inducing_mt128_ms64,0,complete,runs/task1_2/online/routeb_global_inducing_mt128_ms64/seed0,runs/task1_2/online/routeb_global_inducing_mt128_ms64/seed0/result.json,runs/task1_2/online/routeb_global_inducing_mt128_ms64/seed0/predictions.npz,,True,0.07553472968073333,-0.9750510508644665,0.985,0.06545995358381475,4.93886150047183,0.011888505890965462,313.49755859375,372.0,,10.255012512207031,8,80,90,10,0.1314046726454655,0.013864221051335335,8,Task2,runs/task1_2/online/routeb_global_inducing_mt128_ms64/seed0/blocks.csv,,0.7795,0.961,0.991,0.003257002681493759,5.46872615814209e-06,0.43228290479852965,313.49755859375,10753160,torch,cuda,float64,cuda
short,online,routeb_global_inducing_mt128_ms64,routeb_global_inducing_mt128_ms64,0,complete,runs/task1_2/online/routeb_global_inducing_mt128_ms64/seed0,runs/task1_2/online/routeb_global_inducing_mt128_ms64/seed0/result.json,runs/task1_2/online/routeb_global_inducing_mt128_ms64/seed0/predictions.npz,,True,0.08187975002444539,-0.9375489958181086,0.972,0.06545995358381475,4.93886150047183,0.011923341080546379,313.49755859375,372.0,,10.255012512207031,9,90,100,10,0.13149576441427316,0.0136660635471344,9,Task2,runs/task1_2/online/routeb_global_inducing_mt128_ms64/seed0/blocks.csv,,0.789,0.9445,0.9825,0.00274723581969738,4.67151403427124e-06,0.4325825700511471,313.49755859375,10753160,torch,cuda,float64,cuda
short,online,routeb_global_inducing_mt128_ms64,routeb_global_inducing_mt128_ms64,0,complete,runs/task1_2/online/routeb_global_inducing_mt128_ms64/seed0,runs/task1_2/online/routeb_global_inducing_mt128_ms64/seed0/result.json,runs/task1_2/online/routeb_global_inducing_mt128_ms64/seed0/predictions.npz,,True,0.07186606622917083,-1.0100982893263197,0.989,0.06545995358381475,4.93886150047183,0.011940371245145798,313.49755859375,372.0,,10.255012512207031,10,100,110,10,0.13164654139755846,0.013701355084776878,10,Task2,runs/task1_2/online/routeb_global_inducing_mt128_ms64/seed0/blocks.csv,,0.838,0.971,0.994,0.0029761437326669693,4.811212420463562e-06,0.4330785821867823,313.49755859375,10753160,torch,cuda,float64,cuda
short,online,routeb_global_inducing_mt128_ms64,routeb_global_inducing_mt128_ms64,0,complete,runs/task1_2/online/routeb_global_inducing_mt128_ms64/seed0,runs/task1_2/online/routeb_global_inducing_mt128_ms64/seed0/result.json,runs/task1_2/online/routeb_global_inducing_mt128_ms64/seed0/predictions.npz,,True,0.08352060765267923,-0.9327868759060208,0.976,0.06545995358381475,4.93886150047183,0.011960133910179138,313.49755859375,372.0,,10.255012512207031,11,110,120,10,0.1317720552482487,0.01366204023361206,11,Task2,runs/task1_2/online/routeb_global_inducing_mt128_ms64/seed0/blocks.csv,,0.7295,0.9385,0.9905,0.0025648456066846848,5.165114998817444e-06,0.4334914860118632,313.49755859375,10753160,torch,cuda,float64,cuda
short,online,routeb_global_inducing_mt128_ms64,routeb_global_inducing_mt128_ms64,0,complete,runs/task1_2/online/routeb_global_inducing_mt128_ms64/seed0,runs/task1_2/online/routeb_global_inducing_mt128_ms64/seed0/result.json,runs/task1_2/online/routeb_global_inducing_mt128_ms64/seed0/predictions.npz,,True,0.10569006798960007,-0.8125780939148128,0.941,0.06545995358381475,4.93886150047183,0.011935707181692123,313.49755859375,372.0,,10.255012512207031,12,120,130,10,0.13182965026347615,0.01366136409342289,12,Task2,runs/task1_2/online/routeb_global_inducing_mt128_ms64/seed0/blocks.csv,,0.6235,0.888,0.9745,0.0027928967028856277,4.725530743598938e-06,0.4336809567512456,313.49755859375,10753160,torch,cuda,float64,cuda
short,online,routeb_global_inducing_mt128_ms64,routeb_global_inducing_mt128_ms64,0,complete,runs/task1_2/online/routeb_global_inducing_mt128_ms64/seed0,runs/task1_2/online/routeb_global_inducing_mt128_ms64/seed0/result.json,runs/task1_2/online/routeb_global_inducing_mt128_ms64/seed0/predictions.npz,,True,0.11276936044376848,-0.7611537455817518,0.9295,0.06545995358381475,4.93886150047183,0.012047979980707169,313.49755859375,372.0,,10.255012512207031,13,130,140,10,0.13172551899103452,0.013650735840201378,13,Task2,runs/task1_2/online/routeb_global_inducing_mt128_ms64/seed0/blocks.csv,,0.632,0.8665,0.959,0.0024896152317523956,4.800036549568176e-06,0.43333839534893626,313.49755859375,10753160,torch,cuda,float64,cuda
short,online,routeb_global_inducing_mt128_ms64,routeb_global_inducing_mt128_ms64,0,complete,runs/task1_2/online/routeb_global_inducing_mt128_ms64/seed0,runs/task1_2/online/routeb_global_inducing_mt128_ms64/seed0/result.json,runs/task1_2/online/routeb_global_inducing_mt128_ms64/seed0/predictions.npz,,True,0.09082591112070841,-0.8895228606564894,0.9685,0.06545995358381475,4.93886150047183,0.01195499300956726,313.49755859375,372.0,,10.255012512207031,14,140,150,10,0.13160067369712944,0.01368027739226818,14,Task2,runs/task1_2/online/routeb_global_inducing_mt128_ms64/seed0/blocks.csv,,0.7025,0.928,0.981,0.0027913283556699753,4.500150680541992e-06,0.43292769087996125,313.49755859375,10753160,torch,cuda,float64,cuda
short,online,routeb_global_inducing_mt128_ms64,routeb_global_inducing_mt128_ms64,0,complete,runs/task1_2/online/routeb_global_inducing_mt128_ms64/seed0,runs/task1_2/online/routeb_global_inducing_mt128_ms64/seed0/result.json,runs/task1_2/online/routeb_global_inducing_mt128_ms64/seed0/predictions.npz,,True,0.09677468918376518,-0.8567968723390768,0.9595,0.06545995358381475,4.93886150047183,0.01195494458079338,313.49755859375,372.0,,10.255012512207031,15,150,160,10,0.1314293794491188,0.013657679781317711,15,Task2,runs/task1_2/online/routeb_global_inducing_mt128_ms64/seed0/blocks.csv,,0.6305,0.908,0.985,0.002549862489104271,4.414469003677368e-06,0.4323641829497288,313.49755859375,10753160,torch,cuda,float64,cuda
short,online,routeb_global_inducing_mt128_ms64,routeb_global_inducing_mt128_ms64,0,complete,runs/task1_2/online/routeb_global_inducing_mt128_ms64/seed0,runs/task1_2/online/routeb_global_inducing_mt128_ms64/seed0/result.json,runs/task1_2/online/routeb_global_inducing_mt128_ms64/seed0/predictions.npz,,True,0.09246317852044267,-0.8880127499196496,0.964,0.06545995358381475,4.93886150047183,0.011977894231677055,313.49755859375,372.0,,10.255012512207031,16,160,170,10,0.1314308252844771,0.013697756454348564,16,Task2,runs/task1_2/online/routeb_global_inducing_mt128_ms64/seed0/blocks.csv,,0.688,0.913,0.983,0.0026203040033578873,4.4833868741989136e-06,0.4323689393247948,313.49755859375,10753160,torch,cuda,float64,cuda
short,online,routeb_global_inducing_mt128_ms64,routeb_global_inducing_mt128_ms64,0,complete,runs/task1_2/online/routeb_global_inducing_mt128_ms64/seed0,runs/task1_2/online/routeb_global_inducing_mt128_ms64/seed0/result.json,runs/task1_2/online/routeb_global_inducing_mt128_ms64/seed0/predictions.npz,,True,0.07796511265953585,-0.985209308260987,0.9855,0.06545995358381475,4.93886150047183,0.012053418904542923,313.49755859375,372.0,,10.255012512207031,17,170,180,10,0.1315924856475321,0.01372220553457737,17,Task2,runs/task1_2/online/routeb_global_inducing_mt128_ms64/seed0/blocks.csv,,0.778,0.9635,0.994,0.0028335731476545334,4.511326551437378e-06,0.43290075459380545,313.49755859375,10753160,torch,cuda,float64,cuda
short,online,routeb_global_inducing_mt128_ms64,routeb_global_inducing_mt128_ms64,0,complete,runs/task1_2/online/routeb_global_inducing_mt128_ms64/seed0,runs/task1_2/online/routeb_global_inducing_mt128_ms64/seed0/result.json,runs/task1_2/online/routeb_global_inducing_mt128_ms64/seed0/predictions.npz,,True,0.06545995358381475,-1.0203064407930462,0.9933333333333333,0.06545995358381475,4.93886150047183,0.01016143523156643,313.49755859375,372.0,,10.255012512207031,18,180,186,6,0.13177242148902737,0.013140559196472168,18,Task2,runs/task1_2/online/routeb_global_inducing_mt128_ms64/seed0/blocks.csv,,0.8366666666666667,0.9766666666666667,0.9966666666666667,0.002175997942686081,5.3104013204574585e-06,0.43349269083680964,313.49755859375,10753160,torch,cuda,float64,cuda
short,online,routeb_global_inducing_mt128_ms64,routeb_global_inducing_mt128_ms64,1,complete,runs/task1_2/online/routeb_global_inducing_mt128_ms64/seed1,runs/task1_2/online/routeb_global_inducing_mt128_ms64/seed1/result.json,runs/task1_2/online/routeb_global_inducing_mt128_ms64/seed1/predictions.npz,,True,0.07626017051119181,-1.0299055051500412,0.9865,0.07169270564758583,4.944768263027072,0.09325390681624413,313.49755859375,372.0,,10.255012512207031,0,0,10,10,0.13052855025717267,0.04106391407549381,0,Task2,runs/task1_2/online/routeb_global_inducing_mt128_ms64/seed1/blocks.csv,,0.837,0.968,0.9935,0.003923019394278526,2.6476215571165085,0.429400718622456,313.49755859375,10753160,torch,cuda,float64,cuda
short,online,routeb_global_inducing_mt128_ms64,routeb_global_inducing_mt128_ms64,1,complete,runs/task1_2/online/routeb_global_inducing_mt128_ms64/seed1,runs/task1_2/online/routeb_global_inducing_mt128_ms64/seed1/result.json,runs/task1_2/online/routeb_global_inducing_mt128_ms64/seed1/predictions.npz,,True,0.09282689518768417,-0.9833177776401384,0.973,0.07169270564758583,4.944768263027072,0.012704912573099136,313.49755859375,372.0,,10.255012512207031,1,10,20,10,0.13034317364347447,0.014673961326479912,1,Task2,runs/task1_2/online/routeb_global_inducing_mt128_ms64/seed1/blocks.csv,,0.7875,0.948,0.9875,0.008859042078256607,1.1008232831954956e-05,0.428790883831669,313.49755859375,10753160,torch,cuda,float64,cuda
short,online,routeb_global_inducing_mt128_ms64,routeb_global_inducing_mt128_ms64,1,complete,runs/task1_2/online/routeb_global_inducing_mt128_ms64/seed1,runs/task1_2/online/routeb_global_inducing_mt128_ms64/seed1/result.json,runs/task1_2/online/routeb_global_inducing_mt128_ms64/seed1/predictions.npz,,True,0.10607558839049039,-0.8746389070485037,0.9545,0.07169270564758583,4.944768263027072,0.012735854834318161,313.49755859375,372.0,,10.255012512207031,2,20,30,10,0.13049478217786578,0.01458936557173729,2,Task2,runs/task1_2/online/routeb_global_inducing_mt128_ms64/seed1/blocks.csv,,0.6795,0.903,0.977,0.006351236253976822,6.6999346017837524e-06,0.4292896315270098,313.49755859375,10753160,torch,cuda,float64,cuda
short,online,routeb_global_inducing_mt128_ms64,routeb_global_inducing_mt128_ms64,1,complete,runs/task1_2/online/routeb_global_inducing_mt128_ms64/seed1,runs/task1_2/online/routeb_global_inducing_mt128_ms64/seed1/result.json,runs/task1_2/online/routeb_global_inducing_mt128_ms64/seed1/predictions.npz,,True,0.10654109652292106,-0.8509646777602989,0.944,0.07169270564758583,4.944768263027072,0.01273503340780735,313.49755859375,372.0,,10.255012512207031,3,30,40,10,0.13063854731419752,0.014517972245812416,3,Task2,runs/task1_2/online/routeb_global_inducing_mt128_ms64/seed1/blocks.csv,,0.7105,0.904,0.9655,0.003023069351911545,6.064772605895996e-06,0.42976257673885865,313.49755859375,10753160,torch,cuda,float64,cuda
short,online,routeb_global_inducing_mt128_ms64,routeb_global_inducing_mt128_ms64,1,complete,runs/task1_2/online/routeb_global_inducing_mt128_ms64/seed1,runs/task1_2/online/routeb_global_inducing_mt128_ms64/seed1/result.json,runs/task1_2/online/routeb_global_inducing_mt128_ms64/seed1/predictions.npz,,True,0.0901581953272793,-0.9750890594736054,0.982,0.07169270564758583,4.944768263027072,0.011852232739329338,313.49755859375,372.0,,10.255012512207031,4,40,50,10,0.13076315481853248,0.013590624555945396,4,Task2,runs/task1_2/online/routeb_global_inducing_mt128_ms64/seed1/blocks.csv,,0.7445,0.953,0.992,0.0028842221945524216,6.368383765220642e-06,0.43017249894976006,313.49755859375,10753160,torch,cuda,float64,cuda
short,online,routeb_global_inducing_mt128_ms64,routeb_global_inducing_mt128_ms64,1,complete,runs/task1_2/online/routeb_global_inducing_mt128_ms64/seed1,runs/task1_2/online/routeb_global_inducing_mt128_ms64/seed1/result.json,runs/task1_2/online/routeb_global_inducing_mt128_ms64/seed1/predictions.npz,,True,0.06614554344132818,-1.0469469467448185,0.996,0.07169270564758583,4.944768263027072,0.01183413527905941,313.49755859375,372.0,,10.255012512207031,5,50,60,10,0.1307371817877747,0.013563873246312141,5,Task2,runs/task1_2/online/routeb_global_inducing_mt128_ms64/seed1/blocks.csv,,0.8275,0.9805,0.999,0.0026878491044044495,6.387010216712952e-06,0.4300870552820703,313.49755859375,10753160,torch,cuda,float64,cuda
short,online,routeb_global_inducing_mt128_ms64,routeb_global_inducing_mt128_ms64,1,complete,runs/task1_2/online/routeb_global_inducing_mt128_ms64/seed1,runs/task1_2/online/routeb_global_inducing_mt128_ms64/seed1/result.json,runs/task1_2/online/routeb_global_inducing_mt128_ms64/seed1/predictions.npz,,True,0.07202894876235992,-1.017021876668537,0.9925,0.07169270564758583,4.944768263027072,0.011861888691782951,313.49755859375,372.0,,10.255012512207031,6,60,70,10,0.13060259440949448,0.013540524989366531,6,Task2,runs/task1_2/online/routeb_global_inducing_mt128_ms64/seed1/blocks.csv,,0.7925,0.972,0.999,0.002589285373687744,5.790963768959045e-06,0.42964430220745825,313.49755859375,10753160,torch,cuda,float64,cuda
short,online,routeb_global_inducing_mt128_ms64,routeb_global_inducing_mt128_ms64,1,complete,runs/task1_2/online/routeb_global_inducing_mt128_ms64/seed1,runs/task1_2/online/routeb_global_inducing_mt128_ms64/seed1/result.json,runs/task1_2/online/routeb_global_inducing_mt128_ms64/seed1/predictions.npz,,True,0.07802259750550244,-0.9860498405239657,0.9845,0.07169270564758583,4.944768263027072,0.011855123564600945,313.49755859375,372.0,,10.255012512207031,7,70,80,10,0.13042616422935055,0.013593791052699089,7,Task2,runs/task1_2/online/routeb_global_inducing_mt128_ms64/seed1/blocks.csv,,0.7415,0.9555,0.995,0.0025707054883241653,7.826834917068481e-06,0.4290638985640312,313.49755859375,10753160,torch,cuda,float64,cuda
short,online,routeb_global_inducing_mt128_ms64,routeb_global_inducing_mt128_ms64,1,complete,runs/task1_2/online/routeb_global_inducing_mt128_ms64/seed1,runs/task1_2/online/routeb_global_inducing_mt128_ms64/seed1/result.json,runs/task1_2/online/routeb_global_inducing_mt128_ms64/seed1/predictions.npz,,True,0.07800600645001084,-0.9869925309047894,0.979,0.07169270564758583,4.944768263027072,0.011856380850076675,313.49755859375,372.0,,10.255012512207031,8,80,90,10,0.13027567444522895,0.013572640717029572,8,Task2,runs/task1_2/online/routeb_global_inducing_mt128_ms64/seed1/blocks.csv,,0.7725,0.9555,0.992,0.002574516460299492,4.669651389122009e-06,0.4285688312295682,313.49755859375,10753160,torch,cuda,float64,cuda
short,online,routeb_global_inducing_mt128_ms64,routeb_global_inducing_mt128_ms64,1,complete,runs/task1_2/online/routeb_global_inducing_mt128_ms64/seed1,runs/task1_2/online/routeb_global_inducing_mt128_ms64/seed1/result.json,runs/task1_2/online/routeb_global_inducing_mt128_ms64/seed1/predictions.npz,,True,0.09623789628807619,-0.9130050013947607,0.9645,0.07169270564758583,4.944768263027072,0.011920182034373283,313.49755859375,372.0,,10.255012512207031,9,90,100,10,0.13038531603750278,0.013613831251859665,9,Task2,runs/task1_2/online/routeb_global_inducing_mt128_ms64/seed1/blocks.csv,,0.7045,0.9205,0.98,0.0025744717568159103,4.606321454048157e-06,0.42892951997100076,313.49755859375,10753160,torch,cuda,float64,cuda
short,online,routeb_global_inducing_mt128_ms64,routeb_global_inducing_mt128_ms64,1,complete,runs/task1_2/online/routeb_global_inducing_mt128_ms64/seed1,runs/task1_2/online/routeb_global_inducing_mt128_ms64/seed1/result.json,runs/task1_2/online/routeb_global_inducing_mt128_ms64/seed1/predictions.npz,,True,0.08090075820443182,-0.9889937193996606,0.98,0.07169270564758583,4.944768263027072,0.01192917674779892,313.49755859375,372.0,,10.255012512207031,10,100,110,10,0.13056269350080468,0.01363716833293438,10,Task2,runs/task1_2/online/routeb_global_inducing_mt128_ms64/seed1/blocks.csv,,0.7975,0.959,0.992,0.003885200247168541,4.319474101066589e-06,0.42951303989870393,313.49755859375,10753160,torch,cuda,float64,cuda
short,online,routeb_global_inducing_mt128_ms64,routeb_global_inducing_mt128_ms64,1,complete,runs/task1_2/online/routeb_global_inducing_mt128_ms64/seed1,runs/task1_2/online/routeb_global_inducing_mt128_ms64/seed1/result.json,runs/task1_2/online/routeb_global_inducing_mt128_ms64/seed1/predictions.npz,,True,0.08441979293689933,-0.9343967377479712,0.9695,0.07169270564758583,4.944768263027072,0.011965727433562279,313.49755859375,372.0,,10.255012512207031,11,110,120,10,0.130706927372497,0.013680296018719673,11,Task2,runs/task1_2/online/routeb_global_inducing_mt128_ms64/seed1/blocks.csv,,0.728,0.924,0.984,0.002600463107228279,4.759058356285095e-06,0.4299875271126688,313.49755859375,10753160,torch,cuda,float64,cuda
short,online,routeb_global_inducing_mt128_ms64,routeb_global_inducing_mt128_ms64,1,complete,runs/task1_2/online/routeb_global_inducing_mt128_ms64/seed1,runs/task1_2/online/routeb_global_inducing_mt128_ms64/seed1/result.json,runs/task1_2/online/routeb_global_inducing_mt128_ms64/seed1/predictions.npz,,True,0.1251014881499893,-0.6411689084234117,0.9075,0.07169270564758583,4.944768263027072,0.011948330327868462,313.49755859375,372.0,,10.255012512207031,12,120,130,10,0.13077302398599563,0.013672882691025734,12,Task2,runs/task1_2/online/routeb_global_inducing_mt128_ms64/seed1/blocks.csv,,0.587,0.828,0.945,0.0024841707199811935,4.192814230918884e-06,0.4302049656215535,313.49755859375,10753160,torch,cuda,float64,cuda
short,online,routeb_global_inducing_mt128_ms64,routeb_global_inducing_mt128_ms64,1,complete,runs/task1_2/online/routeb_global_inducing_mt128_ms64/seed1,runs/task1_2/online/routeb_global_inducing_mt128_ms64/seed1/result.json,runs/task1_2/online/routeb_global_inducing_mt128_ms64/seed1/predictions.npz,,True,0.12022240099841065,-0.7067544590341522,0.915,0.07169270564758583,4.944768263027072,0.011955976486206055,313.49755859375,372.0,,10.255012512207031,13,130,140,10,0.13065073021019077,0.013671904802322388,13,Task2,runs/task1_2/online/routeb_global_inducing_mt128_ms64/seed1/blocks.csv,,0.603,0.8515,0.9435,0.0025267507880926132,4.239380359649658e-06,0.4298026549001812,313.49755859375,10753160,torch,cuda,float64,cuda
short,online,routeb_global_inducing_mt128_ms64,routeb_global_inducing_mt128_ms64,1,complete,runs/task1_2/online/routeb_global_inducing_mt128_ms64/seed1,runs/task1_2/online/routeb_global_inducing_mt128_ms64/seed1/result.json,runs/task1_2/online/routeb_global_inducing_mt128_ms64/seed1/predictions.npz,,True,0.09229758518146451,-0.9148705080420644,0.965,0.07169270564758583,4.944768263027072,0.011974560096859932,313.49755859375,372.0,,10.255012512207031,14,140,150,10,0.13050524216088394,0.01369423232972622,14,Task2,runs/task1_2/online/routeb_global_inducing_mt128_ms64/seed1/blocks.csv,,0.708,0.9185,0.98,0.002464970573782921,4.345551133155823e-06,0.42932404180902034,313.49755859375,10753160,torch,cuda,float64,cuda
short,online,routeb_global_inducing_mt128_ms64,routeb_global_inducing_mt128_ms64,1,complete,runs/task1_2/online/routeb_global_inducing_mt128_ms64/seed1,runs/task1_2/online/routeb_global_inducing_mt128_ms64/seed1/result.json,runs/task1_2/online/routeb_global_inducing_mt128_ms64/seed1/predictions.npz,,True,0.10246214989428727,-0.8544889834188231,0.9515,0.07169270564758583,4.944768263027072,0.011958867311477661,313.49755859375,372.0,,10.255012512207031,15,150,160,10,0.13030406833134792,0.013680491596460342,15,Task2,runs/task1_2/online/routeb_global_inducing_mt128_ms64/seed1/blocks.csv,,0.6355,0.883,0.9775,0.0025090035051107407,4.47593629360199e-06,0.42866223880270027,313.49755859375,10753160,torch,cuda,float64,cuda
short,online,routeb_global_inducing_mt128_ms64,routeb_global_inducing_mt128_ms64,1,complete,runs/task1_2/online/routeb_global_inducing_mt128_ms64/seed1,runs/task1_2/online/routeb_global_inducing_mt128_ms64/seed1/result.json,runs/task1_2/online/routeb_global_inducing_mt128_ms64/seed1/predictions.npz,,True,0.0988627370861359,-0.8654917504479909,0.9555,0.07169270564758583,4.944768263027072,0.011989882215857506,313.49755859375,372.0,,10.255012512207031,16,160,170,10,0.13030792789193196,0.013703197240829468,16,Task2,runs/task1_2/online/routeb_global_inducing_mt128_ms64/seed1/blocks.csv,,0.6585,0.9005,0.975,0.0036008600145578384,4.2673200368881226e-06,0.42867493562715026,313.49755859375,10753160,torch,cuda,float64,cuda
short,online,routeb_global_inducing_mt128_ms64,routeb_global_inducing_mt128_ms64,1,complete,runs/task1_2/online/routeb_global_inducing_mt128_ms64/seed1,runs/task1_2/online/routeb_global_inducing_mt128_ms64/seed1/result.json,runs/task1_2/online/routeb_global_inducing_mt128_ms64/seed1/predictions.npz,,True,0.08026767287169599,-0.9776443026979584,0.9825,0.07169270564758583,4.944768263027072,0.011982118710875511,313.49755859375,372.0,,10.255012512207031,17,170,180,10,0.13049999117033012,0.013685738667845726,17,Task2,runs/task1_2/online/routeb_global_inducing_mt128_ms64/seed1/blocks.csv,,0.7535,0.9435,0.9955,0.0025158897042274475,3.8798898458480835e-06,0.4293067675873052,313.49755859375,10753160,torch,cuda,float64,cuda
short,online,routeb_global_inducing_mt128_ms64,routeb_global_inducing_mt128_ms64,1,complete,runs/task1_2/online/routeb_global_inducing_mt128_ms64/seed1,runs/task1_2/online/routeb_global_inducing_mt128_ms64/seed1/result.json,runs/task1_2/online/routeb_global_inducing_mt128_ms64/seed1/predictions.npz,,True,0.07169270564758583,-1.0251215494573447,0.9908333333333333,0.07169270564758583,4.944768263027072,0.010112816467881203,313.49755859375,372.0,,10.255012512207031,18,180,186,6,0.1307055346188654,0.013125857338309288,18,Task2,runs/task1_2/online/routeb_global_inducing_mt128_ms64/seed1/blocks.csv,,0.8066666666666666,0.9708333333333333,0.9991666666666666,0.0016592778265476227,4.719942808151245e-06,0.42998294536094384,313.49755859375,10753160,torch,cuda,float64,cuda
short,online,routeb_global_inducing_mt128_ms64,routeb_global_inducing_mt128_ms64,2,complete,runs/task1_2/online/routeb_global_inducing_mt128_ms64/seed2,runs/task1_2/online/routeb_global_inducing_mt128_ms64/seed2/result.json,runs/task1_2/online/routeb_global_inducing_mt128_ms64/seed2/predictions.npz,,True,0.06456784602028602,-1.0361493961394659,0.9895,0.06690593108670885,5.039598695933819,0.092117790132761,313.49755859375,372.0,,10.255012512207031,0,0,10,10,0.12935612838147229,0.040709786117076874,0,Task2,runs/task1_2/online/routeb_global_inducing_mt128_ms64/seed2/blocks.csv,,0.8305,0.969,0.996,0.004055129364132881,2.6493209674954414,0.42554379387332986,313.49755859375,10753160,torch,cuda,float64,cuda
short,online,routeb_global_inducing_mt128_ms64,routeb_global_inducing_mt128_ms64,2,complete,runs/task1_2/online/routeb_global_inducing_mt128_ms64/seed2,runs/task1_2/online/routeb_global_inducing_mt128_ms64/seed2/result.json,runs/task1_2/online/routeb_global_inducing_mt128_ms64/seed2/predictions.npz,,True,0.08193612174561281,-0.9768337591441887,0.9825,0.06690593108670885,5.039598695933819,0.012772267684340477,313.49755859375,372.0,,10.255012512207031,1,10,20,10,0.12918125124873553,0.01476651057600975,1,Task2,runs/task1_2/online/routeb_global_inducing_mt128_ms64/seed2/blocks.csv,,0.7505,0.948,0.9915,0.008792990818619728,1.1105090379714966e-05,0.42496849930122393,313.49755859375,10753160,torch,cuda,float64,cuda
short,online,routeb_global_inducing_mt128_ms64,routeb_global_inducing_mt128_ms64,2,complete,runs/task1_2/online/routeb_global_inducing_mt128_ms64/seed2,runs/task1_2/online/routeb_global_inducing_mt128_ms64/seed2/result.json,runs/task1_2/online/routeb_global_inducing_mt128_ms64/seed2/predictions.npz,,True,0.10303119028040221,-0.8810192730163637,0.9545,0.06690593108670885,5.039598695933819,0.012772995978593826,313.49755859375,372.0,,10.255012512207031,2,20,30,10,0.1293149910091576,0.014596715569496155,2,Task2,runs/task1_2/online/routeb_global_inducing_mt128_ms64/seed2/blocks.csv,,0.703,0.9085,0.9725,0.006652792915701866,6.688758730888367e-06,0.42540846396121984,313.49755859375,10753160,torch,cuda,float64,cuda
short,online,routeb_global_inducing_mt128_ms64,routeb_global_inducing_mt128_ms64,2,complete,runs/task1_2/online/routeb_global_inducing_mt128_ms64/seed2,runs/task1_2/online/routeb_global_inducing_mt128_ms64/seed2/result.json,runs/task1_2/online/routeb_global_inducing_mt128_ms64/seed2/predictions.npz,,True,0.09829369974198557,-0.8964363858708697,0.949,0.06690593108670885,5.039598695933819,0.012910338118672371,313.49755859375,372.0,,10.255012512207031,3,30,40,10,0.12944430823948,0.01461828500032425,3,Task2,runs/task1_2/online/routeb_global_inducing_mt128_ms64/seed2/blocks.csv,,0.7465,0.918,0.9665,0.006514860317111015,6.342306733131409e-06,0.42583387979186593,313.49755859375,10753160,torch,cuda,float64,cuda
short,online,routeb_global_inducing_mt128_ms64,routeb_global_inducing_mt128_ms64,2,complete,runs/task1_2/online/routeb_global_inducing_mt128_ms64/seed2,runs/task1_2/online/routeb_global_inducing_mt128_ms64/seed2/result.json,runs/task1_2/online/routeb_global_inducing_mt128_ms64/seed2/predictions.npz,,True,0.08583064927559415,-0.9582012688012237,0.978,0.06690593108670885,5.039598695933819,0.012802565470337868,313.49755859375,372.0,,10.255012512207031,4,40,50,10,0.12955325685924277,0.01464882493019104,4,Task2,runs/task1_2/online/routeb_global_inducing_mt128_ms64/seed2/blocks.csv,,0.726,0.934,0.995,0.00392984040081501,6.496906280517578e-06,0.42619228885660226,313.49755859375,10753160,torch,cuda,float64,cuda
short,online,routeb_global_inducing_mt128_ms64,routeb_global_inducing_mt128_ms64,2,complete,runs/task1_2/online/routeb_global_inducing_mt128_ms64/seed2,runs/task1_2/online/routeb_global_inducing_mt128_ms64/seed2/result.json,runs/task1_2/online/routeb_global_inducing_mt128_ms64/seed2/predictions.npz,,True,0.07736515275714465,-1.0021345872552845,0.983,0.06690593108670885,5.039598695933819,0.012821352109313011,313.49755859375,372.0,,10.255012512207031,5,50,60,10,0.12953128482389042,0.014752000570297241,5,Task2,runs/task1_2/online/routeb_global_inducing_mt128_ms64/seed2/blocks.csv,,0.779,0.9545,0.992,0.003560328856110573,6.1802566051483154e-06,0.42612000729252075,313.49755859375,10753160,torch,cuda,float64,cuda
short,online,routeb_global_inducing_mt128_ms64,routeb_global_inducing_mt128_ms64,2,complete,runs/task1_2/online/routeb_global_inducing_mt128_ms64/seed2,runs/task1_2/online/routeb_global_inducing_mt128_ms64/seed2/result.json,runs/task1_2/online/routeb_global_inducing_mt128_ms64/seed2/predictions.npz,,True,0.0786405301266852,-0.9845315536189841,0.9845,0.06690593108670885,5.039598695933819,0.012788848951458931,313.49755859375,372.0,,10.255012512207031,6,60,70,10,0.12941032086493223,0.014622215181589127,6,Task2,runs/task1_2/online/routeb_global_inducing_mt128_ms64/seed2/blocks.csv,,0.742,0.954,0.995,0.0030083879828453064,5.543231964111328e-06,0.42572207127927514,313.49755859375,10753160,torch,cuda,float64,cuda
short,online,routeb_global_inducing_mt128_ms64,routeb_global_inducing_mt128_ms64,2,complete,runs/task1_2/online/routeb_global_inducing_mt128_ms64/seed2,runs/task1_2/online/routeb_global_inducing_mt128_ms64/seed2/result.json,runs/task1_2/online/routeb_global_inducing_mt128_ms64/seed2/predictions.npz,,True,0.08076494051034198,-0.9861874370395053,0.987,0.06690593108670885,5.039598695933819,0.012843051925301552,313.49755859375,372.0,,10.255012512207031,7,70,80,10,0.12925170475066455,0.014700338244438171,7,Task2,runs/task1_2/online/routeb_global_inducing_mt128_ms64/seed2/blocks.csv,,0.739,0.956,0.9935,0.003022359684109688,7.703900337219238e-06,0.4252002706975828,313.49755859375,10753160,torch,cuda,float64,cuda
short,online,routeb_global_inducing_mt128_ms64,routeb_global_inducing_mt128_ms64,2,complete,runs/task1_2/online/routeb_global_inducing_mt128_ms64/seed2,runs/task1_2/online/routeb_global_inducing_mt128_ms64/seed2/result.json,runs/task1_2/online/routeb_global_inducing_mt128_ms64/seed2/predictions.npz,,True,0.07820254770834417,-0.9902443887213478,0.984,0.06690593108670885,5.039598695933819,0.011862203478813171,313.49755859375,372.0,,10.255012512207031,8,80,90,10,0.12911848955758473,0.013555634766817093,8,Task2,runs/task1_2/online/routeb_global_inducing_mt128_ms64/seed2/blocks.csv,,0.761,0.951,0.9925,0.0027559995651245117,4.556030035018921e-06,0.42476203171057797,313.49755859375,10753160,torch,cuda,float64,cuda
short,online,routeb_global_inducing_mt128_ms64,routeb_global_inducing_mt128_ms64,2,complete,runs/task1_2/online/routeb_global_inducing_mt128_ms64/seed2,runs/task1_2/online/routeb_global_inducing_mt128_ms64/seed2/result.json,runs/task1_2/online/routeb_global_inducing_mt128_ms64/seed2/predictions.npz,,True,0.08834331275771673,-0.9472219749343767,0.975,0.06690593108670885,5.039598695933819,0.011945927515625954,313.49755859375,372.0,,10.255012512207031,9,90,100,10,0.1292144643898721,0.013658847659826279,9,Task2,runs/task1_2/online/routeb_global_inducing_mt128_ms64/seed2/blocks.csv,,0.7235,0.93,0.9905,0.0029021166265010834,4.3157488107681274e-06,0.425077760812546,313.49755859375,10753160,torch,cuda,float64,cuda
short,online,routeb_global_inducing_mt128_ms64,routeb_global_inducing_mt128_ms64,2,complete,runs/task1_2/online/routeb_global_inducing_mt128_ms64/seed2,runs/task1_2/online/routeb_global_inducing_mt128_ms64/seed2/result.json,runs/task1_2/online/routeb_global_inducing_mt128_ms64/seed2/predictions.npz,,True,0.06781219060806244,-1.0245927730268714,0.9935,0.06690593108670885,5.039598695933819,0.0119493268430233,313.49755859375,372.0,,10.255012512207031,10,100,110,10,0.12937248271684704,0.013611000031232834,10,Task2,runs/task1_2/online/routeb_global_inducing_mt128_ms64/seed2/blocks.csv,,0.7875,0.967,0.997,0.002597784623503685,3.9208680391311646e-06,0.42559759484904497,313.49755859375,10753160,torch,cuda,float64,cuda
short,online,routeb_global_inducing_mt128_ms64,routeb_global_inducing_mt128_ms64,2,complete,runs/task1_2/online/routeb_global_inducing_mt128_ms64/seed2,runs/task1_2/online/routeb_global_inducing_mt128_ms64/seed2/result.json,runs/task1_2/online/routeb_global_inducing_mt128_ms64/seed2/predictions.npz,,True,0.0821745778430786,-0.9425542646327537,0.976,0.06690593108670885,5.039598695933819,0.011975733563303947,313.49755859375,372.0,,10.255012512207031,11,110,120,10,0.1295030887304671,0.013676624745130539,11,Task2,runs/task1_2/online/routeb_global_inducing_mt128_ms64/seed2/blocks.csv,,0.7135,0.932,0.9885,0.0029124319553375244,4.775822162628174e-06,0.42602725039945416,313.49755859375,10753160,torch,cuda,float64,cuda
short,online,routeb_global_inducing_mt128_ms64,routeb_global_inducing_mt128_ms64,2,complete,runs/task1_2/online/routeb_global_inducing_mt128_ms64/seed2,runs/task1_2/online/routeb_global_inducing_mt128_ms64/seed2/result.json,runs/task1_2/online/routeb_global_inducing_mt128_ms64/seed2/predictions.npz,,True,0.11602310630866765,-0.7487721985912102,0.9235,0.06690593108670885,5.039598695933819,0.011966638267040253,313.49755859375,372.0,,10.255012512207031,12,120,130,10,0.1295631007647737,0.01367039605975151,12,Task2,runs/task1_2/online/routeb_global_inducing_mt128_ms64/seed2/blocks.csv,,0.613,0.85,0.96,0.0029539205133914948,4.148110747337341e-06,0.42622467242403417,313.49755859375,10753160,torch,cuda,float64,cuda
short,online,routeb_global_inducing_mt128_ms64,routeb_global_inducing_mt128_ms64,2,complete,runs/task1_2/online/routeb_global_inducing_mt128_ms64/seed2,runs/task1_2/online/routeb_global_inducing_mt128_ms64/seed2/result.json,runs/task1_2/online/routeb_global_inducing_mt128_ms64/seed2/predictions.npz,,True,0.11696709502184578,-0.7461116430263689,0.911,0.06690593108670885,5.039598695933819,0.012007277458906174,313.49755859375,372.0,,10.255012512207031,13,130,140,10,0.12945378515656686,0.013722889125347137,13,Task2,runs/task1_2/online/routeb_global_inducing_mt128_ms64/seed2/blocks.csv,,0.619,0.8415,0.9455,0.003008894622325897,4.230067133903503e-06,0.4258650560747513,313.49755859375,10753160,torch,cuda,float64,cuda
short,online,routeb_global_inducing_mt128_ms64,routeb_global_inducing_mt128_ms64,2,complete,runs/task1_2/online/routeb_global_inducing_mt128_ms64/seed2,runs/task1_2/online/routeb_global_inducing_mt128_ms64/seed2/result.json,runs/task1_2/online/routeb_global_inducing_mt128_ms64/seed2/predictions.npz,,True,0.09226939752701636,-0.9113585851007808,0.97,0.06690593108670885,5.039598695933819,0.011987907811999321,313.49755859375,372.0,,10.255012512207031,14,140,150,10,0.1293230216817015,0.013699803501367569,14,Task2,runs/task1_2/online/routeb_global_inducing_mt128_ms64/seed2/blocks.csv,,0.679,0.9115,0.9885,0.002872370183467865,4.036352038383484e-06,0.4254348825229412,313.49755859375,10753160,torch,cuda,float64,cuda
short,online,routeb_global_inducing_mt128_ms64,routeb_global_inducing_mt128_ms64,2,complete,runs/task1_2/online/routeb_global_inducing_mt128_ms64/seed2,runs/task1_2/online/routeb_global_inducing_mt128_ms64/seed2/result.json,runs/task1_2/online/routeb_global_inducing_mt128_ms64/seed2/predictions.npz,,True,0.09472128985987502,-0.8912036596132343,0.9635,0.06690593108670885,5.039598695933819,0.011991448700428009,313.49755859375,372.0,,10.255012512207031,15,150,160,10,0.12914363606770285,0.013680223375558853,15,Task2,runs/task1_2/online/routeb_global_inducing_mt128_ms64/seed2/blocks.csv,,0.654,0.9,0.9855,0.0029437150806188583,4.502013325691223e-06,0.424844756367324,313.49755859375,10753160,torch,cuda,float64,cuda
short,online,routeb_global_inducing_mt128_ms64,routeb_global_inducing_mt128_ms64,2,complete,runs/task1_2/online/routeb_global_inducing_mt128_ms64/seed2,runs/task1_2/online/routeb_global_inducing_mt128_ms64/seed2/result.json,runs/task1_2/online/routeb_global_inducing_mt128_ms64/seed2/predictions.npz,,True,0.09158837815538451,-0.9205542311334084,0.97,0.06690593108670885,5.039598695933819,0.012003382667899132,313.49755859375,372.0,,10.255012512207031,16,160,170,10,0.12914574746729157,0.013705775141716003,16,Task2,runs/task1_2/online/routeb_global_inducing_mt128_ms64/seed2/blocks.csv,,0.686,0.9165,0.985,0.0034078359603881836,4.569068551063538e-06,0.42485170225386687,313.49755859375,10753160,torch,cuda,float64,cuda
short,online,routeb_global_inducing_mt128_ms64,routeb_global_inducing_mt128_ms64,2,complete,runs/task1_2/online/routeb_global_inducing_mt128_ms64/seed2,runs/task1_2/online/routeb_global_inducing_mt128_ms64/seed2/result.json,runs/task1_2/online/routeb_global_inducing_mt128_ms64/seed2/predictions.npz,,True,0.07759504166637324,-0.9904141217911158,0.9855,0.06690593108670885,5.039598695933819,0.012036209926009178,313.49755859375,372.0,,10.255012512207031,17,170,180,10,0.12931580996411224,0.013845942914485931,17,Task2,runs/task1_2/online/routeb_global_inducing_mt128_ms64/seed2/blocks.csv,,0.7625,0.953,0.9945,0.0030720289796590805,4.345551133155823e-06,0.4254111580832747,313.49755859375,10753160,torch,cuda,float64,cuda
short,online,routeb_global_inducing_mt128_ms64,routeb_global_inducing_mt128_ms64,2,complete,runs/task1_2/online/routeb_global_inducing_mt128_ms64/seed2,runs/task1_2/online/routeb_global_inducing_mt128_ms64/seed2/result.json,runs/task1_2/online/routeb_global_inducing_mt128_ms64/seed2/predictions.npz,,True,0.06690593108670885,-1.0240191057565224,0.9958333333333333,0.06690593108670885,5.039598695933819,0.010126404464244843,313.49755859375,372.0,,10.255012512207031,18,180,186,6,0.12950393356409418,0.013129914179444313,18,Task2,runs/task1_2/online/routeb_global_inducing_mt128_ms64/seed2/blocks.csv,,0.7825,0.9708333333333333,1.0,0.003297664225101471,4.706904292106628e-06,0.4260300296547656,313.49755859375,10753160,torch,cuda,float64,cuda
short,online,routeb_global_inducing_mt128_ms64,routeb_global_inducing_mt128_ms64,3,complete,runs/task1_2/online/routeb_global_inducing_mt128_ms64/seed3,runs/task1_2/online/routeb_global_inducing_mt128_ms64/seed3/result.json,runs/task1_2/online/routeb_global_inducing_mt128_ms64/seed3/predictions.npz,,True,0.07022337736933952,-1.000124454803572,0.991,0.07008923161993974,5.049441676586866,0.09253579936921597,313.49755859375,372.0,,10.255012512207031,0,0,10,10,0.1379375443725782,0.04384522885084152,0,Task2,runs/task1_2/online/routeb_global_inducing_mt128_ms64/seed3/blocks.csv,,0.8635,0.9775,0.996,0.005292467772960663,2.688275557011366,0.4537741403080298,313.49755859375,10753160,torch,cuda,float64,cuda
short,online,routeb_global_inducing_mt128_ms64,routeb_global_inducing_mt128_ms64,3,complete,runs/task1_2/online/routeb_global_inducing_mt128_ms64/seed3,runs/task1_2/online/routeb_global_inducing_mt128_ms64/seed3/result.json,runs/task1_2/online/routeb_global_inducing_mt128_ms64/seed3/predictions.npz,,True,0.08022951829373356,-0.9489841562345976,0.977,0.07008923161993974,5.049441676586866,0.012886486947536469,313.49755859375,372.0,,10.255012512207031,1,10,20,10,0.13780536489142226,0.01497717760503292,1,Task2,runs/task1_2/online/routeb_global_inducing_mt128_ms64/seed3/blocks.csv,,0.8345,0.9625,0.986,0.00883307121694088,1.266971230506897e-05,0.4533393085100539,313.49755859375,10753160,torch,cuda,float64,cuda
short,online,routeb_global_inducing_mt128_ms64,routeb_global_inducing_mt128_ms64,3,complete,runs/task1_2/online/routeb_global_inducing_mt128_ms64/seed3,runs/task1_2/online/routeb_global_inducing_mt128_ms64/seed3/result.json,runs/task1_2/online/routeb_global_inducing_mt128_ms64/seed3/predictions.npz,,True,0.09350467676738354,-0.8619891813088073,0.967,0.07008923161993974,5.049441676586866,0.012843860313296318,313.49755859375,372.0,,10.255012512207031,2,20,30,10,0.13788284029945974,0.015244584530591965,2,Task2,runs/task1_2/online/routeb_global_inducing_mt128_ms64/seed3/blocks.csv,,0.7525,0.9445,0.974,0.008315550163388252,6.631016731262207e-06,0.4535941799218739,313.49755859375,10753160,torch,cuda,float64,cuda
short,online,routeb_global_inducing_mt128_ms64,routeb_global_inducing_mt128_ms64,3,complete,runs/task1_2/online/routeb_global_inducing_mt128_ms64/seed3,runs/task1_2/online/routeb_global_inducing_mt128_ms64/seed3/result.json,runs/task1_2/online/routeb_global_inducing_mt128_ms64/seed3/predictions.npz,,True,0.09878456211899127,-0.867662019970779,0.9695,0.07008923161993974,5.049441676586866,0.013607339933514595,313.49755859375,372.0,,10.255012512207031,3,30,40,10,0.1379792630244266,0.014803366735577583,3,Task2,runs/task1_2/online/routeb_global_inducing_mt128_ms64/seed3/blocks.csv,,0.7495,0.9335,0.9785,0.0038375835865736008,6.1783939599990845e-06,0.4539113824596385,313.49755859375,10753160,torch,cuda,float64,cuda
short,online,routeb_global_inducing_mt128_ms64,routeb_global_inducing_mt128_ms64,3,complete,runs/task1_2/online/routeb_global_inducing_mt128_ms64/seed3,runs/task1_2/online/routeb_global_inducing_mt128_ms64/seed3/result.json,runs/task1_2/online/routeb_global_inducing_mt128_ms64/seed3/predictions.npz,,True,0.08413906515283989,-0.9363704062716199,0.9815,0.07008923161993974,5.049441676586866,0.0131906159222126,313.49755859375,372.0,,10.255012512207031,4,40,50,10,0.13806023384310287,0.015221701934933662,4,Task2,runs/task1_2/online/routeb_global_inducing_mt128_ms64/seed3/blocks.csv,,0.788,0.951,0.991,0.0038908664137125015,8.09505581855774e-06,0.45417775274919225,313.49755859375,10753160,torch,cuda,float64,cuda
short,online,routeb_global_inducing_mt128_ms64,routeb_global_inducing_mt128_ms64,3,complete,runs/task1_2/online/routeb_global_inducing_mt128_ms64/seed3,runs/task1_2/online/routeb_global_inducing_mt128_ms64/seed3/result.json,runs/task1_2/online/routeb_global_inducing_mt128_ms64/seed3/predictions.npz,,True,0.06982729804763775,-0.9697207447927825,0.993,0.07008923161993974,5.049441676586866,0.013278288766741753,313.49755859375,372.0,,10.255012512207031,5,50,60,10,0.1380439674982636,0.01562598906457424,5,Task2,runs/task1_2/online/routeb_global_inducing_mt128_ms64/seed3/blocks.csv,,0.8045,0.972,0.9975,0.0038793329149484634,5.966052412986755e-06,0.45412424123658,313.49755859375,10753160,torch,cuda,float64,cuda
short,online,routeb_global_inducing_mt128_ms64,routeb_global_inducing_mt128_ms64,3,complete,runs/task1_2/online/routeb_global_inducing_mt128_ms64/seed3,runs/task1_2/online/routeb_global_inducing_mt128_ms64/seed3/result.json,runs/task1_2/online/routeb_global_inducing_mt128_ms64/seed3/predictions.npz,,True,0.0723913824509479,-0.9699820552545172,0.9955,0.07008923161993974,5.049441676586866,0.012881424278020859,313.49755859375,372.0,,10.255012512207031,6,60,70,10,0.13795386709873458,0.015143105760216713,6,Task2,runs/task1_2/online/routeb_global_inducing_mt128_ms64/seed3/blocks.csv,,0.7985,0.9745,1.0,0.00382227823138237,6.143003702163696e-06,0.4538278372986699,313.49755859375,10753160,torch,cuda,float64,cuda
short,online,routeb_global_inducing_mt128_ms64,routeb_global_inducing_mt128_ms64,3,complete,runs/task1_2/online/routeb_global_inducing_mt128_ms64/seed3,runs/task1_2/online/routeb_global_inducing_mt128_ms64/seed3/result.json,runs/task1_2/online/routeb_global_inducing_mt128_ms64/seed3/predictions.npz,,True,0.07788523258602338,-0.9768881260991955,0.991,0.07008923161993974,5.049441676586866,0.01197969913482666,313.49755859375,372.0,,10.255012512207031,7,70,80,10,0.13783715641869287,0.013862686231732368,7,Task2,runs/task1_2/online/routeb_global_inducing_mt128_ms64/seed3/blocks.csv,,0.814,0.974,0.998,0.002907712012529373,7.981434464454651e-06,0.45344389332792867,313.49755859375,10753160,torch,cuda,float64,cuda
short,online,routeb_global_inducing_mt128_ms64,routeb_global_inducing_mt128_ms64,3,complete,runs/task1_2/online/routeb_global_inducing_mt128_ms64/seed3,runs/task1_2/online/routeb_global_inducing_mt128_ms64/seed3/result.json,runs/task1_2/online/routeb_global_inducing_mt128_ms64/seed3/predictions.npz,,True,0.0750026376115085,-0.9816329651506394,0.9925,0.07008923161993974,5.049441676586866,0.011983009055256844,313.49755859375,372.0,,10.255012512207031,8,80,90,10,0.13773911989698912,0.013658000156283379,8,Task2,runs/task1_2/online/routeb_global_inducing_mt128_ms64/seed3/blocks.csv,,0.821,0.978,0.998,0.002899572253227234,4.5709311962127686e-06,0.45312138187133244,313.49755859375,10753160,torch,cuda,float64,cuda
short,online,routeb_global_inducing_mt128_ms64,routeb_global_inducing_mt128_ms64,3,complete,runs/task1_2/online/routeb_global_inducing_mt128_ms64/seed3,runs/task1_2/online/routeb_global_inducing_mt128_ms64/seed3/result.json,runs/task1_2/online/routeb_global_inducing_mt128_ms64/seed3/predictions.npz,,True,0.08281641143295607,-0.9415557413024931,0.987,0.07008923161993974,5.049441676586866,0.012079225853085518,313.49755859375,372.0,,10.255012512207031,9,90,100,10,0.13780648350716257,0.014004196971654892,9,Task2,runs/task1_2/online/routeb_global_inducing_mt128_ms64/seed3/blocks.csv,,0.77,0.9645,0.995,0.003820545971393585,4.8074871301651e-06,0.4533429884283692,313.49755859375,10753160,torch,cuda,float64,cuda
short,online,routeb_global_inducing_mt128_ms64,routeb_global_inducing_mt128_ms64,3,complete,runs/task1_2/online/routeb_global_inducing_mt128_ms64/seed3,runs/task1_2/online/routeb_global_inducing_mt128_ms64/seed3/result.json,runs/task1_2/online/routeb_global_inducing_mt128_ms64/seed3/predictions.npz,,True,0.07226556829086482,-0.9746537603833619,0.987,0.07008923161993974,5.049441676586866,0.01241881400346756,313.49755859375,372.0,,10.255012512207031,10,100,110,10,0.13792129368362846,0.01817701756954193,10,Task2,runs/task1_2/online/routeb_global_inducing_mt128_ms64/seed3/blocks.csv,,0.83,0.964,0.9945,0.0033176932483911514,4.2710453271865845e-06,0.45372068029871093,313.49755859375,10753160,torch,cuda,float64,cuda
short,online,routeb_global_inducing_mt128_ms64,routeb_global_inducing_mt128_ms64,3,complete,runs/task1_2/online/routeb_global_inducing_mt128_ms64/seed3,runs/task1_2/online/routeb_global_inducing_mt128_ms64/seed3/result.json,runs/task1_2/online/routeb_global_inducing_mt128_ms64/seed3/predictions.npz,,True,0.0870822481638756,-0.9144327644640649,0.9795,0.07008923161993974,5.049441676586866,0.012137109413743019,313.49755859375,372.0,,10.255012512207031,11,110,120,10,0.13802101092879626,0.013883417472243309,11,Task2,runs/task1_2/online/routeb_global_inducing_mt128_ms64/seed3/blocks.csv,,0.76,0.947,0.9895,0.0036886725574731827,1.57821923494339e-05,0.4540487208434786,313.49755859375,10753160,torch,cuda,float64,cuda
short,online,routeb_global_inducing_mt128_ms64,routeb_global_inducing_mt128_ms64,3,complete,runs/task1_2/online/routeb_global_inducing_mt128_ms64/seed3,runs/task1_2/online/routeb_global_inducing_mt128_ms64/seed3/result.json,runs/task1_2/online/routeb_global_inducing_mt128_ms64/seed3/predictions.npz,,True,0.12268223750548106,-0.7343399808649846,0.9345,0.07008923161993974,5.049441676586866,0.012127164751291275,313.49755859375,372.0,,10.255012512207031,12,120,130,10,0.13806738204139607,0.013837428763508797,12,Task2,runs/task1_2/online/routeb_global_inducing_mt128_ms64/seed3/blocks.csv,,0.6335,0.8655,0.959,0.0032528862357139587,4.412606358528137e-06,0.4542012682289698,313.49755859375,10753160,torch,cuda,float64,cuda
short,online,routeb_global_inducing_mt128_ms64,routeb_global_inducing_mt128_ms64,3,complete,runs/task1_2/online/routeb_global_inducing_mt128_ms64/seed3,runs/task1_2/online/routeb_global_inducing_mt128_ms64/seed3/result.json,runs/task1_2/online/routeb_global_inducing_mt128_ms64/seed3/predictions.npz,,True,0.11428829503240945,-0.7493004153058226,0.93,0.07008923161993974,5.049441676586866,0.012067800387740135,313.49755859375,372.0,,10.255012512207031,13,130,140,10,0.13798655823263783,0.013785779476165771,13,Task2,runs/task1_2/online/routeb_global_inducing_mt128_ms64/seed3/blocks.csv,,0.6375,0.8665,0.963,0.003201223909854889,4.675239324569702e-06,0.45393538155900964,313.49755859375,10753160,torch,cuda,float64,cuda
short,online,routeb_global_inducing_mt128_ms64,routeb_global_inducing_mt128_ms64,3,complete,runs/task1_2/online/routeb_global_inducing_mt128_ms64/seed3,runs/task1_2/online/routeb_global_inducing_mt128_ms64/seed3/result.json,runs/task1_2/online/routeb_global_inducing_mt128_ms64/seed3/predictions.npz,,True,0.08384456413117537,-0.9278477167914102,0.99,0.07008923161993974,5.049441676586866,0.01211051270365715,313.49755859375,372.0,,10.255012512207031,14,140,150,10,0.13788940832529012,0.013814149424433708,14,Task2,runs/task1_2/online/routeb_global_inducing_mt128_ms64/seed3/blocks.csv,,0.73,0.961,0.9975,0.0031339898705482483,4.429370164871216e-06,0.45361578680409187,313.49755859375,10753160,torch,cuda,float64,cuda
short,online,routeb_global_inducing_mt128_ms64,routeb_global_inducing_mt128_ms64,3,complete,runs/task1_2/online/routeb_global_inducing_mt128_ms64/seed3,runs/task1_2/online/routeb_global_inducing_mt128_ms64/seed3/result.json,runs/task1_2/online/routeb_global_inducing_mt128_ms64/seed3/predictions.npz,,True,0.09683700476988065,-0.8618452617994539,0.965,0.07008923161993974,5.049441676586866,0.012081200256943703,313.49755859375,372.0,,10.255012512207031,15,150,160,10,0.13775773597067253,0.01374521292746067,15,Task2,runs/task1_2/online/routeb_global_inducing_mt128_ms64/seed3/blocks.csv,,0.6965,0.9225,0.9795,0.0026282966136932373,4.390254616737366e-06,0.45318262330396797,313.49755859375,10753160,torch,cuda,float64,cuda
short,online,routeb_global_inducing_mt128_ms64,routeb_global_inducing_mt128_ms64,3,complete,runs/task1_2/online/routeb_global_inducing_mt128_ms64/seed3,runs/task1_2/online/routeb_global_inducing_mt128_ms64/seed3/result.json,runs/task1_2/online/routeb_global_inducing_mt128_ms64/seed3/predictions.npz,,True,0.09075408208809053,-0.8735504257161689,0.9715,0.07008923161993974,5.049441676586866,0.012098105624318123,313.49755859375,372.0,,10.255012512207031,16,160,170,10,0.13775702852269103,0.013835633173584938,16,Task2,runs/task1_2/online/routeb_global_inducing_mt128_ms64/seed3/blocks.csv,,0.7045,0.9285,0.9845,0.004535989835858345,4.392117261886597e-06,0.45318029600721144,313.49755859375,10753160,torch,cuda,float64,cuda
short,online,routeb_global_inducing_mt128_ms64,routeb_global_inducing_mt128_ms64,3,complete,runs/task1_2/online/routeb_global_inducing_mt128_ms64/seed3,runs/task1_2/online/routeb_global_inducing_mt128_ms64/seed3/result.json,runs/task1_2/online/routeb_global_inducing_mt128_ms64/seed3/predictions.npz,,True,0.0745451235842632,-0.9574013198701768,0.9805,0.07008923161993974,5.049441676586866,0.01212063618004322,313.49755859375,372.0,,10.255012512207031,17,170,180,10,0.13787861304932708,0.013835791498422623,17,Task2,runs/task1_2/online/routeb_global_inducing_mt128_ms64/seed3/blocks.csv,,0.816,0.9615,0.9905,0.0026359129697084427,3.8016587495803833e-06,0.45358027350644853,313.49755859375,10753160,torch,cuda,float64,cuda
short,online,routeb_global_inducing_mt128_ms64,routeb_global_inducing_mt128_ms64,3,complete,runs/task1_2/online/routeb_global_inducing_mt128_ms64/seed3,runs/task1_2/online/routeb_global_inducing_mt128_ms64/seed3/result.json,runs/task1_2/online/routeb_global_inducing_mt128_ms64/seed3/predictions.npz,,True,0.07008923161993974,-0.9802996428473396,0.9925,0.07008923161993974,5.049441676586866,0.010191548615694046,313.49755859375,372.0,,10.255012512207031,18,180,186,6,0.13802184494858324,0.013223923742771149,18,Task2,runs/task1_2/online/routeb_global_inducing_mt128_ms64/seed3/blocks.csv,,0.8175,0.9725,0.9983333333333333,0.0017445683479309082,4.6603381633758545e-06,0.45405146452442163,313.49755859375,10753160,torch,cuda,float64,cuda
short,online,routeb_global_inducing_mt128_ms64,routeb_global_inducing_mt128_ms64,4,complete,runs/task1_2/online/routeb_global_inducing_mt128_ms64/seed4,runs/task1_2/online/routeb_global_inducing_mt128_ms64/seed4/result.json,runs/task1_2/online/routeb_global_inducing_mt128_ms64/seed4/predictions.npz,,True,0.07809121727426112,-0.9664672074164603,0.98,0.07268559117296869,5.063170680776238,0.09234225377440453,313.49755859375,372.0,,10.255012512207031,0,0,10,10,0.13698160446343147,0.04559570923447609,0,Task2,runs/task1_2/online/routeb_global_inducing_mt128_ms64/seed4/blocks.csv,,0.8045,0.9535,0.9915,0.004276184365153313,2.700309194624424,0.4506293778546144,313.49755859375,10753160,torch,cuda,float64,cuda
short,online,routeb_global_inducing_mt128_ms64,routeb_global_inducing_mt128_ms64,4,complete,runs/task1_2/online/routeb_global_inducing_mt128_ms64/seed4,runs/task1_2/online/routeb_global_inducing_mt128_ms64/seed4/result.json,runs/task1_2/online/routeb_global_inducing_mt128_ms64/seed4/predictions.npz,,True,0.0994402767214852,-0.911088883678568,0.966,0.07268559117296869,5.063170680776238,0.01276911236345768,313.49755859375,372.0,,10.255012512207031,1,10,20,10,0.13680239235017996,0.014738060534000397,1,Task2,runs/task1_2/online/routeb_global_inducing_mt128_ms64/seed4/blocks.csv,,0.74,0.932,0.983,0.009004209190607071,1.4333054423332214e-05,0.45003982246566365,313.49755859375,10753160,torch,cuda,float64,cuda
short,online,routeb_global_inducing_mt128_ms64,routeb_global_inducing_mt128_ms64,4,complete,runs/task1_2/online/routeb_global_inducing_mt128_ms64/seed4,runs/task1_2/online/routeb_global_inducing_mt128_ms64/seed4/result.json,runs/task1_2/online/routeb_global_inducing_mt128_ms64/seed4/predictions.npz,,True,0.13405203418207826,-0.7811469260604308,0.941,0.07268559117296869,5.063170680776238,0.01384693756699562,313.49755859375,372.0,,10.255012512207031,2,20,30,10,0.1369335214534468,0.01514698751270771,2,Task2,runs/task1_2/online/routeb_global_inducing_mt128_ms64/seed4/blocks.csv,,0.6665,0.893,0.9665,0.007093992084264755,7.081776857376099e-06,0.45047119882787845,313.49755859375,10753160,torch,cuda,float64,cuda
short,online,routeb_global_inducing_mt128_ms64,routeb_global_inducing_mt128_ms64,4,complete,runs/task1_2/online/routeb_global_inducing_mt128_ms64/seed4,runs/task1_2/online/routeb_global_inducing_mt128_ms64/seed4/result.json,runs/task1_2/online/routeb_global_inducing_mt128_ms64/seed4/predictions.npz,,True,0.13066236635839798,-0.732031100257163,0.9285,0.07268559117296869,5.063170680776238,0.012776242569088936,313.49755859375,372.0,,10.255012512207031,3,30,40,10,0.1370635455384932,0.014516348019242287,3,Task2,runs/task1_2/online/routeb_global_inducing_mt128_ms64/seed4/blocks.csv,,0.706,0.8855,0.952,0.0032800156623125076,6.685033440589905e-06,0.4508989400036376,313.49755859375,10753160,torch,cuda,float64,cuda
short,online,routeb_global_inducing_mt128_ms64,routeb_global_inducing_mt128_ms64,4,complete,runs/task1_2/online/routeb_global_inducing_mt128_ms64/seed4,runs/task1_2/online/routeb_global_inducing_mt128_ms64/seed4/result.json,runs/task1_2/online/routeb_global_inducing_mt128_ms64/seed4/predictions.npz,,True,0.09685242745356454,-0.9003014457559951,0.97,0.07268559117296869,5.063170680776238,0.012788213789463043,313.49755859375,372.0,,10.255012512207031,4,40,50,10,0.1371704236319964,0.014591312035918236,4,Task2,runs/task1_2/online/routeb_global_inducing_mt128_ms64/seed4/blocks.csv,,0.708,0.9315,0.9855,0.0029752496629953384,5.720183253288269e-06,0.4512505376431184,313.49755859375,10753160,torch,cuda,float64,cuda
short,online,routeb_global_inducing_mt128_ms64,routeb_global_inducing_mt128_ms64,4,complete,runs/task1_2/online/routeb_global_inducing_mt128_ms64/seed4,runs/task1_2/online/routeb_global_inducing_mt128_ms64/seed4/result.json,runs/task1_2/online/routeb_global_inducing_mt128_ms64/seed4/predictions.npz,,True,0.06693095970992873,-1.0047148246912203,0.995,0.07268559117296869,5.063170680776238,0.012759063392877579,313.49755859375,372.0,,10.255012512207031,5,50,60,10,0.13714688691052315,0.01458364725112915,5,Task2,runs/task1_2/online/routeb_global_inducing_mt128_ms64/seed4/blocks.csv,,0.815,0.982,0.999,0.0025976598262786865,5.9176236391067505e-06,0.45117310871975475,313.49755859375,10753160,torch,cuda,float64,cuda
short,online,routeb_global_inducing_mt128_ms64,routeb_global_inducing_mt128_ms64,4,complete,runs/task1_2/online/routeb_global_inducing_mt128_ms64/seed4,runs/task1_2/online/routeb_global_inducing_mt128_ms64/seed4/result.json,runs/task1_2/online/routeb_global_inducing_mt128_ms64/seed4/predictions.npz,,True,0.07840962181744626,-0.9617185260877519,0.9845,0.07268559117296869,5.063170680776238,0.012515569105744362,313.49755859375,372.0,,10.255012512207031,6,60,70,10,0.13702775534767725,0.014579856768250465,6,Task2,runs/task1_2/online/routeb_global_inducing_mt128_ms64/seed4/blocks.csv,,0.77,0.9565,0.9955,0.0027823857963085175,6.204470992088318e-06,0.45078120075329187,313.49755859375,10753160,torch,cuda,float64,cuda
short,online,routeb_global_inducing_mt128_ms64,routeb_global_inducing_mt128_ms64,4,complete,runs/task1_2/online/routeb_global_inducing_mt128_ms64/seed4,runs/task1_2/online/routeb_global_inducing_mt128_ms64/seed4/result.json,runs/task1_2/online/routeb_global_inducing_mt128_ms64/seed4/predictions.npz,,True,0.0884098290619991,-0.9498368722624362,0.983,0.07268559117296869,5.063170680776238,0.011861830949783325,313.49755859375,372.0,,10.255012512207031,7,70,80,10,0.1368704151342277,0.01357424445450306,7,Task2,runs/task1_2/online/routeb_global_inducing_mt128_ms64/seed4/blocks.csv,,0.758,0.955,0.993,0.0030316468328237534,8.32974910736084e-06,0.45026359751177614,313.49755859375,10753160,torch,cuda,float64,cuda
short,online,routeb_global_inducing_mt128_ms64,routeb_global_inducing_mt128_ms64,4,complete,runs/task1_2/online/routeb_global_inducing_mt128_ms64/seed4,runs/task1_2/online/routeb_global_inducing_mt128_ms64/seed4/result.json,runs/task1_2/online/routeb_global_inducing_mt128_ms64/seed4/predictions.npz,,True,0.09913136044627777,-0.9199535928342474,0.9735,0.07268559117296869,5.063170680776238,0.011870793998241425,313.49755859375,372.0,,10.255012512207031,8,80,90,10,0.13673725475223142,0.013626854866743088,8,Task2,runs/task1_2/online/routeb_global_inducing_mt128_ms64/seed4/blocks.csv,,0.73,0.9335,0.986,0.009432163089513779,5.692243576049805e-06,0.4498255388371906,313.49755859375,10753160,torch,cuda,float64,cuda
short,online,routeb_global_inducing_mt128_ms64,routeb_global_inducing_mt128_ms64,4,complete,runs/task1_2/online/routeb_global_inducing_mt128_ms64/seed4,runs/task1_2/online/routeb_global_inducing_mt128_ms64/seed4/result.json,runs/task1_2/online/routeb_global_inducing_mt128_ms64/seed4/predictions.npz,,True,0.10602789928881019,-0.8455184100180236,0.955,0.07268559117296869,5.063170680776238,0.011964110657572746,313.49755859375,372.0,,10.255012512207031,9,90,100,10,0.13683328883691764,0.013739082962274551,9,Task2,runs/task1_2/online/routeb_global_inducing_mt128_ms64/seed4/blocks.csv,,0.7055,0.9185,0.9725,0.0034884344786405563,5.347654223442078e-06,0.45014146286220474,313.49755859375,10753160,torch,cuda,float64,cuda
short,online,routeb_global_inducing_mt128_ms64,routeb_global_inducing_mt128_ms64,4,complete,runs/task1_2/online/routeb_global_inducing_mt128_ms64/seed4,runs/task1_2/online/routeb_global_inducing_mt128_ms64/seed4/result.json,runs/task1_2/online/routeb_global_inducing_mt128_ms64/seed4/predictions.npz,,True,0.07990731489372513,-0.9358157543752582,0.977,0.07268559117296869,5.063170680776238,0.011931603774428368,313.49755859375,372.0,,10.255012512207031,10,100,110,10,0.13698983784713106,0.013645220547914505,10,Task2,runs/task1_2/online/routeb_global_inducing_mt128_ms64/seed4/blocks.csv,,0.794,0.9525,0.9835,0.0031195711344480515,4.59328293800354e-06,0.4506564632766953,313.49755859375,10753160,torch,cuda,float64,cuda
short,online,routeb_global_inducing_mt128_ms64,routeb_global_inducing_mt128_ms64,4,complete,runs/task1_2/online/routeb_global_inducing_mt128_ms64/seed4,runs/task1_2/online/routeb_global_inducing_mt128_ms64/seed4/result.json,runs/task1_2/online/routeb_global_inducing_mt128_ms64/seed4/predictions.npz,,True,0.09912874283134002,-0.852411150569168,0.956,0.07268559117296869,5.063170680776238,0.011959807947278023,313.49755859375,372.0,,10.255012512207031,11,110,120,10,0.13711924153240582,0.013758329674601555,11,Task2,runs/task1_2/online/routeb_global_inducing_mt128_ms64/seed4/blocks.csv,,0.6715,0.918,0.9785,0.0033038239926099777,5.127862095832825e-06,0.45108216351882535,313.49755859375,10753160,torch,cuda,float64,cuda
short,online,routeb_global_inducing_mt128_ms64,routeb_global_inducing_mt128_ms64,4,complete,runs/task1_2/online/routeb_global_inducing_mt128_ms64/seed4,runs/task1_2/online/routeb_global_inducing_mt128_ms64/seed4/result.json,runs/task1_2/online/routeb_global_inducing_mt128_ms64/seed4/predictions.npz,,True,0.1333170220712787,-0.698826748418316,0.916,0.07268559117296869,5.063170680776238,0.011933300644159317,313.49755859375,372.0,,10.255012512207031,12,120,130,10,0.1371790999845433,0.013655640184879303,12,Task2,runs/task1_2/online/routeb_global_inducing_mt128_ms64/seed4/blocks.csv,,0.6025,0.8505,0.949,0.0028983652591705322,4.302710294723511e-06,0.4512790803030293,313.49755859375,10753160,torch,cuda,float64,cuda
short,online,routeb_global_inducing_mt128_ms64,routeb_global_inducing_mt128_ms64,4,complete,runs/task1_2/online/routeb_global_inducing_mt128_ms64/seed4,runs/task1_2/online/routeb_global_inducing_mt128_ms64/seed4/result.json,runs/task1_2/online/routeb_global_inducing_mt128_ms64/seed4/predictions.npz,,True,0.12094762431954553,-0.7474080007323266,0.928,0.07268559117296869,5.063170680776238,0.01196357049047947,313.49755859375,372.0,,10.255012512207031,13,130,140,10,0.1370697219990299,0.013672152534127235,13,Task2,runs/task1_2/online/routeb_global_inducing_mt128_ms64/seed4/blocks.csv,,0.607,0.8555,0.965,0.002920646220445633,4.5765191316604614e-06,0.45091925875066863,313.49755859375,10753160,torch,cuda,float64,cuda
short,online,routeb_global_inducing_mt128_ms64,routeb_global_inducing_mt128_ms64,4,complete,runs/task1_2/online/routeb_global_inducing_mt128_ms64/seed4,runs/task1_2/online/routeb_global_inducing_mt128_ms64/seed4/result.json,runs/task1_2/online/routeb_global_inducing_mt128_ms64/seed4/predictions.npz,,True,0.10305830528628634,-0.8636765987217964,0.963,0.07268559117296869,5.063170680776238,0.011973835527896881,313.49755859375,372.0,,10.255012512207031,14,140,150,10,0.13694056971393603,0.01365908794105053,14,Task2,runs/task1_2/online/routeb_global_inducing_mt128_ms64/seed4/blocks.csv,,0.688,0.921,0.9795,0.007292663678526878,4.69014048576355e-06,0.4504943855415372,313.49755859375,10753160,torch,cuda,float64,cuda
short,online,routeb_global_inducing_mt128_ms64,routeb_global_inducing_mt128_ms64,4,complete,runs/task1_2/online/routeb_global_inducing_mt128_ms64/seed4,runs/task1_2/online/routeb_global_inducing_mt128_ms64/seed4/result.json,runs/task1_2/online/routeb_global_inducing_mt128_ms64/seed4/predictions.npz,,True,0.1060434326935195,-0.8326133520270093,0.956,0.07268559117296869,5.063170680776238,0.0119874756783247,313.49755859375,372.0,,10.255012512207031,15,150,160,10,0.13676238949371097,0.01370185799896717,15,Task2,runs/task1_2/online/routeb_global_inducing_mt128_ms64/seed4/blocks.csv,,0.6295,0.896,0.9805,0.0028798840939998627,4.462897777557373e-06,0.4499082247785608,313.49755859375,10753160,torch,cuda,float64,cuda
short,online,routeb_global_inducing_mt128_ms64,routeb_global_inducing_mt128_ms64,4,complete,runs/task1_2/online/routeb_global_inducing_mt128_ms64/seed4,runs/task1_2/online/routeb_global_inducing_mt128_ms64/seed4/result.json,runs/task1_2/online/routeb_global_inducing_mt128_ms64/seed4/predictions.npz,,True,0.10073709342145044,-0.8360407833253921,0.9525,0.07268559117296869,5.063170680776238,0.011960024014115334,313.49755859375,372.0,,10.255012512207031,16,160,170,10,0.136764944353965,0.013642890378832817,16,Task2,runs/task1_2/online/routeb_global_inducing_mt128_ms64/seed4/blocks.csv,,0.657,0.9015,0.971,0.0025554951280355453,4.447996616363525e-06,0.4499166295208712,313.49755859375,10753160,torch,cuda,float64,cuda
short,online,routeb_global_inducing_mt128_ms64,routeb_global_inducing_mt128_ms64,4,complete,runs/task1_2/online/routeb_global_inducing_mt128_ms64/seed4,runs/task1_2/online/routeb_global_inducing_mt128_ms64/seed4/result.json,runs/task1_2/online/routeb_global_inducing_mt128_ms64/seed4/predictions.npz,,True,0.07907361199540057,-0.947469245673725,0.9845,0.07268559117296869,5.063170680776238,0.012003883719444275,313.49755859375,372.0,,10.255012512207031,17,170,180,10,0.13693425309448742,0.013700418174266815,17,Task2,runs/task1_2/online/routeb_global_inducing_mt128_ms64/seed4/blocks.csv,,0.7855,0.9635,0.989,0.0028122924268245697,4.24310564994812e-06,0.4504736057127169,313.49755859375,10753160,torch,cuda,float64,cuda
short,online,routeb_global_inducing_mt128_ms64,routeb_global_inducing_mt128_ms64,4,complete,runs/task1_2/online/routeb_global_inducing_mt128_ms64/seed4,runs/task1_2/online/routeb_global_inducing_mt128_ms64/seed4/result.json,runs/task1_2/online/routeb_global_inducing_mt128_ms64/seed4/predictions.npz,,True,0.07268559117296869,-0.9801173362177212,0.9883333333333333,0.07268559117296869,5.063170680776238,0.01009676419198513,313.49755859375,372.0,,10.255012512207031,18,180,186,6,0.13711778057714502,0.013117389753460884,18,Task2,runs/task1_2/online/routeb_global_inducing_mt128_ms64/seed4/blocks.csv,,0.795,0.9666666666666667,0.9966666666666667,0.0017184857279062271,4.589557647705078e-06,0.4510773574037063,313.49755859375,10753160,torch,cuda,float64,cuda
short,online,routeb_global_inducing_mt64_ms64,routeb_global_inducing_mt64_ms64,0,complete,runs/task1_2/online/routeb_global_inducing_mt64_ms64/seed0,runs/task1_2/online/routeb_global_inducing_mt64_ms64/seed0/result.json,runs/task1_2/online/routeb_global_inducing_mt64_ms64/seed0/predictions.npz,,True,0.07689344417745128,-0.860876857815146,0.986,0.08509514043659121,4.912722794339061,0.08648504130542278,164.10693359375,202.0,,5.664192199707031,0,0,10,10,0.15295717657722757,0.03635747358202934,0,Task2,runs/task1_2/online/routeb_global_inducing_mt64_ms64/seed0/blocks.csv,,0.8605,0.972,0.9925,0.004145344719290733,2.6606369726359844,0.5031843333226191,164.10693359375,5939336,torch,cuda,float64,cuda
short,online,routeb_global_inducing_mt64_ms64,routeb_global_inducing_mt64_ms64,0,complete,runs/task1_2/online/routeb_global_inducing_mt64_ms64/seed0,runs/task1_2/online/routeb_global_inducing_mt64_ms64/seed0/result.json,runs/task1_2/online/routeb_global_inducing_mt64_ms64/seed0/predictions.npz,,True,0.08512818648805813,-0.7963362695801165,0.982,0.08509514043659121,4.912722794339061,0.007283499464392662,164.10693359375,202.0,,5.664192199707031,1,10,20,10,0.15785242281742679,0.01042088121175766,1,Task2,runs/task1_2/online/routeb_global_inducing_mt64_ms64/seed0/blocks.csv,,0.815,0.963,0.99,0.00891111046075821,1.8171966075897217e-05,0.5192882603886436,164.10693359375,5939336,torch,cuda,float64,cuda
short,online,routeb_global_inducing_mt64_ms64,routeb_global_inducing_mt64_ms64,0,complete,runs/task1_2/online/routeb_global_inducing_mt64_ms64/seed0,runs/task1_2/online/routeb_global_inducing_mt64_ms64/seed0/result.json,runs/task1_2/online/routeb_global_inducing_mt64_ms64/seed0/predictions.npz,,True,0.09966650675056749,-0.7654967031145152,0.9735,0.08509514043659121,4.912722794339061,0.0072010960429906845,164.10693359375,202.0,,5.664192199707031,2,20,30,10,0.1541888371125907,0.010294642299413681,2,Task2,runs/task1_2/online/routeb_global_inducing_mt64_ms64/seed0/blocks.csv,,0.7555,0.9415,0.9845,0.0061556026339530945,6.141141057014465e-06,0.5072361359201493,164.10693359375,5939336,torch,cuda,float64,cuda
short,online,routeb_global_inducing_mt64_ms64,routeb_global_inducing_mt64_ms64,0,complete,runs/task1_2/online/routeb_global_inducing_mt64_ms64/seed0,runs/task1_2/online/routeb_global_inducing_mt64_ms64/seed0/result.json,runs/task1_2/online/routeb_global_inducing_mt64_ms64/seed0/predictions.npz,,True,0.08872657023998601,-0.8125540848836774,0.9855,0.08509514043659121,4.912722794339061,0.007145324721932411,164.10693359375,202.0,,5.664192199707031,3,30,40,10,0.15538008515821822,0.01044156588613987,3,Task2,runs/task1_2/online/routeb_global_inducing_mt64_ms64/seed0/blocks.csv,,0.8205,0.9565,0.993,0.005897291004657745,5.632638931274414e-06,0.5111549932570477,164.10693359375,5939336,torch,cuda,float64,cuda
short,online,routeb_global_inducing_mt64_ms64,routeb_global_inducing_mt64_ms64,0,complete,runs/task1_2/online/routeb_global_inducing_mt64_ms64/seed0,runs/task1_2/online/routeb_global_inducing_mt64_ms64/seed0/result.json,runs/task1_2/online/routeb_global_inducing_mt64_ms64/seed0/predictions.npz,,True,0.09048414306344146,-0.7975964376033189,0.9825,0.08509514043659121,4.912722794339061,0.007177803665399551,164.10693359375,202.0,,5.664192199707031,4,40,50,10,0.1564354097454294,0.010278204455971718,4,Task2,runs/task1_2/online/routeb_global_inducing_mt64_ms64/seed0/blocks.csv,,0.7755,0.962,0.994,0.003014151006937027,5.647540092468262e-06,0.5146267022068184,164.10693359375,5939336,torch,cuda,float64,cuda
short,online,routeb_global_inducing_mt64_ms64,routeb_global_inducing_mt64_ms64,0,complete,runs/task1_2/online/routeb_global_inducing_mt64_ms64/seed0,runs/task1_2/online/routeb_global_inducing_mt64_ms64/seed0/result.json,runs/task1_2/online/routeb_global_inducing_mt64_ms64/seed0/predictions.npz,,True,0.07479812010438569,-0.885831337491169,0.9955,0.08509514043659121,4.912722794339061,0.007202493026852608,164.10693359375,202.0,,5.664192199707031,5,50,60,10,0.15240241523028436,0.010269006714224815,5,Task2,runs/task1_2/online/routeb_global_inducing_mt64_ms64/seed0/blocks.csv,,0.8525,0.9835,0.9985,0.002877643331885338,6.0051679611206055e-06,0.5013593308953951,164.10693359375,5939336,torch,cuda,float64,cuda
short,online,routeb_global_inducing_mt64_ms64,routeb_global_inducing_mt64_ms64,0,complete,runs/task1_2/online/routeb_global_inducing_mt64_ms64/seed0,runs/task1_2/online/routeb_global_inducing_mt64_ms64/seed0/result.json,runs/task1_2/online/routeb_global_inducing_mt64_ms64/seed0/predictions.npz,,True,0.07918483116388404,-0.832739141095748,0.996,0.08509514043659121,4.912722794339061,0.007181946188211441,164.10693359375,202.0,,5.664192199707031,6,60,70,10,0.15806323448274684,0.010292965918779373,6,Task2,runs/task1_2/online/routeb_global_inducing_mt64_ms64/seed0/blocks.csv,,0.833,0.984,1.0,0.0025409888476133347,5.926936864852905e-06,0.5199817690532543,164.10693359375,5939336,torch,cuda,float64,cuda
short,online,routeb_global_inducing_mt64_ms64,routeb_global_inducing_mt64_ms64,0,complete,runs/task1_2/online/routeb_global_inducing_mt64_ms64/seed0,runs/task1_2/online/routeb_global_inducing_mt64_ms64/seed0/result.json,runs/task1_2/online/routeb_global_inducing_mt64_ms64/seed0/predictions.npz,,True,0.0782613221982176,-0.8472280143734914,0.9895,0.08509514043659121,4.912722794339061,0.00716974213719368,164.10693359375,202.0,,5.664192199707031,7,70,80,10,0.15367955719213666,0.010275617241859436,7,Task2,runs/task1_2/online/routeb_global_inducing_mt64_ms64/seed0/blocks.csv,,0.826,0.978,0.994,0.0026237405836582184,8.609145879745483e-06,0.5055607540715644,164.10693359375,5939336,torch,cuda,float64,cuda
short,online,routeb_global_inducing_mt64_ms64,routeb_global_inducing_mt64_ms64,0,complete,runs/task1_2/online/routeb_global_inducing_mt64_ms64/seed0,runs/task1_2/online/routeb_global_inducing_mt64_ms64/seed0/result.json,runs/task1_2/online/routeb_global_inducing_mt64_ms64/seed0/predictions.npz,,True,0.07945499822876337,-0.8355479347571911,0.989,0.08509514043659121,4.912722794339061,0.006779246032238007,164.10693359375,202.0,,5.664192199707031,8,80,90,10,0.1556234926072181,0.01021740771830082,8,Task2,runs/task1_2/online/routeb_global_inducing_mt64_ms64/seed0/blocks.csv,,0.824,0.9795,0.995,0.0025399141013622284,4.36045229434967e-06,0.5119557325076766,164.10693359375,5939336,torch,cuda,float64,cuda
short,online,routeb_global_inducing_mt64_ms64,routeb_global_inducing_mt64_ms64,0,complete,runs/task1_2/online/routeb_global_inducing_mt64_ms64/seed0,runs/task1_2/online/routeb_global_inducing_mt64_ms64/seed0/result.json,runs/task1_2/online/routeb_global_inducing_mt64_ms64/seed0/predictions.npz,,True,0.08731867870979611,-0.7916311584850856,0.9775,0.08509514043659121,4.912722794339061,0.006768535822629929,164.10693359375,202.0,,5.664192199707031,9,90,100,10,0.1560673478865949,0.009642444550991058,9,Task2,runs/task1_2/online/routeb_global_inducing_mt64_ms64/seed0/blocks.csv,,0.8135,0.959,0.987,0.002536224201321602,4.127621650695801e-06,0.5134158864399255,164.10693359375,5939336,torch,cuda,float64,cuda
short,online,routeb_global_inducing_mt64_ms64,routeb_global_inducing_mt64_ms64,0,complete,runs/task1_2/online/routeb_global_inducing_mt64_ms64/seed0,runs/task1_2/online/routeb_global_inducing_mt64_ms64/seed0/result.json,runs/task1_2/online/routeb_global_inducing_mt64_ms64/seed0/predictions.npz,,True,0.07420601005843862,-0.8790430342659594,0.9905,0.08509514043659121,4.912722794339061,0.0067628975957632065,164.10693359375,202.0,,5.664192199707031,10,100,110,10,0.1528545056187313,0.009630395099520683,10,Task2,runs/task1_2/online/routeb_global_inducing_mt64_ms64/seed0/blocks.csv,,0.871,0.979,0.995,0.0024880971759557724,4.317611455917358e-06,0.5028465759256887,164.10693359375,5939336,torch,cuda,float64,cuda
short,online,routeb_global_inducing_mt64_ms64,routeb_global_inducing_mt64_ms64,0,complete,runs/task1_2/online/routeb_global_inducing_mt64_ms64/seed0,runs/task1_2/online/routeb_global_inducing_mt64_ms64/seed0/result.json,runs/task1_2/online/routeb_global_inducing_mt64_ms64/seed0/predictions.npz,,True,0.09684214193756188,-0.7517503058665879,0.9785,0.08509514043659121,4.912722794339061,0.006783280521631241,164.10693359375,202.0,,5.664192199707031,11,110,120,10,0.15818019657580062,0.00965857319533825,11,Task2,runs/task1_2/online/routeb_global_inducing_mt64_ms64/seed0/blocks.csv,,0.7445,0.947,0.991,0.002507733181118965,4.656612873077393e-06,0.5203665400992049,164.10693359375,5939336,torch,cuda,float64,cuda
short,online,routeb_global_inducing_mt64_ms64,routeb_global_inducing_mt64_ms64,0,complete,runs/task1_2/online/routeb_global_inducing_mt64_ms64/seed0,runs/task1_2/online/routeb_global_inducing_mt64_ms64/seed0/result.json,runs/task1_2/online/routeb_global_inducing_mt64_ms64/seed0/predictions.npz,,True,0.11632788057186103,-0.6783238537704553,0.958,0.08509514043659121,4.912722794339061,0.006772153079509735,164.10693359375,202.0,,5.664192199707031,12,120,130,10,0.15316435270647769,0.00965251587331295,12,Task2,runs/task1_2/online/routeb_global_inducing_mt64_ms64/seed0/blocks.csv,,0.6335,0.904,0.9795,0.0024174246937036514,4.2282044887542725e-06,0.5038658821378487,164.10693359375,5939336,torch,cuda,float64,cuda
short,online,routeb_global_inducing_mt64_ms64,routeb_global_inducing_mt64_ms64,0,complete,runs/task1_2/online/routeb_global_inducing_mt64_ms64/seed0,runs/task1_2/online/routeb_global_inducing_mt64_ms64/seed0/result.json,runs/task1_2/online/routeb_global_inducing_mt64_ms64/seed0/predictions.npz,,True,0.1227953705017373,-0.6319127600865353,0.942,0.08509514043659121,4.912722794339061,0.006768254563212395,164.10693359375,202.0,,5.664192199707031,13,130,140,10,0.15588359209507507,0.009662047028541565,13,Task2,runs/task1_2/online/routeb_global_inducing_mt64_ms64/seed0/blocks.csv,,0.6545,0.8905,0.973,0.002502523362636566,3.943219780921936e-06,0.5128113836796161,164.10693359375,5939336,torch,cuda,float64,cuda
short,online,routeb_global_inducing_mt64_ms64,routeb_global_inducing_mt64_ms64,0,complete,runs/task1_2/online/routeb_global_inducing_mt64_ms64/seed0,runs/task1_2/online/routeb_global_inducing_mt64_ms64/seed0/result.json,runs/task1_2/online/routeb_global_inducing_mt64_ms64/seed0/predictions.npz,,True,0.09749214735082724,-0.7625043389746626,0.9755,0.08509514043659121,4.912722794339061,0.006789026781916618,164.10693359375,202.0,,5.664192199707031,14,140,150,10,0.15577297727552225,0.009682446718215942,14,Task2,runs/task1_2/online/routeb_global_inducing_mt64_ms64/seed0/blocks.csv,,0.753,0.9465,0.987,0.0025222115218639374,3.974884748458862e-06,0.512447493305344,164.10693359375,5939336,torch,cuda,float64,cuda
short,online,routeb_global_inducing_mt64_ms64,routeb_global_inducing_mt64_ms64,0,complete,runs/task1_2/online/routeb_global_inducing_mt64_ms64/seed0,runs/task1_2/online/routeb_global_inducing_mt64_ms64/seed0/result.json,runs/task1_2/online/routeb_global_inducing_mt64_ms64/seed0/predictions.npz,,True,0.10413835861913814,-0.7366771882775879,0.9705,0.08509514043659121,4.912722794339061,0.006788352504372597,164.10693359375,202.0,,5.664192199707031,15,150,160,10,0.15336870991918242,0.00966976024210453,15,Task2,runs/task1_2/online/routeb_global_inducing_mt64_ms64/seed0/blocks.csv,,0.676,0.935,0.989,0.003313222900032997,4.410743713378906e-06,0.5045381575428709,164.10693359375,5939336,torch,cuda,float64,cuda
short,online,routeb_global_inducing_mt64_ms64,routeb_global_inducing_mt64_ms64,0,complete,runs/task1_2/online/routeb_global_inducing_mt64_ms64/seed0,runs/task1_2/online/routeb_global_inducing_mt64_ms64/seed0/result.json,runs/task1_2/online/routeb_global_inducing_mt64_ms64/seed0/predictions.npz,,True,0.0990481792616577,-0.749001462822953,0.9775,0.08509514043659121,4.912722794339061,0.006795721128582954,164.10693359375,202.0,,5.664192199707031,16,160,170,10,0.15814781885581328,0.009680062532424927,16,Task2,runs/task1_2/online/routeb_global_inducing_mt64_ms64/seed0/blocks.csv,,0.742,0.946,0.9915,0.003010861575603485,4.537403583526611e-06,0.5202600268788977,164.10693359375,5939336,torch,cuda,float64,cuda
short,online,routeb_global_inducing_mt64_ms64,routeb_global_inducing_mt64_ms64,0,complete,runs/task1_2/online/routeb_global_inducing_mt64_ms64/seed0,runs/task1_2/online/routeb_global_inducing_mt64_ms64/seed0/result.json,runs/task1_2/online/routeb_global_inducing_mt64_ms64/seed0/predictions.npz,,True,0.08131945377333681,-0.8566238797510377,0.9915,0.08509514043659121,4.912722794339061,0.006778405979275703,164.10693359375,202.0,,5.664192199707031,17,170,180,10,0.1526620897945965,0.009648323059082031,17,Task2,runs/task1_2/online/routeb_global_inducing_mt64_ms64/seed0/blocks.csv,,0.812,0.9755,0.9965,0.002615276724100113,4.33996319770813e-06,0.5022135841932668,164.10693359375,5939336,torch,cuda,float64,cuda
short,online,routeb_global_inducing_mt64_ms64,routeb_global_inducing_mt64_ms64,0,complete,runs/task1_2/online/routeb_global_inducing_mt64_ms64/seed0,runs/task1_2/online/routeb_global_inducing_mt64_ms64/seed0/result.json,runs/task1_2/online/routeb_global_inducing_mt64_ms64/seed0/predictions.npz,,True,0.08509514043659121,-0.8081076134740636,0.9866666666666667,0.08509514043659121,4.912722794339061,0.0060278791934251785,164.10693359375,202.0,,5.664192199707031,18,180,186,6,0.1557564513628822,0.009090349078178406,18,Task2,runs/task1_2/online/routeb_global_inducing_mt64_ms64/seed0/blocks.csv,,0.7983333333333333,0.9541666666666667,0.9958333333333333,0.0031111333519220352,5.023553967475891e-06,0.5123931278906547,164.10693359375,5939336,torch,cuda,float64,cuda
short,online,routeb_global_inducing_mt64_ms64,routeb_global_inducing_mt64_ms64,1,complete,runs/task1_2/online/routeb_global_inducing_mt64_ms64/seed1,runs/task1_2/online/routeb_global_inducing_mt64_ms64/seed1/result.json,runs/task1_2/online/routeb_global_inducing_mt64_ms64/seed1/predictions.npz,,True,0.08192202633089028,-0.8637668538695725,0.989,0.090589849395795,4.798639688640833,0.08805486001074314,164.10693359375,202.0,,5.664192199707031,0,0,10,10,0.1547133051071729,0.0363459512591362,0,Task2,runs/task1_2/online/routeb_global_inducing_mt64_ms64/seed1/blocks.csv,,0.861,0.9715,0.995,0.0043902043253183365,2.6479175072163343,0.5089614820863662,164.10693359375,5939336,torch,cuda,float64,cuda
short,online,routeb_global_inducing_mt64_ms64,routeb_global_inducing_mt64_ms64,1,complete,runs/task1_2/online/routeb_global_inducing_mt64_ms64/seed1,runs/task1_2/online/routeb_global_inducing_mt64_ms64/seed1/result.json,runs/task1_2/online/routeb_global_inducing_mt64_ms64/seed1/predictions.npz,,True,0.09540264981714618,-0.8050236738098311,0.986,0.090589849395795,4.798639688640833,0.0072538480162620544,164.10693359375,202.0,,5.664192199707031,1,10,20,10,0.1603666439697105,0.010400844737887383,1,Task2,runs/task1_2/online/routeb_global_inducing_mt64_ms64/seed1/blocks.csv,,0.835,0.96,0.995,0.008679855614900589,5.999580025672913e-06,0.5275593119512275,164.10693359375,5939336,torch,cuda,float64,cuda
short,online,routeb_global_inducing_mt64_ms64,routeb_global_inducing_mt64_ms64,1,complete,runs/task1_2/online/routeb_global_inducing_mt64_ms64/seed1,runs/task1_2/online/routeb_global_inducing_mt64_ms64/seed1/result.json,runs/task1_2/online/routeb_global_inducing_mt64_ms64/seed1/predictions.npz,,True,0.11200137212085658,-0.7410211837329475,0.9695,0.090589849395795,4.798639688640833,0.007193755358457565,164.10693359375,202.0,,5.664192199707031,2,20,30,10,0.15626355877631506,0.010315842926502228,2,Task2,runs/task1_2/online/routeb_global_inducing_mt64_ms64/seed1/blocks.csv,,0.7315,0.9325,0.983,0.00624147430062294,6.152316927909851e-06,0.5140613628271328,164.10693359375,5939336,torch,cuda,float64,cuda
short,online,routeb_global_inducing_mt64_ms64,routeb_global_inducing_mt64_ms64,1,complete,runs/task1_2/online/routeb_global_inducing_mt64_ms64/seed1,runs/task1_2/online/routeb_global_inducing_mt64_ms64/seed1/result.json,runs/task1_2/online/routeb_global_inducing_mt64_ms64/seed1/predictions.npz,,True,0.10951627257338374,-0.739698121606627,0.9635,0.090589849395795,4.798639688640833,0.007167726755142212,164.10693359375,202.0,,5.664192199707031,3,30,40,10,0.15757101293786308,0.010276071727275848,3,Task2,runs/task1_2/online/routeb_global_inducing_mt64_ms64/seed1/blocks.csv,,0.7665,0.935,0.9805,0.003013797104358673,5.925074219703674e-06,0.5183625042665229,164.10693359375,5939336,torch,cuda,float64,cuda
short,online,routeb_global_inducing_mt64_ms64,routeb_global_inducing_mt64_ms64,1,complete,runs/task1_2/online/routeb_global_inducing_mt64_ms64/seed1,runs/task1_2/online/routeb_global_inducing_mt64_ms64/seed1/result.json,runs/task1_2/online/routeb_global_inducing_mt64_ms64/seed1/predictions.npz,,True,0.10028757886320612,-0.7782472848247648,0.9825,0.090589849395795,4.798639688640833,0.007181435823440552,164.10693359375,202.0,,5.664192199707031,4,40,50,10,0.1587071990613794,0.010266439989209175,4,Task2,runs/task1_2/online/routeb_global_inducing_mt64_ms64/seed1/blocks.csv,,0.7595,0.9575,0.992,0.0026339497417211533,5.817040801048279e-06,0.5221002239988383,164.10693359375,5939336,torch,cuda,float64,cuda
short,online,routeb_global_inducing_mt64_ms64,routeb_global_inducing_mt64_ms64,1,complete,runs/task1_2/online/routeb_global_inducing_mt64_ms64/seed1,runs/task1_2/online/routeb_global_inducing_mt64_ms64/seed1/result.json,runs/task1_2/online/routeb_global_inducing_mt64_ms64/seed1/predictions.npz,,True,0.06846885270412333,-0.8974013981793362,0.9985,0.090589849395795,4.798639688640833,0.0071750301867723465,164.10693359375,202.0,,5.664192199707031,5,50,60,10,0.1541546143324499,0.010282201692461967,5,Task2,runs/task1_2/online/routeb_global_inducing_mt64_ms64/seed1/blocks.csv,,0.868,0.9915,0.9995,0.002594558522105217,5.748122930526733e-06,0.5071235529920712,164.10693359375,5939336,torch,cuda,float64,cuda
short,online,routeb_global_inducing_mt64_ms64,routeb_global_inducing_mt64_ms64,1,complete,runs/task1_2/online/routeb_global_inducing_mt64_ms64/seed1,runs/task1_2/online/routeb_global_inducing_mt64_ms64/seed1/result.json,runs/task1_2/online/routeb_global_inducing_mt64_ms64/seed1/predictions.npz,,True,0.0780194012523024,-0.8277846584272954,0.998,0.090589849395795,4.798639688640833,0.0071788206696510315,164.10693359375,202.0,,5.664192199707031,6,60,70,10,0.1606279950402443,0.010297005996108055,6,Task2,runs/task1_2/online/routeb_global_inducing_mt64_ms64/seed1/blocks.csv,,0.853,0.9855,0.999,0.002733442932367325,5.714595317840576e-06,0.5284190804637778,164.10693359375,5939336,torch,cuda,float64,cuda
short,online,routeb_global_inducing_mt64_ms64,routeb_global_inducing_mt64_ms64,1,complete,runs/task1_2/online/routeb_global_inducing_mt64_ms64/seed1,runs/task1_2/online/routeb_global_inducing_mt64_ms64/seed1/result.json,runs/task1_2/online/routeb_global_inducing_mt64_ms64/seed1/predictions.npz,,True,0.08183109929868139,-0.8392691815431911,0.9935,0.090589849395795,4.798639688640833,0.00719955749809742,164.10693359375,202.0,,5.664192199707031,7,70,80,10,0.15567568721151565,0.010284887626767159,7,Task2,runs/task1_2/online/routeb_global_inducing_mt64_ms64/seed1/blocks.csv,,0.819,0.975,0.9975,0.0028476864099502563,7.441267371177673e-06,0.5121274374760488,164.10693359375,5939336,torch,cuda,float64,cuda
short,online,routeb_global_inducing_mt64_ms64,routeb_global_inducing_mt64_ms64,1,complete,runs/task1_2/online/routeb_global_inducing_mt64_ms64/seed1,runs/task1_2/online/routeb_global_inducing_mt64_ms64/seed1/result.json,runs/task1_2/online/routeb_global_inducing_mt64_ms64/seed1/predictions.npz,,True,0.08098027560385113,-0.8219218167045854,0.989,0.090589849395795,4.798639688640833,0.007238246500492096,164.10693359375,202.0,,5.664192199707031,8,80,90,10,0.15782085718940952,0.01036251150071621,8,Task2,runs/task1_2/online/routeb_global_inducing_mt64_ms64/seed1/blocks.csv,,0.825,0.969,0.9935,0.0026967283338308334,4.280358552932739e-06,0.5191844187131812,164.10693359375,5939336,torch,cuda,float64,cuda
short,online,routeb_global_inducing_mt64_ms64,routeb_global_inducing_mt64_ms64,1,complete,runs/task1_2/online/routeb_global_inducing_mt64_ms64/seed1,runs/task1_2/online/routeb_global_inducing_mt64_ms64/seed1/result.json,runs/task1_2/online/routeb_global_inducing_mt64_ms64/seed1/predictions.npz,,True,0.10113182219680428,-0.7590859683007141,0.9755,0.090589849395795,4.798639688640833,0.007227066904306412,164.10693359375,202.0,,5.664192199707031,9,90,100,10,0.15829290266376808,0.010323923081159592,9,Task2,runs/task1_2/online/routeb_global_inducing_mt64_ms64/seed1/blocks.csv,,0.765,0.9435,0.988,0.0027328208088874817,4.0102750062942505e-06,0.5207373101343505,164.10693359375,5939336,torch,cuda,float64,cuda
short,online,routeb_global_inducing_mt64_ms64,routeb_global_inducing_mt64_ms64,1,complete,runs/task1_2/online/routeb_global_inducing_mt64_ms64/seed1,runs/task1_2/online/routeb_global_inducing_mt64_ms64/seed1/result.json,runs/task1_2/online/routeb_global_inducing_mt64_ms64/seed1/predictions.npz,,True,0.0825658491343604,-0.850568639709553,0.988,0.090589849395795,4.798639688640833,0.007255503907799721,164.10693359375,202.0,,5.664192199707031,10,100,110,10,0.1546983672574035,0.010318050161004066,10,Task2,runs/task1_2/online/routeb_global_inducing_mt64_ms64/seed1/blocks.csv,,0.8435,0.97,0.993,0.0027150455862283707,4.036352038383484e-06,0.508912340933622,164.10693359375,5939336,torch,cuda,float64,cuda
short,online,routeb_global_inducing_mt64_ms64,routeb_global_inducing_mt64_ms64,1,complete,runs/task1_2/online/routeb_global_inducing_mt64_ms64/seed1,runs/task1_2/online/routeb_global_inducing_mt64_ms64/seed1/result.json,runs/task1_2/online/routeb_global_inducing_mt64_ms64/seed1/predictions.npz,,True,0.09826086901876643,-0.7347963848229235,0.979,0.090589849395795,4.798639688640833,0.007263315841555595,164.10693359375,202.0,,5.664192199707031,11,110,120,10,0.1607678062806077,0.010350363329052925,11,Task2,runs/task1_2/online/routeb_global_inducing_mt64_ms64/seed1/blocks.csv,,0.7545,0.9385,0.989,0.002655450254678726,4.328787326812744e-06,0.5288790185153784,164.10693359375,5939336,torch,cuda,float64,cuda
short,online,routeb_global_inducing_mt64_ms64,routeb_global_inducing_mt64_ms64,1,complete,runs/task1_2/online/routeb_global_inducing_mt64_ms64/seed1,runs/task1_2/online/routeb_global_inducing_mt64_ms64/seed1/result.json,runs/task1_2/online/routeb_global_inducing_mt64_ms64/seed1/predictions.npz,,True,0.13473546262745226,-0.553218713901881,0.925,0.090589849395795,4.798639688640833,0.007296815514564514,164.10693359375,202.0,,5.664192199707031,12,120,130,10,0.1550673533234264,0.01034713163971901,12,Task2,runs/task1_2/online/routeb_global_inducing_mt64_ms64/seed1/blocks.csv,,0.6045,0.8655,0.96,0.0028091687709093094,3.809109330177307e-06,0.5101261970716066,164.10693359375,5939336,torch,cuda,float64,cuda
short,online,routeb_global_inducing_mt64_ms64,routeb_global_inducing_mt64_ms64,1,complete,runs/task1_2/online/routeb_global_inducing_mt64_ms64/seed1,runs/task1_2/online/routeb_global_inducing_mt64_ms64/seed1/result.json,runs/task1_2/online/routeb_global_inducing_mt64_ms64/seed1/predictions.npz,,True,0.13000957814674075,-0.5907968479369281,0.935,0.090589849395795,4.798639688640833,0.0072584375739097595,164.10693359375,202.0,,5.664192199707031,13,130,140,10,0.15809320376259683,0.010366261005401611,13,Task2,runs/task1_2/online/routeb_global_inducing_mt64_ms64/seed1/blocks.csv,,0.6405,0.8765,0.965,0.003228304907679558,4.498288035392761e-06,0.520080359210571,164.10693359375,5939336,torch,cuda,float64,cuda
short,online,routeb_global_inducing_mt64_ms64,routeb_global_inducing_mt64_ms64,1,complete,runs/task1_2/online/routeb_global_inducing_mt64_ms64/seed1,runs/task1_2/online/routeb_global_inducing_mt64_ms64/seed1/result.json,runs/task1_2/online/routeb_global_inducing_mt64_ms64/seed1/predictions.npz,,True,0.09953979274064292,-0.7609439269271959,0.9785,0.090589849395795,4.798639688640833,0.006928460672497749,164.10693359375,202.0,,5.664192199707031,14,140,150,10,0.1579749955495689,0.010358219966292381,14,Task2,runs/task1_2/online/routeb_global_inducing_mt64_ms64/seed1/blocks.csv,,0.755,0.943,0.9895,0.0029703713953495026,4.217028617858887e-06,0.5196914887947022,164.10693359375,5939336,torch,cuda,float64,cuda
short,online,routeb_global_inducing_mt64_ms64,routeb_global_inducing_mt64_ms64,1,complete,runs/task1_2/online/routeb_global_inducing_mt64_ms64/seed1,runs/task1_2/online/routeb_global_inducing_mt64_ms64/seed1/result.json,runs/task1_2/online/routeb_global_inducing_mt64_ms64/seed1/predictions.npz,,True,0.11009864738396276,-0.7176604820767123,0.9665,0.090589849395795,4.798639688640833,0.006782796233892441,164.10693359375,202.0,,5.664192199707031,15,150,160,10,0.15530879172187875,0.009660804644227028,15,Task2,runs/task1_2/online/routeb_global_inducing_mt64_ms64/seed1/blocks.csv,,0.6855,0.918,0.986,0.002795269712805748,4.187226295471191e-06,0.510920458722366,164.10693359375,5939336,torch,cuda,float64,cuda
short,online,routeb_global_inducing_mt64_ms64,routeb_global_inducing_mt64_ms64,1,complete,runs/task1_2/online/routeb_global_inducing_mt64_ms64/seed1,runs/task1_2/online/routeb_global_inducing_mt64_ms64/seed1/result.json,runs/task1_2/online/routeb_global_inducing_mt64_ms64/seed1/predictions.npz,,True,0.10340065330545005,-0.726991457505959,0.9775,0.090589849395795,4.798639688640833,0.0068048518151044846,164.10693359375,202.0,,5.664192199707031,16,160,170,10,0.16072918545278161,0.009692912921309471,16,Task2,runs/task1_2/online/routeb_global_inducing_mt64_ms64/seed1/blocks.csv,,0.7265,0.94,0.9925,0.002949737012386322,4.51505184173584e-06,0.5287519672979272,164.10693359375,5939336,torch,cuda,float64,cuda
short,online,routeb_global_inducing_mt64_ms64,routeb_global_inducing_mt64_ms64,1,complete,runs/task1_2/online/routeb_global_inducing_mt64_ms64/seed1,runs/task1_2/online/routeb_global_inducing_mt64_ms64/seed1/result.json,runs/task1_2/online/routeb_global_inducing_mt64_ms64/seed1/predictions.npz,,True,0.0838704958253747,-0.8408427951445088,0.9925,0.090589849395795,4.798639688640833,0.006787830963730812,164.10693359375,202.0,,5.664192199707031,17,170,180,10,0.15446829736960024,0.00967477634549141,17,Task2,runs/task1_2/online/routeb_global_inducing_mt64_ms64/seed1/blocks.csv,,0.799,0.9665,0.9975,0.0027919914573431015,4.380941390991211e-06,0.5081554783548111,164.10693359375,5939336,torch,cuda,float64,cuda
short,online,routeb_global_inducing_mt64_ms64,routeb_global_inducing_mt64_ms64,1,complete,runs/task1_2/online/routeb_global_inducing_mt64_ms64/seed1,runs/task1_2/online/routeb_global_inducing_mt64_ms64/seed1/result.json,runs/task1_2/online/routeb_global_inducing_mt64_ms64/seed1/predictions.npz,,True,0.090589849395795,-0.801564891168505,0.9858333333333333,0.090589849395795,4.798639688640833,0.005801456049084663,164.10693359375,202.0,,5.664192199707031,18,180,186,6,0.15788538375297687,0.009094718843698502,18,Task2,runs/task1_2/online/routeb_global_inducing_mt64_ms64/seed1/blocks.csv,,0.7741666666666667,0.9633333333333334,0.9958333333333333,0.0017762929201126099,4.634261131286621e-06,0.519396692217418,164.10693359375,5939336,torch,cuda,float64,cuda
short,online,routeb_global_inducing_mt64_ms64,routeb_global_inducing_mt64_ms64,2,complete,runs/task1_2/online/routeb_global_inducing_mt64_ms64/seed2,runs/task1_2/online/routeb_global_inducing_mt64_ms64/seed2/result.json,runs/task1_2/online/routeb_global_inducing_mt64_ms64/seed2/predictions.npz,,True,0.07136440230166279,-0.8769802796722811,0.991,0.08346293031019371,4.882145227864385,0.0910539086908102,164.10693359375,202.0,,5.664192199707031,0,0,10,10,0.15144470245563454,0.03724387288093567,0,Task2,runs/task1_2/online/routeb_global_inducing_mt64_ms64/seed2/blocks.csv,,0.841,0.974,0.9965,0.004267243668437004,2.709762144833803,0.49820873623347395,164.10693359375,5939336,torch,cuda,float64,cuda
short,online,routeb_global_inducing_mt64_ms64,routeb_global_inducing_mt64_ms64,2,complete,runs/task1_2/online/routeb_global_inducing_mt64_ms64/seed2,runs/task1_2/online/routeb_global_inducing_mt64_ms64/seed2/result.json,runs/task1_2/online/routeb_global_inducing_mt64_ms64/seed2/predictions.npz,,True,0.08550553367347884,-0.8228121326610089,0.994,0.08346293031019371,4.882145227864385,0.0077217575162649155,164.10693359375,202.0,,5.664192199707031,1,10,20,10,0.15653901076292914,0.011982245370745659,1,Task2,runs/task1_2/online/routeb_global_inducing_mt64_ms64/seed2/blocks.csv,,0.8135,0.971,0.996,0.008902523666620255,9.728595614433289e-06,0.514967519225599,164.10693359375,5939336,torch,cuda,float64,cuda
short,online,routeb_global_inducing_mt64_ms64,routeb_global_inducing_mt64_ms64,2,complete,runs/task1_2/online/routeb_global_inducing_mt64_ms64/seed2,runs/task1_2/online/routeb_global_inducing_mt64_ms64/seed2/result.json,runs/task1_2/online/routeb_global_inducing_mt64_ms64/seed2/predictions.npz,,True,0.10901130219817227,-0.7550530987530873,0.965,0.08346293031019371,4.882145227864385,0.007279047742486,164.10693359375,202.0,,5.664192199707031,2,20,30,10,0.152763695543749,0.010378986597061157,2,Task2,runs/task1_2/online/routeb_global_inducing_mt64_ms64/seed2/blocks.csv,,0.7465,0.93,0.9835,0.006704190745949745,7.78399407863617e-06,0.5025478373632919,164.10693359375,5939336,torch,cuda,float64,cuda
short,online,routeb_global_inducing_mt64_ms64,routeb_global_inducing_mt64_ms64,2,complete,runs/task1_2/online/routeb_global_inducing_mt64_ms64/seed2,runs/task1_2/online/routeb_global_inducing_mt64_ms64/seed2/result.json,runs/task1_2/online/routeb_global_inducing_mt64_ms64/seed2/predictions.npz,,True,0.10118795469345292,-0.7830106755237896,0.9695,0.08346293031019371,4.882145227864385,0.007270844653248787,164.10693359375,202.0,,5.664192199707031,3,30,40,10,0.15398317159933658,0.010373027995228767,3,Task2,runs/task1_2/online/routeb_global_inducing_mt64_ms64/seed2/blocks.csv,,0.784,0.937,0.9825,0.006177959963679314,6.619840860366821e-06,0.5065595565893193,164.10693359375,5939336,torch,cuda,float64,cuda
short,online,routeb_global_inducing_mt64_ms64,routeb_global_inducing_mt64_ms64,2,complete,runs/task1_2/online/routeb_global_inducing_mt64_ms64/seed2,runs/task1_2/online/routeb_global_inducing_mt64_ms64/seed2/result.json,runs/task1_2/online/routeb_global_inducing_mt64_ms64/seed2/predictions.npz,,True,0.09510690931127683,-0.786070019599995,0.985,0.08346293031019371,4.882145227864385,0.007280183956027031,164.10693359375,202.0,,5.664192199707031,4,40,50,10,0.15505487042138122,0.010411147028207779,4,Task2,runs/task1_2/online/routeb_global_inducing_mt64_ms64/seed2/blocks.csv,,0.732,0.9575,0.9945,0.0034563951194286346,6.625428795814514e-06,0.5100851319781989,164.10693359375,5939336,torch,cuda,float64,cuda
short,online,routeb_global_inducing_mt64_ms64,routeb_global_inducing_mt64_ms64,2,complete,runs/task1_2/online/routeb_global_inducing_mt64_ms64/seed2,runs/task1_2/online/routeb_global_inducing_mt64_ms64/seed2/result.json,runs/task1_2/online/routeb_global_inducing_mt64_ms64/seed2/predictions.npz,,True,0.08008446742332721,-0.8712505019141604,0.9875,0.08346293031019371,4.882145227864385,0.007235608994960785,164.10693359375,202.0,,5.664192199707031,5,50,60,10,0.1508851199033226,0.010368319228291512,5,Task2,runs/task1_2/online/routeb_global_inducing_mt64_ms64/seed2/blocks.csv,,0.826,0.968,0.9965,0.0033420324325561523,5.9586018323898315e-06,0.4963678734519759,164.10693359375,5939336,torch,cuda,float64,cuda
short,online,routeb_global_inducing_mt64_ms64,routeb_global_inducing_mt64_ms64,2,complete,runs/task1_2/online/routeb_global_inducing_mt64_ms64/seed2,runs/task1_2/online/routeb_global_inducing_mt64_ms64/seed2/result.json,runs/task1_2/online/routeb_global_inducing_mt64_ms64/seed2/predictions.npz,,True,0.08411358714161711,-0.8192852076926401,0.993,0.08346293031019371,4.882145227864385,0.00723891519010067,164.10693359375,202.0,,5.664192199707031,6,60,70,10,0.15676428825305022,0.010362114757299423,6,Task2,runs/task1_2/online/routeb_global_inducing_mt64_ms64/seed2/blocks.csv,,0.7935,0.9685,0.998,0.003050968050956726,5.435198545455933e-06,0.5157086162189914,164.10693359375,5939336,torch,cuda,float64,cuda
short,online,routeb_global_inducing_mt64_ms64,routeb_global_inducing_mt64_ms64,2,complete,runs/task1_2/online/routeb_global_inducing_mt64_ms64/seed2,runs/task1_2/online/routeb_global_inducing_mt64_ms64/seed2/result.json,runs/task1_2/online/routeb_global_inducing_mt64_ms64/seed2/predictions.npz,,True,0.08513676367249343,-0.8486023634371996,0.9895,0.08346293031019371,4.882145227864385,0.007242197170853615,164.10693359375,202.0,,5.664192199707031,7,70,80,10,0.1522312137641592,0.010351510718464851,7,Task2,runs/task1_2/online/routeb_global_inducing_mt64_ms64/seed2/blocks.csv,,0.8,0.9725,0.997,0.002868153154850006,7.6107680797576904e-06,0.5007961281904043,164.10693359375,5939336,torch,cuda,float64,cuda
short,online,routeb_global_inducing_mt64_ms64,routeb_global_inducing_mt64_ms64,2,complete,runs/task1_2/online/routeb_global_inducing_mt64_ms64/seed2,runs/task1_2/online/routeb_global_inducing_mt64_ms64/seed2/result.json,runs/task1_2/online/routeb_global_inducing_mt64_ms64/seed2/predictions.npz,,True,0.08089087899566373,-0.8413920364716826,0.9895,0.08346293031019371,4.882145227864385,0.007291704416275024,164.10693359375,202.0,,5.664192199707031,8,80,90,10,0.154225782908359,0.01039329543709755,8,Task2,runs/task1_2/online/routeb_global_inducing_mt64_ms64/seed2/blocks.csv,,0.8125,0.9735,0.996,0.0028146840631961823,4.665926098823547e-06,0.5073576767724893,164.10693359375,5939336,torch,cuda,float64,cuda
short,online,routeb_global_inducing_mt64_ms64,routeb_global_inducing_mt64_ms64,2,complete,runs/task1_2/online/routeb_global_inducing_mt64_ms64/seed2,runs/task1_2/online/routeb_global_inducing_mt64_ms64/seed2/result.json,runs/task1_2/online/routeb_global_inducing_mt64_ms64/seed2/predictions.npz,,True,0.0920110050687525,-0.7984695045860717,0.984,0.08346293031019371,4.882145227864385,0.00728435255587101,164.10693359375,202.0,,5.664192199707031,9,90,100,10,0.1546750914202899,0.011694258078932762,9,Task2,runs/task1_2/online/routeb_global_inducing_mt64_ms64/seed2/blocks.csv,,0.7755,0.95,0.992,0.0030051469802856445,4.338100552558899e-06,0.5088357702434287,164.10693359375,5939336,torch,cuda,float64,cuda
short,online,routeb_global_inducing_mt64_ms64,routeb_global_inducing_mt64_ms64,2,complete,runs/task1_2/online/routeb_global_inducing_mt64_ms64/seed2,runs/task1_2/online/routeb_global_inducing_mt64_ms64/seed2/result.json,runs/task1_2/online/routeb_global_inducing_mt64_ms64/seed2/predictions.npz,,True,0.07018776927980648,-0.891112127314083,0.9945,0.08346293031019371,4.882145227864385,0.007304061204195023,164.10693359375,202.0,,5.664192199707031,10,100,110,10,0.15136328330109883,0.010397462174296379,10,Task2,runs/task1_2/online/routeb_global_inducing_mt64_ms64/seed2/blocks.csv,,0.8435,0.9825,0.997,0.003003006801009178,4.500150680541992e-06,0.4979408910501911,164.10693359375,5939336,torch,cuda,float64,cuda
short,online,routeb_global_inducing_mt64_ms64,routeb_global_inducing_mt64_ms64,2,complete,runs/task1_2/online/routeb_global_inducing_mt64_ms64/seed2,runs/task1_2/online/routeb_global_inducing_mt64_ms64/seed2/result.json,runs/task1_2/online/routeb_global_inducing_mt64_ms64/seed2/predictions.npz,,True,0.09697050222015925,-0.7517340206780532,0.982,0.08346293031019371,4.882145227864385,0.007327396422624588,164.10693359375,202.0,,5.664192199707031,11,110,120,10,0.15688796134777425,0.010420791804790497,11,Task2,runs/task1_2/online/routeb_global_inducing_mt64_ms64/seed2/blocks.csv,,0.734,0.9455,0.9905,0.0030686557292938232,4.67151403427124e-06,0.5161154644958177,164.10693359375,5939336,torch,cuda,float64,cuda
short,online,routeb_global_inducing_mt64_ms64,routeb_global_inducing_mt64_ms64,2,complete,runs/task1_2/online/routeb_global_inducing_mt64_ms64/seed2,runs/task1_2/online/routeb_global_inducing_mt64_ms64/seed2/result.json,runs/task1_2/online/routeb_global_inducing_mt64_ms64/seed2/predictions.npz,,True,0.12570662664414675,-0.6276351913704189,0.94,0.08346293031019371,4.882145227864385,0.007295504212379456,164.10693359375,202.0,,5.664192199707031,12,120,130,10,0.1516903091970305,0.01039658859372139,12,Task2,runs/task1_2/online/routeb_global_inducing_mt64_ms64/seed2/blocks.csv,,0.6155,0.8735,0.9655,0.0033277124166488647,4.820525646209717e-06,0.4990167105122518,164.10693359375,5939336,torch,cuda,float64,cuda
short,online,routeb_global_inducing_mt64_ms64,routeb_global_inducing_mt64_ms64,2,complete,runs/task1_2/online/routeb_global_inducing_mt64_ms64/seed2,runs/task1_2/online/routeb_global_inducing_mt64_ms64/seed2/result.json,runs/task1_2/online/routeb_global_inducing_mt64_ms64/seed2/predictions.npz,,True,0.12327859763005582,-0.6356332125699564,0.9365,0.08346293031019371,4.882145227864385,0.007292395457625389,164.10693359375,202.0,,5.664192199707031,13,130,140,10,0.154487326976607,0.010405326262116432,13,Task2,runs/task1_2/online/routeb_global_inducing_mt64_ms64/seed2/blocks.csv,,0.637,0.8705,0.9675,0.00302109494805336,4.764646291732788e-06,0.5082180801910201,164.10693359375,5939336,torch,cuda,float64,cuda
short,online,routeb_global_inducing_mt64_ms64,routeb_global_inducing_mt64_ms64,2,complete,runs/task1_2/online/routeb_global_inducing_mt64_ms64/seed2,runs/task1_2/online/routeb_global_inducing_mt64_ms64/seed2/result.json,runs/task1_2/online/routeb_global_inducing_mt64_ms64/seed2/predictions.npz,,True,0.09715351669814203,-0.782833904701873,0.9835,0.08346293031019371,4.882145227864385,0.0073071010410785675,164.10693359375,202.0,,5.664192199707031,14,140,150,10,0.15437505073847194,0.010377148166298866,14,Task2,runs/task1_2/online/routeb_global_inducing_mt64_ms64/seed2/blocks.csv,,0.7305,0.949,0.9915,0.0028774216771125793,4.664063453674316e-06,0.5078487242359861,164.10693359375,5939336,torch,cuda,float64,cuda
short,online,routeb_global_inducing_mt64_ms64,routeb_global_inducing_mt64_ms64,2,complete,runs/task1_2/online/routeb_global_inducing_mt64_ms64/seed2,runs/task1_2/online/routeb_global_inducing_mt64_ms64/seed2/result.json,runs/task1_2/online/routeb_global_inducing_mt64_ms64/seed2/predictions.npz,,True,0.1019406125056114,-0.7629434483062429,0.9795,0.08346293031019371,4.882145227864385,0.006828572601079941,164.10693359375,202.0,,5.664192199707031,15,150,160,10,0.151904242890999,0.010220484808087349,15,Task2,runs/task1_2/online/routeb_global_inducing_mt64_ms64/seed2/blocks.csv,,0.6995,0.929,0.99,0.002874467521905899,4.414469003677368e-06,0.49972048973715416,164.10693359375,5939336,torch,cuda,float64,cuda
short,online,routeb_global_inducing_mt64_ms64,routeb_global_inducing_mt64_ms64,2,complete,runs/task1_2/online/routeb_global_inducing_mt64_ms64/seed2,runs/task1_2/online/routeb_global_inducing_mt64_ms64/seed2/result.json,runs/task1_2/online/routeb_global_inducing_mt64_ms64/seed2/predictions.npz,,True,0.09666531719015689,-0.7715928237987935,0.984,0.08346293031019371,4.882145227864385,0.006848808377981186,164.10693359375,202.0,,5.664192199707031,16,160,170,10,0.1568534088300665,0.009698165580630302,16,Task2,runs/task1_2/online/routeb_global_inducing_mt64_ms64/seed2/blocks.csv,,0.748,0.9485,0.995,0.0028344448655843735,4.30084764957428e-06,0.5160017968276739,164.10693359375,5939336,torch,cuda,float64,cuda
short,online,routeb_global_inducing_mt64_ms64,routeb_global_inducing_mt64_ms64,2,complete,runs/task1_2/online/routeb_global_inducing_mt64_ms64/seed2,runs/task1_2/online/routeb_global_inducing_mt64_ms64/seed2/result.json,runs/task1_2/online/routeb_global_inducing_mt64_ms64/seed2/predictions.npz,,True,0.08138877797888752,-0.8629430321653101,0.9935,0.08346293031019371,4.882145227864385,0.0068687498569488525,164.10693359375,202.0,,5.664192199707031,17,170,180,10,0.1511603224077794,0.009687637910246849,17,Task2,runs/task1_2/online/routeb_global_inducing_mt64_ms64/seed2/blocks.csv,,0.812,0.97,0.997,0.002801075577735901,4.472211003303528e-06,0.4972732091271798,164.10693359375,5939336,torch,cuda,float64,cuda
short,online,routeb_global_inducing_mt64_ms64,routeb_global_inducing_mt64_ms64,2,complete,runs/task1_2/online/routeb_global_inducing_mt64_ms64/seed2,runs/task1_2/online/routeb_global_inducing_mt64_ms64/seed2/result.json,runs/task1_2/online/routeb_global_inducing_mt64_ms64/seed2/predictions.npz,,True,0.08346293031019371,-0.8171679043071335,0.985,0.08346293031019371,4.882145227864385,0.0059077199548482895,164.10693359375,202.0,,5.664192199707031,18,180,186,6,0.1543437290170969,0.011263303458690643,18,Task2,runs/task1_2/online/routeb_global_inducing_mt64_ms64/seed2/blocks.csv,,0.7841666666666667,0.9608333333333333,0.9958333333333333,0.0033994391560554504,4.76837158203125e-06,0.5077456849419739,164.10693359375,5939336,torch,cuda,float64,cuda
short,online,routeb_global_inducing_mt64_ms64,routeb_global_inducing_mt64_ms64,3,complete,runs/task1_2/online/routeb_global_inducing_mt64_ms64/seed3,runs/task1_2/online/routeb_global_inducing_mt64_ms64/seed3/result.json,runs/task1_2/online/routeb_global_inducing_mt64_ms64/seed3/predictions.npz,,True,0.0761003367568653,-0.8721305041811974,0.9925,0.08546209833681655,5.105067232623696,0.11364578455686569,164.10693359375,202.0,,5.664192199707031,0,0,10,10,0.15499722634553098,0.03826312534511089,0,Task2,runs/task1_2/online/routeb_global_inducing_mt64_ms64/seed3/blocks.csv,,0.871,0.976,0.996,0.004422631114721298,2.8567628748714924,0.5098954998437298,164.10693359375,5939336,torch,cuda,float64,cuda
short,online,routeb_global_inducing_mt64_ms64,routeb_global_inducing_mt64_ms64,3,complete,runs/task1_2/online/routeb_global_inducing_mt64_ms64/seed3,runs/task1_2/online/routeb_global_inducing_mt64_ms64/seed3/result.json,runs/task1_2/online/routeb_global_inducing_mt64_ms64/seed3/predictions.npz,,True,0.0852343174233822,-0.81949756618928,0.9855,0.08546209833681655,5.105067232623696,0.007632873952388763,164.10693359375,202.0,,5.664192199707031,1,10,20,10,0.1588274412005389,0.011115536093711853,1,Task2,runs/task1_2/online/routeb_global_inducing_mt64_ms64/seed3/blocks.csv,,0.8515,0.966,0.993,0.012369800359010696,8.944422006607056e-06,0.5224957854362563,164.10693359375,5939336,torch,cuda,float64,cuda
short,online,routeb_global_inducing_mt64_ms64,routeb_global_inducing_mt64_ms64,3,complete,runs/task1_2/online/routeb_global_inducing_mt64_ms64/seed3,runs/task1_2/online/routeb_global_inducing_mt64_ms64/seed3/result.json,runs/task1_2/online/routeb_global_inducing_mt64_ms64/seed3/predictions.npz,,True,0.09933781246261252,-0.7700856969784977,0.97,0.08546209833681655,5.105067232623696,0.007356371730566025,164.10693359375,202.0,,5.664192199707031,2,20,30,10,0.1558390552811107,0.010659819468855858,2,Task2,runs/task1_2/online/routeb_global_inducing_mt64_ms64/seed3/blocks.csv,,0.7725,0.953,0.9815,0.009593863040208817,8.061528205871582e-06,0.5126648705996517,164.10693359375,5939336,torch,cuda,float64,cuda
short,online,routeb_global_inducing_mt64_ms64,routeb_global_inducing_mt64_ms64,3,complete,runs/task1_2/online/routeb_global_inducing_mt64_ms64/seed3,runs/task1_2/online/routeb_global_inducing_mt64_ms64/seed3/result.json,runs/task1_2/online/routeb_global_inducing_mt64_ms64/seed3/predictions.npz,,True,0.1011164213973298,-0.7820084637209512,0.9755,0.08546209833681655,5.105067232623696,0.007260609418153763,164.10693359375,202.0,,5.664192199707031,3,30,40,10,0.15683194487953842,0.01045161671936512,3,Task2,runs/task1_2/online/routeb_global_inducing_mt64_ms64/seed3/blocks.csv,,0.7885,0.9535,0.9845,0.0054132696241140366,7.363036274909973e-06,0.5159311867139241,164.10693359375,5939336,torch,cuda,float64,cuda
short,online,routeb_global_inducing_mt64_ms64,routeb_global_inducing_mt64_ms64,3,complete,runs/task1_2/online/routeb_global_inducing_mt64_ms64/seed3,runs/task1_2/online/routeb_global_inducing_mt64_ms64/seed3/result.json,runs/task1_2/online/routeb_global_inducing_mt64_ms64/seed3/predictions.npz,,True,0.09233447729507467,-0.7964421134112861,0.9795,0.08546209833681655,5.105067232623696,0.0071954261511564255,164.10693359375,202.0,,5.664192199707031,4,40,50,10,0.15772787925832896,0.010363588109612465,4,Task2,runs/task1_2/online/routeb_global_inducing_mt64_ms64/seed3/blocks.csv,,0.793,0.9545,0.992,0.004058949649333954,6.750226020812988e-06,0.5188785485388525,164.10693359375,5939336,torch,cuda,float64,cuda
short,online,routeb_global_inducing_mt64_ms64,routeb_global_inducing_mt64_ms64,3,complete,runs/task1_2/online/routeb_global_inducing_mt64_ms64/seed3,runs/task1_2/online/routeb_global_inducing_mt64_ms64/seed3/result.json,runs/task1_2/online/routeb_global_inducing_mt64_ms64/seed3/predictions.npz,,True,0.07276099001552155,-0.8688614614565778,0.995,0.08546209833681655,5.105067232623696,0.00717545673251152,164.10693359375,202.0,,5.664192199707031,5,50,60,10,0.1544793838506299,0.010323740541934967,5,Task2,runs/task1_2/online/routeb_global_inducing_mt64_ms64/seed3/blocks.csv,,0.838,0.9795,0.998,0.0034164171665906906,6.0927122831344604e-06,0.5081919496318745,164.10693359375,5939336,torch,cuda,float64,cuda
short,online,routeb_global_inducing_mt64_ms64,routeb_global_inducing_mt64_ms64,3,complete,runs/task1_2/online/routeb_global_inducing_mt64_ms64/seed3,runs/task1_2/online/routeb_global_inducing_mt64_ms64/seed3/result.json,runs/task1_2/online/routeb_global_inducing_mt64_ms64/seed3/predictions.npz,,True,0.07736503597111104,-0.8369993456645441,0.9965,0.08546209833681655,5.105067232623696,0.007155952975153923,164.10693359375,202.0,,5.664192199707031,6,60,70,10,0.1589665921795106,0.010287689045071602,6,Task2,runs/task1_2/online/routeb_global_inducing_mt64_ms64/seed3/blocks.csv,,0.837,0.988,1.0,0.0031761527061462402,5.504116415977478e-06,0.5229535514211672,164.10693359375,5939336,torch,cuda,float64,cuda
short,online,routeb_global_inducing_mt64_ms64,routeb_global_inducing_mt64_ms64,3,complete,runs/task1_2/online/routeb_global_inducing_mt64_ms64/seed3,runs/task1_2/online/routeb_global_inducing_mt64_ms64/seed3/result.json,runs/task1_2/online/routeb_global_inducing_mt64_ms64/seed3/predictions.npz,,True,0.08058586591977528,-0.8660073886423296,0.9965,0.08546209833681655,5.105067232623696,0.007170632481575012,164.10693359375,202.0,,5.664192199707031,7,70,80,10,0.15543900706539404,0.01034933514893055,7,Task2,runs/task1_2/online/routeb_global_inducing_mt64_ms64/seed3/blocks.csv,,0.853,0.978,0.998,0.0031126458197832108,7.361173629760742e-06,0.5113488290824977,164.10693359375,5939336,torch,cuda,float64,cuda
short,online,routeb_global_inducing_mt64_ms64,routeb_global_inducing_mt64_ms64,3,complete,runs/task1_2/online/routeb_global_inducing_mt64_ms64/seed3,runs/task1_2/online/routeb_global_inducing_mt64_ms64/seed3/result.json,runs/task1_2/online/routeb_global_inducing_mt64_ms64/seed3/predictions.npz,,True,0.07911892289030911,-0.8558600654568039,0.995,0.08546209833681655,5.105067232623696,0.007206261157989502,164.10693359375,202.0,,5.664192199707031,8,80,90,10,0.15704542153211817,0.010349007323384285,8,Task2,runs/task1_2/online/routeb_global_inducing_mt64_ms64/seed3/blocks.csv,,0.8545,0.9825,0.998,0.0031172819435596466,4.12575900554657e-06,0.5166334624064549,164.10693359375,5939336,torch,cuda,float64,cuda
short,online,routeb_global_inducing_mt64_ms64,routeb_global_inducing_mt64_ms64,3,complete,runs/task1_2/online/routeb_global_inducing_mt64_ms64/seed3,runs/task1_2/online/routeb_global_inducing_mt64_ms64/seed3/result.json,runs/task1_2/online/routeb_global_inducing_mt64_ms64/seed3/predictions.npz,,True,0.08782863484642382,-0.8137920996683683,0.988,0.08546209833681655,5.105067232623696,0.0072114113718271255,164.10693359375,202.0,,5.664192199707031,9,90,100,10,0.15742808384408505,0.010351812466979027,9,Task2,runs/task1_2/online/routeb_global_inducing_mt64_ms64/seed3/blocks.csv,,0.796,0.968,0.995,0.003024863079190254,4.131346940994263e-06,0.5178923093899275,164.10693359375,5939336,torch,cuda,float64,cuda
short,online,routeb_global_inducing_mt64_ms64,routeb_global_inducing_mt64_ms64,3,complete,runs/task1_2/online/routeb_global_inducing_mt64_ms64/seed3,runs/task1_2/online/routeb_global_inducing_mt64_ms64/seed3/result.json,runs/task1_2/online/routeb_global_inducing_mt64_ms64/seed3/predictions.npz,,True,0.07566153556836219,-0.8710661934462236,0.993,0.08546209833681655,5.105067232623696,0.007224526256322861,164.10693359375,202.0,,5.664192199707031,10,100,110,10,0.15481488369380023,0.010349845513701439,10,Task2,runs/task1_2/online/routeb_global_inducing_mt64_ms64/seed3/blocks.csv,,0.8555,0.9775,0.9985,0.003024175763130188,3.8016587495803833e-06,0.5092956458996353,164.10693359375,5939336,torch,cuda,float64,cuda
short,online,routeb_global_inducing_mt64_ms64,routeb_global_inducing_mt64_ms64,3,complete,runs/task1_2/online/routeb_global_inducing_mt64_ms64/seed3,runs/task1_2/online/routeb_global_inducing_mt64_ms64/seed3/result.json,runs/task1_2/online/routeb_global_inducing_mt64_ms64/seed3/predictions.npz,,True,0.10191596457588842,-0.7567674626407284,0.98,0.08546209833681655,5.105067232623696,0.007261959835886955,164.10693359375,202.0,,5.664192199707031,11,110,120,10,0.1590546552237479,0.010364718735218048,11,Task2,runs/task1_2/online/routeb_global_inducing_mt64_ms64/seed3/blocks.csv,,0.7435,0.951,0.993,0.002808908000588417,4.3995678424835205e-06,0.5232432530565954,164.10693359375,5939336,torch,cuda,float64,cuda
short,online,routeb_global_inducing_mt64_ms64,routeb_global_inducing_mt64_ms64,3,complete,runs/task1_2/online/routeb_global_inducing_mt64_ms64/seed3,runs/task1_2/online/routeb_global_inducing_mt64_ms64/seed3/result.json,runs/task1_2/online/routeb_global_inducing_mt64_ms64/seed3/predictions.npz,,True,0.13536765638694193,-0.6149248603875638,0.9375,0.08546209833681655,5.105067232623696,0.007259266451001167,164.10693359375,202.0,,5.664192199707031,12,120,130,10,0.15504846237061726,0.010356951504945755,12,Task2,runs/task1_2/online/routeb_global_inducing_mt64_ms64/seed3/blocks.csv,,0.6105,0.869,0.9695,0.0027508363127708435,3.8389116525650024e-06,0.5100640513671173,164.10693359375,5939336,torch,cuda,float64,cuda
short,online,routeb_global_inducing_mt64_ms64,routeb_global_inducing_mt64_ms64,3,complete,runs/task1_2/online/routeb_global_inducing_mt64_ms64/seed3,runs/task1_2/online/routeb_global_inducing_mt64_ms64/seed3/result.json,runs/task1_2/online/routeb_global_inducing_mt64_ms64/seed3/predictions.npz,,True,0.12350540058747246,-0.6351713228807174,0.94,0.08546209833681655,5.105067232623696,0.007331898435950279,164.10693359375,202.0,,5.664192199707031,13,130,140,10,0.1572736403576772,0.010445889085531235,13,Task2,runs/task1_2/online/routeb_global_inducing_mt64_ms64/seed3/blocks.csv,,0.6525,0.887,0.9665,0.0033714864403009415,3.896653652191162e-06,0.5173842355323737,164.10693359375,5939336,torch,cuda,float64,cuda
short,online,routeb_global_inducing_mt64_ms64,routeb_global_inducing_mt64_ms64,3,complete,runs/task1_2/online/routeb_global_inducing_mt64_ms64/seed3,runs/task1_2/online/routeb_global_inducing_mt64_ms64/seed3/result.json,runs/task1_2/online/routeb_global_inducing_mt64_ms64/seed3/predictions.npz,,True,0.09064871255495531,-0.8001032810806284,0.9875,0.08546209833681655,5.105067232623696,0.006847379729151726,164.10693359375,202.0,,5.664192199707031,14,140,150,10,0.1571777169357303,0.010367026552557945,14,Task2,runs/task1_2/online/routeb_global_inducing_mt64_ms64/seed3/blocks.csv,,0.7645,0.9635,0.9985,0.004261143505573273,4.727393388748169e-06,0.5170686755553756,164.10693359375,5939336,torch,cuda,float64,cuda
short,online,routeb_global_inducing_mt64_ms64,routeb_global_inducing_mt64_ms64,3,complete,runs/task1_2/online/routeb_global_inducing_mt64_ms64/seed3,runs/task1_2/online/routeb_global_inducing_mt64_ms64/seed3/result.json,runs/task1_2/online/routeb_global_inducing_mt64_ms64/seed3/predictions.npz,,True,0.10276230551307731,-0.7564841221194964,0.976,0.08546209833681655,5.105067232623696,0.006895584985613823,164.10693359375,202.0,,5.664192199707031,15,150,160,10,0.15520205680895233,0.009726988151669502,15,Task2,runs/task1_2/online/routeb_global_inducing_mt64_ms64/seed3/blocks.csv,,0.716,0.935,0.988,0.003372594714164734,3.887340426445007e-06,0.5105693321050674,164.10693359375,5939336,torch,cuda,float64,cuda
short,online,routeb_global_inducing_mt64_ms64,routeb_global_inducing_mt64_ms64,3,complete,runs/task1_2/online/routeb_global_inducing_mt64_ms64/seed3,runs/task1_2/online/routeb_global_inducing_mt64_ms64/seed3/result.json,runs/task1_2/online/routeb_global_inducing_mt64_ms64/seed3/predictions.npz,,True,0.0963003018368453,-0.7563971750323863,0.9805,0.08546209833681655,5.105067232623696,0.007189763709902763,164.10693359375,202.0,,5.664192199707031,16,160,170,10,0.1590293048831373,0.010044343769550323,16,Task2,runs/task1_2/online/routeb_global_inducing_mt64_ms64/seed3/blocks.csv,,0.741,0.9485,0.9925,0.00553148053586483,6.6980719566345215e-06,0.5231598578571998,164.10693359375,5939336,torch,cuda,float64,cuda
short,online,routeb_global_inducing_mt64_ms64,routeb_global_inducing_mt64_ms64,3,complete,runs/task1_2/online/routeb_global_inducing_mt64_ms64/seed3,runs/task1_2/online/routeb_global_inducing_mt64_ms64/seed3/result.json,runs/task1_2/online/routeb_global_inducing_mt64_ms64/seed3/predictions.npz,,True,0.07877323732792714,-0.8506873927401244,0.9885,0.08546209833681655,5.105067232623696,0.0069573186337947845,164.10693359375,202.0,,5.664192199707031,17,170,180,10,0.15467034713380984,0.009801885113120079,17,Task2,runs/task1_2/online/routeb_global_inducing_mt64_ms64/seed3/blocks.csv,,0.8195,0.9715,0.996,0.005924232304096222,7.711350917816162e-06,0.5088201629297806,164.10693359375,5939336,torch,cuda,float64,cuda
short,online,routeb_global_inducing_mt64_ms64,routeb_global_inducing_mt64_ms64,3,complete,runs/task1_2/online/routeb_global_inducing_mt64_ms64/seed3,runs/task1_2/online/routeb_global_inducing_mt64_ms64/seed3/result.json,runs/task1_2/online/routeb_global_inducing_mt64_ms64/seed3/predictions.npz,,True,0.08546209833681655,-0.8111788012376551,0.9891666666666666,0.08546209833681655,5.105067232623696,0.006772715598344803,164.10693359375,202.0,,5.664192199707031,18,180,186,6,0.15723585023201014,0.011042183265089989,18,Task2,runs/task1_2/online/routeb_global_inducing_mt64_ms64/seed3/blocks.csv,,0.7891666666666667,0.9683333333333334,0.9933333333333333,0.0031426381319761276,5.835667252540588e-06,0.5172599170818407,164.10693359375,5939336,torch,cuda,float64,cuda
short,online,routeb_global_inducing_mt64_ms64,routeb_global_inducing_mt64_ms64,4,complete,runs/task1_2/online/routeb_global_inducing_mt64_ms64/seed4,runs/task1_2/online/routeb_global_inducing_mt64_ms64/seed4/result.json,runs/task1_2/online/routeb_global_inducing_mt64_ms64/seed4/predictions.npz,,True,0.08432594025582313,-0.8192801587228331,0.983,0.09006018026377434,5.069380113855004,0.10716043040156364,164.10693359375,202.0,,5.664192199707031,0,0,10,10,0.15860656159273812,0.04277525469660759,0,Task2,runs/task1_2/online/routeb_global_inducing_mt64_ms64/seed4/blocks.csv,,0.82,0.9595,0.992,0.004135880619287491,2.8276871647685766,0.5217691561882345,164.10693359375,5939336,torch,cuda,float64,cuda
short,online,routeb_global_inducing_mt64_ms64,routeb_global_inducing_mt64_ms64,4,complete,runs/task1_2/online/routeb_global_inducing_mt64_ms64/seed4,runs/task1_2/online/routeb_global_inducing_mt64_ms64/seed4/result.json,runs/task1_2/online/routeb_global_inducing_mt64_ms64/seed4/predictions.npz,,True,0.10255569522547739,-0.7574100989237289,0.976,0.09006018026377434,5.069380113855004,0.007847530767321587,164.10693359375,202.0,,5.664192199707031,1,10,20,10,0.16363414988979288,0.011376367881894112,1,Task2,runs/task1_2/online/routeb_global_inducing_mt64_ms64/seed4/blocks.csv,,0.8,0.9475,0.991,0.010275907814502716,1.9945204257965088e-05,0.5383084498786934,164.10693359375,5939336,torch,cuda,float64,cuda
short,online,routeb_global_inducing_mt64_ms64,routeb_global_inducing_mt64_ms64,4,complete,runs/task1_2/online/routeb_global_inducing_mt64_ms64/seed4,runs/task1_2/online/routeb_global_inducing_mt64_ms64/seed4/result.json,runs/task1_2/online/routeb_global_inducing_mt64_ms64/seed4/predictions.npz,,True,0.1381123455307515,-0.6771519380682587,0.9605,0.09006018026377434,5.069380113855004,0.007267840206623077,164.10693359375,202.0,,5.664192199707031,2,20,30,10,0.15994392712601824,0.010401913896203041,2,Task2,runs/task1_2/online/routeb_global_inducing_mt64_ms64/seed4/blocks.csv,,0.7255,0.92,0.9745,0.008656298741698265,6.277114152908325e-06,0.5261686972841861,164.10693359375,5939336,torch,cuda,float64,cuda
short,online,routeb_global_inducing_mt64_ms64,routeb_global_inducing_mt64_ms64,4,complete,runs/task1_2/online/routeb_global_inducing_mt64_ms64/seed4,runs/task1_2/online/routeb_global_inducing_mt64_ms64/seed4/result.json,runs/task1_2/online/routeb_global_inducing_mt64_ms64/seed4/predictions.npz,,True,0.13325829092680708,-0.6546135085758021,0.9475,0.09006018026377434,5.069380113855004,0.00725804828107357,164.10693359375,202.0,,5.664192199707031,3,30,40,10,0.16112669637741545,0.010307339951395988,3,Task2,runs/task1_2/online/routeb_global_inducing_mt64_ms64/seed4/blocks.csv,,0.7435,0.911,0.97,0.00389300100505352,6.355345249176025e-06,0.5300596618702009,164.10693359375,5939336,torch,cuda,float64,cuda
short,online,routeb_global_inducing_mt64_ms64,routeb_global_inducing_mt64_ms64,4,complete,runs/task1_2/online/routeb_global_inducing_mt64_ms64/seed4,runs/task1_2/online/routeb_global_inducing_mt64_ms64/seed4/result.json,runs/task1_2/online/routeb_global_inducing_mt64_ms64/seed4/predictions.npz,,True,0.10554102901478361,-0.7388328394267918,0.9785,0.09006018026377434,5.069380113855004,0.00944679044187069,164.10693359375,202.0,,5.664192199707031,4,40,50,10,0.1621570457528378,0.010358830913901329,4,Task2,runs/task1_2/online/routeb_global_inducing_mt64_ms64/seed4/blocks.csv,,0.7465,0.943,0.9895,0.0033075381070375443,5.805864930152893e-06,0.533449209684582,164.10693359375,5939336,torch,cuda,float64,cuda
short,online,routeb_global_inducing_mt64_ms64,routeb_global_inducing_mt64_ms64,4,complete,runs/task1_2/online/routeb_global_inducing_mt64_ms64/seed4,runs/task1_2/online/routeb_global_inducing_mt64_ms64/seed4/result.json,runs/task1_2/online/routeb_global_inducing_mt64_ms64/seed4/predictions.npz,,True,0.06905492814415704,-0.8709916672392951,0.9955,0.09006018026377434,5.069380113855004,0.0072512514889240265,164.10693359375,202.0,,5.664192199707031,5,50,60,10,0.15807734420019467,0.010339474305510521,5,Task2,runs/task1_2/online/routeb_global_inducing_mt64_ms64/seed4/blocks.csv,,0.87,0.9885,0.9985,0.0032522473484277725,6.588175892829895e-06,0.520028185893093,164.10693359375,5939336,torch,cuda,float64,cuda
short,online,routeb_global_inducing_mt64_ms64,routeb_global_inducing_mt64_ms64,4,complete,runs/task1_2/online/routeb_global_inducing_mt64_ms64/seed4,runs/task1_2/online/routeb_global_inducing_mt64_ms64/seed4/result.json,runs/task1_2/online/routeb_global_inducing_mt64_ms64/seed4/predictions.npz,,True,0.08565304092447551,-0.796267996771244,0.996,0.09006018026377434,5.069380113855004,0.00713159516453743,164.10693359375,202.0,,5.664192199707031,6,60,70,10,0.1638589743051078,0.010257160291075706,6,Task2,runs/task1_2/online/routeb_global_inducing_mt64_ms64/seed4/blocks.csv,,0.8075,0.976,0.999,0.003192216157913208,5.675479769706726e-06,0.5390480563886092,164.10693359375,5939336,torch,cuda,float64,cuda
short,online,routeb_global_inducing_mt64_ms64,routeb_global_inducing_mt64_ms64,4,complete,runs/task1_2/online/routeb_global_inducing_mt64_ms64/seed4,runs/task1_2/online/routeb_global_inducing_mt64_ms64/seed4/result.json,runs/task1_2/online/routeb_global_inducing_mt64_ms64/seed4/predictions.npz,,True,0.09025133517665583,-0.8175229733097419,0.99,0.09006018026377434,5.069380113855004,0.007159831002354622,164.10693359375,202.0,,5.664192199707031,7,70,80,10,0.15941909598410423,0.010205252096056938,7,Task2,runs/task1_2/online/routeb_global_inducing_mt64_ms64/seed4/blocks.csv,,0.804,0.971,0.9975,0.0031520072370767593,7.791444659233093e-06,0.5244421564695574,164.10693359375,5939336,torch,cuda,float64,cuda
short,online,routeb_global_inducing_mt64_ms64,routeb_global_inducing_mt64_ms64,4,complete,runs/task1_2/online/routeb_global_inducing_mt64_ms64/seed4,runs/task1_2/online/routeb_global_inducing_mt64_ms64/seed4/result.json,runs/task1_2/online/routeb_global_inducing_mt64_ms64/seed4/predictions.npz,,True,0.1016958954774014,-0.7788335418350887,0.98,0.09006018026377434,5.069380113855004,0.0071992818266153336,164.10693359375,202.0,,5.664192199707031,8,80,90,10,0.16135360061036244,0.010264519602060318,8,Task2,runs/task1_2/online/routeb_global_inducing_mt64_ms64/seed4/blocks.csv,,0.7915,0.9605,0.989,0.0031697172671556473,4.688277840614319e-06,0.5308061103712679,164.10693359375,5939336,torch,cuda,float64,cuda
short,online,routeb_global_inducing_mt64_ms64,routeb_global_inducing_mt64_ms64,4,complete,runs/task1_2/online/routeb_global_inducing_mt64_ms64/seed4,runs/task1_2/online/routeb_global_inducing_mt64_ms64/seed4/result.json,runs/task1_2/online/routeb_global_inducing_mt64_ms64/seed4/predictions.npz,,True,0.10952760794362172,-0.7229693578513184,0.9755,0.09006018026377434,5.069380113855004,0.007200222462415695,164.10693359375,202.0,,5.664192199707031,9,90,100,10,0.16178384021150868,0.010232975706458092,9,Task2,runs/task1_2/online/routeb_global_inducing_mt64_ms64/seed4/blocks.csv,,0.7525,0.9415,0.9845,0.003163505345582962,5.016103386878967e-06,0.532221472708075,164.10693359375,5939336,torch,cuda,float64,cuda
short,online,routeb_global_inducing_mt64_ms64,routeb_global_inducing_mt64_ms64,4,complete,runs/task1_2/online/routeb_global_inducing_mt64_ms64/seed4,runs/task1_2/online/routeb_global_inducing_mt64_ms64/seed4/result.json,runs/task1_2/online/routeb_global_inducing_mt64_ms64/seed4/predictions.npz,,True,0.08322071505987468,-0.8225821225911261,0.9865,0.09006018026377434,5.069380113855004,0.0071878451853990555,164.10693359375,202.0,,5.664192199707031,10,100,110,10,0.15855546055009723,0.010228816419839859,10,Task2,runs/task1_2/online/routeb_global_inducing_mt64_ms64/seed4/blocks.csv,,0.838,0.967,0.9925,0.0030753538012504578,4.591420292854309e-06,0.521601048717577,164.10693359375,5939336,torch,cuda,float64,cuda
short,online,routeb_global_inducing_mt64_ms64,routeb_global_inducing_mt64_ms64,4,complete,runs/task1_2/online/routeb_global_inducing_mt64_ms64/seed4,runs/task1_2/online/routeb_global_inducing_mt64_ms64/seed4/result.json,runs/task1_2/online/routeb_global_inducing_mt64_ms64/seed4/predictions.npz,,True,0.1122980487876612,-0.7001425918804673,0.9725,0.09006018026377434,5.069380113855004,0.007265841588377953,164.10693359375,202.0,,5.664192199707031,11,110,120,10,0.16398188254055646,0.010254163295030594,11,Task2,runs/task1_2/online/routeb_global_inducing_mt64_ms64/seed4/blocks.csv,,0.6905,0.936,0.9915,0.002737017348408699,4.934147000312805e-06,0.5394523885023291,164.10693359375,5939336,torch,cuda,float64,cuda
short,online,routeb_global_inducing_mt64_ms64,routeb_global_inducing_mt64_ms64,4,complete,runs/task1_2/online/routeb_global_inducing_mt64_ms64/seed4,runs/task1_2/online/routeb_global_inducing_mt64_ms64/seed4/result.json,runs/task1_2/online/routeb_global_inducing_mt64_ms64/seed4/predictions.npz,,True,0.1430535508483558,-0.5728787159587494,0.925,0.09006018026377434,5.069380113855004,0.0071960873901844025,164.10693359375,202.0,,5.664192199707031,12,120,130,10,0.15888245951427257,0.010236436501145363,12,Task2,runs/task1_2/online/routeb_global_inducing_mt64_ms64/seed4/blocks.csv,,0.605,0.86,0.9605,0.0028058290481567383,4.63239848613739e-06,0.5226767795820433,164.10693359375,5939336,torch,cuda,float64,cuda
short,online,routeb_global_inducing_mt64_ms64,routeb_global_inducing_mt64_ms64,4,complete,runs/task1_2/online/routeb_global_inducing_mt64_ms64/seed4,runs/task1_2/online/routeb_global_inducing_mt64_ms64/seed4/result.json,runs/task1_2/online/routeb_global_inducing_mt64_ms64/seed4/predictions.npz,,True,0.12902551867399906,-0.6063500955481459,0.947,0.09006018026377434,5.069380113855004,0.007214786484837532,164.10693359375,202.0,,5.664192199707031,13,130,140,10,0.16160277896524844,0.010261503979563713,13,Task2,runs/task1_2/online/routeb_global_inducing_mt64_ms64/seed4/blocks.csv,,0.643,0.88,0.97,0.002728944644331932,4.384666681289673e-06,0.5316258342128519,164.10693359375,5939336,torch,cuda,float64,cuda
short,online,routeb_global_inducing_mt64_ms64,routeb_global_inducing_mt64_ms64,4,complete,runs/task1_2/online/routeb_global_inducing_mt64_ms64/seed4,runs/task1_2/online/routeb_global_inducing_mt64_ms64/seed4/result.json,runs/task1_2/online/routeb_global_inducing_mt64_ms64/seed4/predictions.npz,,True,0.10920366469284606,-0.7344699707003994,0.9745,0.09006018026377434,5.069380113855004,0.007838120684027672,164.10693359375,202.0,,5.664192199707031,14,140,150,10,0.16149489447565352,0.010275904089212418,14,Task2,runs/task1_2/online/routeb_global_inducing_mt64_ms64/seed4/blocks.csv,,0.74,0.9415,0.9905,0.0029166582971811295,4.064291715621948e-06,0.531270925824848,164.10693359375,5939336,torch,cuda,float64,cuda
short,online,routeb_global_inducing_mt64_ms64,routeb_global_inducing_mt64_ms64,4,complete,runs/task1_2/online/routeb_global_inducing_mt64_ms64/seed4,runs/task1_2/online/routeb_global_inducing_mt64_ms64/seed4/result.json,runs/task1_2/online/routeb_global_inducing_mt64_ms64/seed4/predictions.npz,,True,0.11071235719008983,-0.7183188985199686,0.973,0.09006018026377434,5.069380113855004,0.006978265941143036,164.10693359375,202.0,,5.664192199707031,15,150,160,10,0.15909450503817954,0.010267270728945732,15,Task2,runs/task1_2/online/routeb_global_inducing_mt64_ms64/seed4/blocks.csv,,0.6885,0.9235,0.989,0.006164185702800751,1.6162171959877014e-05,0.5233743472801977,164.10693359375,5939336,torch,cuda,float64,cuda
short,online,routeb_global_inducing_mt64_ms64,routeb_global_inducing_mt64_ms64,4,complete,runs/task1_2/online/routeb_global_inducing_mt64_ms64/seed4,runs/task1_2/online/routeb_global_inducing_mt64_ms64/seed4/result.json,runs/task1_2/online/routeb_global_inducing_mt64_ms64/seed4/predictions.npz,,True,0.10582589040322425,-0.7121073967063992,0.9755,0.09006018026377434,5.069380113855004,0.006833516061306,164.10693359375,202.0,,5.664192199707031,16,160,170,10,0.16394740460398669,0.009722284972667694,16,Task2,runs/task1_2/online/routeb_global_inducing_mt64_ms64/seed4/blocks.csv,,0.718,0.9355,0.99,0.0031220484524965286,4.217028617858887e-06,0.5393389661842961,164.10693359375,5939336,torch,cuda,float64,cuda
short,online,routeb_global_inducing_mt64_ms64,routeb_global_inducing_mt64_ms64,4,complete,runs/task1_2/online/routeb_global_inducing_mt64_ms64/seed4,runs/task1_2/online/routeb_global_inducing_mt64_ms64/seed4/result.json,runs/task1_2/online/routeb_global_inducing_mt64_ms64/seed4/predictions.npz,,True,0.08273499516979876,-0.8256944526897805,0.989,0.09006018026377434,5.069380113855004,0.006816191598773003,164.10693359375,202.0,,5.664192199707031,17,170,180,10,0.15835288742109915,0.009701434522867203,17,Task2,runs/task1_2/online/routeb_global_inducing_mt64_ms64/seed4/blocks.csv,,0.817,0.973,0.9935,0.0029485318809747696,4.235655069351196e-06,0.5209346424256662,164.10693359375,5939336,torch,cuda,float64,cuda
short,online,routeb_global_inducing_mt64_ms64,routeb_global_inducing_mt64_ms64,4,complete,runs/task1_2/online/routeb_global_inducing_mt64_ms64/seed4,runs/task1_2/online/routeb_global_inducing_mt64_ms64/seed4/result.json,runs/task1_2/online/routeb_global_inducing_mt64_ms64/seed4/predictions.npz,,True,0.09006018026377434,-0.7830379141336967,0.9875,0.09006018026377434,5.069380113855004,0.00589623861014843,164.10693359375,202.0,,5.664192199707031,18,180,186,6,0.1614293919169532,0.009135527536273003,18,Task2,runs/task1_2/online/routeb_global_inducing_mt64_ms64/seed4/blocks.csv,,0.7716666666666666,0.9583333333333334,0.9958333333333333,0.0020820889621973038,4.5765191316604614e-06,0.5310554415823424,164.10693359375,5939336,torch,cuda,float64,cuda
